# FRONT piece boundary — closed 3D loop on the shell surface; coordinates mm, x lateral (+ wearer's left), y front-to-back (+ front), z height above waist
# piece split at the SOLVED armhole theta = +-102.9660 deg
segment,theta_deg,x_mm,y_mm,z_mm
neckline edge,-102.9660,-133.235,-13.589,180.601
neckline edge,-102.8801,-133.310,-13.407,180.635
neckline edge,-102.7943,-133.384,-13.224,180.670
neckline edge,-102.7084,-133.459,-13.041,180.705
neckline edge,-102.6226,-133.533,-12.858,180.740
neckline edge,-102.5368,-133.607,-12.675,180.775
neckline edge,-102.4509,-133.680,-12.492,180.810
neckline edge,-102.3651,-133.754,-12.308,180.845
neckline edge,-102.2792,-133.827,-12.125,180.881
neckline edge,-102.1934,-133.900,-11.941,180.916
neckline edge,-102.1076,-133.972,-11.757,180.952
neckline edge,-102.0217,-134.045,-11.574,180.988
neckline edge,-101.9359,-134.117,-11.390,181.024
neckline edge,-101.8500,-134.189,-11.206,181.061
neckline edge,-101.7642,-134.261,-11.023,181.097
neckline edge,-101.6784,-134.333,-10.839,181.134
neckline edge,-101.5925,-134.405,-10.655,181.171
neckline edge,-101.5067,-134.476,-10.471,181.208
neckline edge,-101.4208,-134.547,-10.287,181.245
neckline edge,-101.3350,-134.619,-10.103,181.283
neckline edge,-101.2491,-134.690,-9.919,181.321
neckline edge,-101.1633,-134.760,-9.734,181.359
neckline edge,-101.0775,-134.831,-9.550,181.397
neckline edge,-100.9916,-134.902,-9.365,181.435
neckline edge,-100.9058,-134.972,-9.181,181.474
neckline edge,-100.8199,-135.042,-8.996,181.513
neckline edge,-100.7341,-135.112,-8.812,181.552
neckline edge,-100.6483,-135.182,-8.627,181.591
neckline edge,-100.5624,-135.252,-8.443,181.631
neckline edge,-100.4766,-135.322,-8.258,181.671
neckline edge,-100.3907,-135.392,-8.074,181.711
neckline edge,-100.3049,-135.461,-7.889,181.751
neckline edge,-100.2191,-135.531,-7.704,181.792
neckline edge,-100.1332,-135.600,-7.519,181.833
neckline edge,-100.0474,-135.670,-7.334,181.874
neckline edge,-99.9615,-135.739,-7.149,181.915
neckline edge,-99.8757,-135.808,-6.964,181.957
neckline edge,-99.7899,-135.878,-6.779,181.999
neckline edge,-99.7040,-135.947,-6.594,182.042
neckline edge,-99.6182,-136.016,-6.409,182.084
neckline edge,-99.5323,-136.085,-6.224,182.127
neckline edge,-99.4465,-136.154,-6.040,182.171
neckline edge,-99.3607,-136.223,-5.855,182.214
neckline edge,-99.2748,-136.292,-5.670,182.258
neckline edge,-99.1890,-136.361,-5.485,182.303
neckline edge,-99.1031,-136.430,-5.299,182.347
neckline edge,-99.0173,-136.499,-5.114,182.392
neckline edge,-98.9314,-136.567,-4.929,182.438
neckline edge,-98.8456,-136.636,-4.744,182.483
neckline edge,-98.7598,-136.705,-4.558,182.529
neckline edge,-98.6739,-136.774,-4.373,182.576
neckline edge,-98.5881,-136.843,-4.188,182.623
neckline edge,-98.5022,-136.912,-4.003,182.670
neckline edge,-98.4164,-136.981,-3.818,182.717
neckline edge,-98.3306,-137.050,-3.633,182.765
neckline edge,-98.2447,-137.119,-3.448,182.813
neckline edge,-98.1589,-137.188,-3.263,182.862
neckline edge,-98.0730,-137.257,-3.078,182.911
neckline edge,-97.9872,-137.326,-2.893,182.961
neckline edge,-97.9014,-137.396,-2.708,183.010
neckline edge,-97.8155,-137.465,-2.522,183.061
neckline edge,-97.7297,-137.534,-2.337,183.111
neckline edge,-97.6438,-137.604,-2.153,183.162
neckline edge,-97.5580,-137.673,-1.968,183.214
neckline edge,-97.4722,-137.743,-1.783,183.266
neckline edge,-97.3863,-137.813,-1.598,183.318
neckline edge,-97.3005,-137.883,-1.413,183.371
neckline edge,-97.2146,-137.953,-1.228,183.425
neckline edge,-97.1288,-138.023,-1.043,183.478
neckline edge,-97.0430,-138.093,-0.858,183.532
neckline edge,-96.9571,-138.163,-0.673,183.587
neckline edge,-96.8713,-138.233,-0.489,183.642
neckline edge,-96.7854,-138.304,-0.304,183.698
neckline edge,-96.6996,-138.375,-0.120,183.754
neckline edge,-96.6137,-138.446,0.064,183.810
neckline edge,-96.5279,-138.516,0.249,183.867
neckline edge,-96.4421,-138.588,0.433,183.925
neckline edge,-96.3562,-138.659,0.618,183.983
neckline edge,-96.2704,-138.730,0.802,184.041
neckline edge,-96.1845,-138.802,0.987,184.100
neckline edge,-96.0987,-138.874,1.171,184.160
neckline edge,-96.0129,-138.946,1.355,184.220
neckline edge,-95.9270,-139.018,1.539,184.281
neckline edge,-95.8412,-139.090,1.723,184.342
neckline edge,-95.7553,-139.162,1.907,184.403
neckline edge,-95.6695,-139.235,2.091,184.465
neckline edge,-95.5837,-139.308,2.274,184.528
neckline edge,-95.4978,-139.381,2.458,184.591
neckline edge,-95.4120,-139.454,2.642,184.655
neckline edge,-95.3261,-139.528,2.825,184.719
neckline edge,-95.2403,-139.602,3.008,184.784
neckline edge,-95.1545,-139.676,3.192,184.850
neckline edge,-95.0686,-139.750,3.375,184.916
neckline edge,-94.9828,-139.824,3.558,184.982
neckline edge,-94.8969,-139.899,3.741,185.050
neckline edge,-94.8111,-139.974,3.924,185.117
neckline edge,-94.7253,-140.049,4.107,185.186
neckline edge,-94.6394,-140.124,4.290,185.255
neckline edge,-94.5536,-140.200,4.472,185.324
neckline edge,-94.4677,-140.276,4.654,185.394
neckline edge,-94.3819,-140.352,4.837,185.465
neckline edge,-94.2960,-140.428,5.019,185.536
neckline edge,-94.2102,-140.505,5.201,185.608
neckline edge,-94.1244,-140.581,5.384,185.681
neckline edge,-94.0385,-140.659,5.565,185.754
neckline edge,-93.9527,-140.736,5.747,185.828
neckline edge,-93.8668,-140.814,5.928,185.902
neckline edge,-93.7810,-140.892,6.109,185.978
neckline edge,-93.6952,-140.970,6.291,186.053
neckline edge,-93.6093,-141.049,6.472,186.130
neckline edge,-93.5235,-141.128,6.653,186.207
neckline edge,-93.4376,-141.207,6.834,186.285
neckline edge,-93.3518,-141.286,7.014,186.363
neckline edge,-93.2660,-141.366,7.195,186.442
neckline edge,-93.1801,-141.446,7.375,186.522
neckline edge,-93.0943,-141.526,7.555,186.602
neckline edge,-93.0084,-141.607,7.736,186.684
neckline edge,-92.9226,-141.688,7.915,186.765
neckline edge,-92.8368,-141.769,8.095,186.848
neckline edge,-92.7509,-141.851,8.274,186.931
neckline edge,-92.6651,-141.933,8.453,187.015
neckline edge,-92.5792,-142.015,8.632,187.100
neckline edge,-92.4934,-142.098,8.812,187.185
neckline edge,-92.4076,-142.180,8.990,187.271
neckline edge,-92.3217,-142.264,9.168,187.358
neckline edge,-92.2359,-142.347,9.347,187.446
neckline edge,-92.1500,-142.431,9.525,187.534
neckline edge,-92.0642,-142.515,9.702,187.623
neckline edge,-91.9783,-142.599,9.880,187.713
neckline edge,-91.8925,-142.684,10.058,187.803
neckline edge,-91.8067,-142.769,10.235,187.894
neckline edge,-91.7208,-142.855,10.411,187.987
neckline edge,-91.6350,-142.940,10.588,188.079
neckline edge,-91.5491,-143.026,10.765,188.173
neckline edge,-91.4633,-143.113,10.941,188.267
neckline edge,-91.3775,-143.199,11.117,188.362
neckline edge,-91.2916,-143.286,11.292,188.458
neckline edge,-91.2058,-143.374,11.468,188.555
neckline edge,-91.1199,-143.461,11.643,188.653
neckline edge,-91.0341,-143.549,11.818,188.751
neckline edge,-90.9483,-143.637,11.993,188.850
neckline edge,-90.8624,-143.726,12.167,188.950
neckline edge,-90.7766,-143.815,12.341,189.051
neckline edge,-90.6907,-143.904,12.515,189.152
neckline edge,-90.6049,-143.993,12.689,189.255
neckline edge,-90.5191,-144.083,12.862,189.358
neckline edge,-90.4332,-144.173,13.035,189.462
neckline edge,-90.3474,-144.263,13.207,189.567
neckline edge,-90.2615,-144.354,13.380,189.673
neckline edge,-90.1757,-144.444,13.552,189.779
neckline edge,-90.0899,-144.536,13.723,189.887
neckline edge,-90.0040,-144.627,13.895,189.995
neckline edge,-89.9182,-144.728,14.064,190.112
neckline edge,-89.8323,-144.850,14.229,190.247
neckline edge,-89.7465,-144.992,14.389,190.400
neckline edge,-89.6606,-145.153,14.545,190.570
neckline edge,-89.5748,-145.334,14.696,190.758
neckline edge,-89.4890,-145.533,14.843,190.963
neckline edge,-89.4031,-145.750,14.985,191.184
neckline edge,-89.3173,-145.984,15.123,191.421
neckline edge,-89.2314,-146.234,15.256,191.674
neckline edge,-89.1456,-146.500,15.385,191.944
neckline edge,-89.0598,-146.780,15.508,192.228
neckline edge,-88.9739,-147.075,15.627,192.528
neckline edge,-88.8881,-147.382,15.741,192.842
neckline edge,-88.8022,-147.702,15.849,193.171
neckline edge,-88.7164,-148.032,15.953,193.514
neckline edge,-88.6306,-148.373,16.052,193.872
neckline edge,-88.5447,-148.723,16.145,194.242
neckline edge,-88.4589,-149.080,16.233,194.627
neckline edge,-88.3730,-149.444,16.316,195.024
neckline edge,-88.2872,-149.814,16.394,195.434
neckline edge,-88.2014,-150.187,16.466,195.856
neckline edge,-88.1155,-150.563,16.534,196.291
neckline edge,-88.0297,-150.941,16.595,196.737
neckline edge,-87.9438,-151.318,16.652,197.195
neckline edge,-87.8580,-151.693,16.703,197.665
neckline edge,-87.7722,-152.065,16.749,198.145
neckline edge,-87.6863,-152.432,16.790,198.636
neckline edge,-87.6005,-152.793,16.826,199.138
neckline edge,-87.5146,-153.145,16.856,199.649
neckline edge,-87.4288,-153.486,16.881,200.170
neckline edge,-87.3429,-153.816,16.902,200.701
neckline edge,-87.2571,-154.131,16.917,201.241
neckline edge,-87.1713,-154.431,16.928,201.790
neckline edge,-87.0854,-154.712,16.934,202.348
neckline edge,-86.9996,-154.973,16.935,202.914
neckline edge,-86.9137,-155.218,16.932,203.488
neckline edge,-86.8279,-155.465,16.925,204.069
neckline edge,-86.7421,-155.719,16.913,204.658
neckline edge,-86.6562,-155.979,16.898,205.255
neckline edge,-86.5704,-156.246,16.879,205.858
neckline edge,-86.4845,-156.517,16.856,206.467
neckline edge,-86.3987,-156.794,16.831,207.083
neckline edge,-86.3129,-157.074,16.803,207.705
neckline edge,-86.2270,-157.358,16.773,208.333
neckline edge,-86.1412,-157.644,16.741,208.965
neckline edge,-86.0553,-157.932,16.707,209.603
neckline edge,-85.9695,-158.221,16.673,210.246
neckline edge,-85.8837,-158.510,16.638,210.893
neckline edge,-85.7978,-158.799,16.602,211.545
neckline edge,-85.7120,-159.086,16.567,212.200
neckline edge,-85.6261,-159.371,16.532,212.859
neckline edge,-85.5403,-159.654,16.499,213.521
neckline edge,-85.4545,-159.932,16.466,214.187
neckline edge,-85.3686,-160.206,16.436,214.854
neckline edge,-85.2828,-160.475,16.407,215.525
neckline edge,-85.1969,-160.738,16.381,216.197
neckline edge,-85.1111,-160.993,16.358,216.872
neckline edge,-85.0252,-161.242,16.338,217.547
neckline edge,-84.9394,-161.482,16.321,218.225
neckline edge,-84.8536,-161.713,16.308,218.903
neckline edge,-84.7677,-161.935,16.300,219.581
neckline edge,-84.6819,-162.146,16.295,220.260
neckline edge,-84.5960,-162.347,16.295,220.939
neckline edge,-84.5102,-162.536,16.300,221.618
neckline edge,-84.4244,-162.714,16.310,222.296
neckline edge,-84.3385,-162.880,16.325,222.974
neckline edge,-84.2527,-163.033,16.345,223.650
neckline edge,-84.1668,-163.173,16.371,224.325
neckline edge,-84.0810,-163.300,16.402,224.998
neckline edge,-83.9952,-163.413,16.439,225.669
neckline edge,-83.9093,-163.512,16.481,226.338
neckline edge,-83.8235,-163.598,16.529,227.004
neckline edge,-83.7376,-163.669,16.582,227.668
neckline edge,-83.6518,-163.726,16.641,228.328
neckline edge,-83.5660,-163.769,16.706,228.984
neckline edge,-83.4801,-163.798,16.776,229.637
neckline edge,-83.3943,-163.812,16.851,230.286
neckline edge,-83.3084,-163.812,16.932,230.930
neckline edge,-83.2226,-163.799,17.018,231.570
neckline edge,-83.1368,-163.771,17.109,232.205
neckline edge,-83.0509,-163.730,17.205,232.834
neckline edge,-82.9651,-163.676,17.305,233.458
neckline edge,-82.8792,-163.608,17.411,234.076
neckline edge,-82.7934,-163.527,17.520,234.688
neckline edge,-82.7075,-163.435,17.633,235.294
neckline edge,-82.6217,-163.330,17.751,235.892
neckline edge,-82.5359,-163.213,17.873,236.484
neckline edge,-82.4500,-163.086,17.998,237.068
neckline edge,-82.3642,-162.948,18.126,237.645
neckline edge,-82.2783,-162.799,18.258,238.214
neckline edge,-82.1925,-162.641,18.393,238.774
neckline edge,-82.1067,-162.473,18.530,239.326
neckline edge,-82.0208,-162.297,18.670,239.870
neckline edge,-81.9350,-162.211,18.851,239.983
neckline edge,-81.8491,-162.153,19.045,239.959
neckline edge,-81.7633,-162.096,19.238,239.936
neckline edge,-81.6775,-162.037,19.431,239.913
neckline edge,-81.5916,-161.978,19.624,239.890
neckline edge,-81.5058,-161.919,19.817,239.867
neckline edge,-81.4199,-161.859,20.010,239.844
neckline edge,-81.3341,-161.798,20.203,239.820
neckline edge,-81.2483,-161.737,20.395,239.797
neckline edge,-81.1624,-161.675,20.587,239.774
neckline edge,-81.0766,-161.612,20.779,239.750
neckline edge,-80.9907,-161.549,20.971,239.727
neckline edge,-80.9049,-161.485,21.163,239.703
neckline edge,-80.8191,-161.421,21.354,239.680
neckline edge,-80.7332,-161.356,21.546,239.656
neckline edge,-80.6474,-161.290,21.737,239.633
neckline edge,-80.5615,-161.224,21.928,239.609
neckline edge,-80.4757,-161.157,22.118,239.586
neckline edge,-80.3898,-161.090,22.309,239.562
neckline edge,-80.3040,-161.022,22.499,239.538
neckline edge,-80.2182,-160.954,22.689,239.515
neckline edge,-80.1323,-160.885,22.879,239.491
neckline edge,-80.0465,-160.815,23.068,239.467
neckline edge,-79.9606,-160.745,23.258,239.443
neckline edge,-79.8748,-160.674,23.448,239.419
neckline edge,-79.7890,-160.602,23.637,239.396
neckline edge,-79.7031,-160.531,23.825,239.372
neckline edge,-79.6173,-160.458,24.014,239.348
neckline edge,-79.5314,-160.385,24.203,239.324
neckline edge,-79.4456,-160.311,24.391,239.300
neckline edge,-79.3598,-160.237,24.579,239.276
neckline edge,-79.2739,-160.162,24.767,239.252
neckline edge,-79.1881,-160.087,24.955,239.227
neckline edge,-79.1022,-160.011,25.142,239.203
neckline edge,-79.0164,-159.934,25.329,239.179
neckline edge,-78.9306,-159.857,25.516,239.155
neckline edge,-78.8447,-159.780,25.703,239.131
neckline edge,-78.7589,-159.701,25.890,239.107
neckline edge,-78.6730,-159.623,26.076,239.082
neckline edge,-78.5872,-159.543,26.262,239.058
neckline edge,-78.5014,-159.464,26.448,239.034
neckline edge,-78.4155,-159.383,26.634,239.009
neckline edge,-78.3297,-159.302,26.819,238.985
neckline edge,-78.2438,-159.221,27.004,238.960
neckline edge,-78.1580,-159.139,27.189,238.936
neckline edge,-78.0721,-159.056,27.374,238.911
neckline edge,-77.9863,-158.973,27.559,238.887
neckline edge,-77.9005,-158.889,27.743,238.862
neckline edge,-77.8146,-158.805,27.927,238.838
neckline edge,-77.7288,-158.720,28.111,238.813
neckline edge,-77.6429,-158.635,28.295,238.789
neckline edge,-77.5571,-158.549,28.479,238.764
neckline edge,-77.4713,-158.463,28.662,238.739
neckline edge,-77.3854,-158.376,28.845,238.714
neckline edge,-77.2996,-158.289,29.028,238.690
neckline edge,-77.2137,-158.201,29.210,238.665
neckline edge,-77.1279,-158.113,29.392,238.640
neckline edge,-77.0421,-158.024,29.574,238.615
neckline edge,-76.9562,-157.934,29.756,238.590
neckline edge,-76.8704,-157.844,29.938,238.566
neckline edge,-76.7845,-157.754,30.119,238.541
neckline edge,-76.6987,-157.663,30.300,238.516
neckline edge,-76.6129,-157.571,30.481,238.491
neckline edge,-76.5270,-157.479,30.662,238.466
neckline edge,-76.4412,-157.387,30.842,238.441
neckline edge,-76.3553,-157.294,31.022,238.416
neckline edge,-76.2695,-157.200,31.202,238.391
neckline edge,-76.1837,-157.106,31.382,238.365
neckline edge,-76.0978,-157.011,31.561,238.340
neckline edge,-76.0120,-156.916,31.740,238.315
neckline edge,-75.9261,-156.821,31.919,238.290
neckline edge,-75.8403,-156.725,32.098,238.265
neckline edge,-75.7544,-156.628,32.277,238.239
neckline edge,-75.6686,-156.531,32.455,238.214
neckline edge,-75.5828,-156.434,32.633,238.189
neckline edge,-75.4969,-156.336,32.811,238.164
neckline edge,-75.4111,-156.237,32.988,238.138
neckline edge,-75.3252,-156.138,33.165,238.113
neckline edge,-75.2394,-156.039,33.342,238.088
neckline edge,-75.1536,-155.939,33.519,238.062
neckline edge,-75.0677,-155.838,33.695,238.037
neckline edge,-74.9819,-155.737,33.872,238.011
neckline edge,-74.8960,-155.636,34.048,237.986
neckline edge,-74.8102,-155.534,34.223,237.960
neckline edge,-74.7244,-155.432,34.399,237.935
neckline edge,-74.6385,-155.329,34.574,237.909
neckline edge,-74.5527,-155.226,34.749,237.883
neckline edge,-74.4668,-155.122,34.924,237.858
neckline edge,-74.3810,-155.018,35.098,237.832
neckline edge,-74.2952,-154.913,35.273,237.807
neckline edge,-74.2093,-154.808,35.447,237.781
neckline edge,-74.1235,-154.702,35.620,237.755
neckline edge,-74.0376,-154.596,35.794,237.729
neckline edge,-73.9518,-154.490,35.967,237.704
neckline edge,-73.8660,-154.383,36.140,237.678
neckline edge,-73.7801,-154.275,36.313,237.652
neckline edge,-73.6943,-154.167,36.485,237.626
neckline edge,-73.6084,-154.059,36.657,237.600
neckline edge,-73.5226,-153.950,36.829,237.574
neckline edge,-73.4367,-153.841,37.001,237.549
neckline edge,-73.3509,-153.731,37.172,237.523
neckline edge,-73.2651,-153.621,37.343,237.497
neckline edge,-73.1792,-153.511,37.514,237.471
neckline edge,-73.0934,-153.400,37.685,237.445
neckline edge,-73.0075,-153.288,37.855,237.419
neckline edge,-72.9217,-153.176,38.025,237.393
neckline edge,-72.8359,-153.064,38.195,237.367
neckline edge,-72.7500,-152.951,38.365,237.341
neckline edge,-72.6642,-152.838,38.534,237.314
neckline edge,-72.5783,-152.724,38.703,237.288
neckline edge,-72.4925,-152.610,38.872,237.262
neckline edge,-72.4067,-152.496,39.041,237.236
neckline edge,-72.3208,-152.381,39.209,237.210
neckline edge,-72.2350,-152.265,39.377,237.184
neckline edge,-72.1491,-152.150,39.545,237.157
neckline edge,-72.0633,-152.033,39.713,237.131
neckline edge,-71.9775,-151.917,39.880,237.105
neckline edge,-71.8916,-151.800,40.047,237.079
neckline edge,-71.8058,-151.683,40.213,237.052
neckline edge,-71.7199,-151.565,40.380,237.026
neckline edge,-71.6341,-151.446,40.546,237.000
neckline edge,-71.5483,-151.328,40.712,236.973
neckline edge,-71.4624,-151.209,40.878,236.947
neckline edge,-71.3766,-151.089,41.043,236.920
neckline edge,-71.2907,-150.969,41.208,236.894
neckline edge,-71.2049,-150.849,41.373,236.868
neckline edge,-71.1190,-150.728,41.538,236.841
neckline edge,-71.0332,-150.607,41.702,236.815
neckline edge,-70.9474,-150.485,41.867,236.788
neckline edge,-70.8615,-150.363,42.031,236.762
neckline edge,-70.7757,-150.241,42.194,236.735
neckline edge,-70.6898,-150.118,42.357,236.708
neckline edge,-70.6040,-149.995,42.520,236.682
neckline edge,-70.5182,-149.872,42.684,236.655
neckline edge,-70.4323,-149.748,42.846,236.629
neckline edge,-70.3465,-149.624,43.008,236.602
neckline edge,-70.2606,-149.499,43.170,236.575
neckline edge,-70.1748,-149.374,43.332,236.549
neckline edge,-70.0890,-149.248,43.493,236.522
neckline edge,-70.0031,-149.123,43.655,236.495
neckline edge,-69.9173,-148.996,43.815,236.468
neckline edge,-69.8314,-148.870,43.976,236.442
neckline edge,-69.7456,-148.743,44.137,236.415
neckline edge,-69.6598,-148.615,44.297,236.388
neckline edge,-69.5739,-148.488,44.456,236.361
neckline edge,-69.4881,-148.360,44.616,236.335
neckline edge,-69.4022,-148.231,44.776,236.308
neckline edge,-69.3164,-148.102,44.935,236.281
neckline edge,-69.2306,-147.973,45.094,236.254
neckline edge,-69.1447,-147.843,45.252,236.227
neckline edge,-69.0589,-147.713,45.411,236.200
neckline edge,-68.9730,-147.583,45.569,236.173
neckline edge,-68.8872,-147.452,45.727,236.146
neckline edge,-68.8013,-147.321,45.884,236.119
neckline edge,-68.7155,-147.190,46.041,236.092
neckline edge,-68.6297,-147.058,46.199,236.065
neckline edge,-68.5438,-146.926,46.355,236.038
neckline edge,-68.4580,-146.793,46.511,236.011
neckline edge,-68.3721,-146.661,46.668,235.984
neckline edge,-68.2863,-146.527,46.824,235.957
neckline edge,-68.2005,-146.394,46.979,235.930
neckline edge,-68.1146,-146.260,47.135,235.903
neckline edge,-68.0288,-146.126,47.290,235.876
neckline edge,-67.9429,-145.991,47.445,235.849
neckline edge,-67.8571,-145.856,47.599,235.822
neckline edge,-67.7713,-145.721,47.754,235.795
neckline edge,-67.6854,-145.585,47.908,235.768
neckline edge,-67.5996,-145.449,48.062,235.741
neckline edge,-67.5137,-145.312,48.215,235.713
neckline edge,-67.4279,-145.176,48.369,235.686
neckline edge,-67.3421,-145.039,48.522,235.659
neckline edge,-67.2562,-144.901,48.674,235.632
neckline edge,-67.1704,-144.763,48.827,235.604
neckline edge,-67.0845,-144.625,48.979,235.577
neckline edge,-66.9987,-144.487,49.131,235.550
neckline edge,-66.9129,-144.348,49.283,235.523
neckline edge,-66.8270,-144.209,49.434,235.495
neckline edge,-66.7412,-144.070,49.586,235.468
neckline edge,-66.6553,-143.930,49.737,235.441
neckline edge,-66.5695,-143.790,49.887,235.413
neckline edge,-66.4836,-143.650,50.038,235.386
neckline edge,-66.3978,-143.509,50.188,235.359
neckline edge,-66.3120,-143.368,50.338,235.331
neckline edge,-66.2261,-143.227,50.487,235.304
neckline edge,-66.1403,-143.085,50.637,235.277
neckline edge,-66.0544,-142.943,50.786,235.249
neckline edge,-65.9686,-142.801,50.935,235.222
neckline edge,-65.8828,-142.658,51.083,235.194
neckline edge,-65.7969,-142.515,51.232,235.167
neckline edge,-65.7111,-142.372,51.380,235.140
neckline edge,-65.6252,-142.228,51.528,235.112
neckline edge,-65.5394,-142.084,51.675,235.085
neckline edge,-65.4536,-141.940,51.822,235.057
neckline edge,-65.3677,-141.796,51.969,235.030
neckline edge,-65.2819,-141.651,52.116,235.002
neckline edge,-65.1960,-141.506,52.263,234.975
neckline edge,-65.1102,-141.360,52.409,234.947
neckline edge,-65.0244,-141.215,52.555,234.920
neckline edge,-64.9385,-141.068,52.701,234.892
neckline edge,-64.8527,-140.922,52.846,234.864
neckline edge,-64.7668,-140.776,52.991,234.837
neckline edge,-64.6810,-140.629,53.136,234.809
neckline edge,-64.5952,-140.481,53.281,234.782
neckline edge,-64.5093,-140.333,53.425,234.754
neckline edge,-64.4235,-140.186,53.570,234.726
neckline edge,-64.3376,-140.038,53.713,234.699
neckline edge,-64.2518,-139.889,53.857,234.671
neckline edge,-64.1659,-139.740,54.001,234.644
neckline edge,-64.0801,-139.591,54.144,234.616
neckline edge,-63.9943,-139.442,54.287,234.588
neckline edge,-63.9084,-139.292,54.429,234.561
neckline edge,-63.8226,-139.142,54.572,234.533
neckline edge,-63.7367,-138.992,54.714,234.505
neckline edge,-63.6509,-138.842,54.856,234.478
neckline edge,-63.5651,-138.691,54.997,234.450
neckline edge,-63.4792,-138.540,55.138,234.422
neckline edge,-63.3934,-138.388,55.280,234.394
neckline edge,-63.3075,-138.237,55.420,234.367
neckline edge,-63.2217,-138.085,55.561,234.339
neckline edge,-63.1359,-137.933,55.701,234.311
neckline edge,-63.0500,-137.780,55.841,234.284
neckline edge,-62.9642,-137.627,55.981,234.256
neckline edge,-62.8783,-137.474,56.121,234.228
neckline edge,-62.7925,-137.321,56.260,234.200
neckline edge,-62.7067,-137.167,56.399,234.172
neckline edge,-62.6208,-137.013,56.538,234.145
neckline edge,-62.5350,-136.859,56.677,234.117
neckline edge,-62.4491,-136.705,56.815,234.089
neckline edge,-62.3633,-136.550,56.953,234.061
neckline edge,-62.2775,-136.395,57.091,234.033
neckline edge,-62.1916,-136.240,57.228,234.006
neckline edge,-62.1058,-136.085,57.365,233.978
neckline edge,-62.0199,-135.929,57.502,233.950
neckline edge,-61.9341,-135.773,57.639,233.922
neckline edge,-61.8482,-135.616,57.776,233.894
neckline edge,-61.7624,-135.460,57.912,233.866
neckline edge,-61.6766,-135.303,58.048,233.839
neckline edge,-61.5907,-135.146,58.184,233.811
neckline edge,-61.5049,-134.989,58.319,233.783
neckline edge,-61.4190,-134.831,58.454,233.755
neckline edge,-61.3332,-134.673,58.589,233.727
neckline edge,-61.2474,-134.515,58.724,233.699
neckline edge,-61.1615,-134.357,58.859,233.671
neckline edge,-61.0757,-134.198,58.993,233.643
neckline edge,-60.9898,-134.039,59.127,233.616
neckline edge,-60.9040,-133.880,59.261,233.588
neckline edge,-60.8182,-133.720,59.394,233.560
neckline edge,-60.7323,-133.561,59.528,233.532
neckline edge,-60.6465,-133.401,59.661,233.504
neckline edge,-60.5606,-133.241,59.793,233.476
neckline edge,-60.4748,-133.080,59.926,233.448
neckline edge,-60.3890,-132.920,60.058,233.420
neckline edge,-60.3031,-132.759,60.190,233.392
neckline edge,-60.2173,-132.598,60.322,233.364
neckline edge,-60.1314,-132.437,60.453,233.336
neckline edge,-60.0456,-132.275,60.585,233.308
neckline edge,-59.9598,-132.113,60.716,233.280
neckline edge,-59.8739,-131.951,60.846,233.252
neckline edge,-59.7881,-131.788,60.977,233.224
neckline edge,-59.7022,-131.626,61.107,233.197
neckline edge,-59.6164,-131.463,61.237,233.169
neckline edge,-59.5305,-131.300,61.367,233.141
neckline edge,-59.4447,-131.136,61.497,233.113
neckline edge,-59.3589,-130.973,61.626,233.085
neckline edge,-59.2730,-130.809,61.755,233.057
neckline edge,-59.1872,-130.645,61.884,233.029
neckline edge,-59.1013,-130.481,62.012,233.001
neckline edge,-59.0155,-130.316,62.141,232.973
neckline edge,-58.9297,-130.151,62.269,232.945
neckline edge,-58.8438,-129.986,62.397,232.917
neckline edge,-58.7580,-129.821,62.524,232.889
neckline edge,-58.6721,-129.656,62.652,232.861
neckline edge,-58.5863,-129.490,62.779,232.833
neckline edge,-58.5005,-129.324,62.906,232.805
neckline edge,-58.4146,-129.158,63.032,232.777
neckline edge,-58.3288,-128.992,63.158,232.749
neckline edge,-58.2429,-128.825,63.285,232.721
neckline edge,-58.1571,-128.658,63.411,232.693
neckline edge,-58.0713,-128.491,63.536,232.665
neckline edge,-57.9854,-128.324,63.662,232.637
neckline edge,-57.8996,-128.156,63.787,232.609
neckline edge,-57.8137,-127.989,63.912,232.581
neckline edge,-57.7279,-127.821,64.037,232.553
neckline edge,-57.6421,-127.653,64.161,232.525
neckline edge,-57.5562,-127.484,64.285,232.497
neckline edge,-57.4704,-127.316,64.409,232.469
neckline edge,-57.3845,-127.147,64.533,232.441
neckline edge,-57.2987,-126.978,64.656,232.413
neckline edge,-57.2128,-126.809,64.779,232.385
neckline edge,-57.1270,-126.639,64.902,232.357
neckline edge,-57.0412,-126.470,65.025,232.329
neckline edge,-56.9553,-126.300,65.148,232.301
neckline edge,-56.8695,-126.130,65.270,232.273
neckline edge,-56.7836,-125.960,65.391,232.245
neckline edge,-56.6978,-125.790,65.513,232.217
neckline edge,-56.6120,-125.620,65.635,232.189
neckline edge,-56.5261,-125.450,65.757,232.161
neckline edge,-56.4403,-125.280,65.880,232.133
neckline edge,-56.3544,-125.110,66.004,232.105
neckline edge,-56.2686,-124.940,66.128,232.077
neckline edge,-56.1828,-124.771,66.251,232.049
neckline edge,-56.0969,-124.603,66.375,232.021
neckline edge,-56.0111,-124.434,66.500,231.993
neckline edge,-55.9252,-124.264,66.625,231.965
neckline edge,-55.8394,-124.096,66.750,231.937
neckline edge,-55.7536,-123.928,66.875,231.909
neckline edge,-55.6677,-123.759,67.001,231.881
neckline edge,-55.5819,-123.591,67.127,231.853
neckline edge,-55.4960,-123.423,67.254,231.825
neckline edge,-55.4102,-123.256,67.380,231.798
neckline edge,-55.3244,-123.088,67.507,231.770
neckline edge,-55.2385,-122.921,67.634,231.742
neckline edge,-55.1527,-122.753,67.762,231.714
neckline edge,-55.0668,-122.586,67.889,231.686
neckline edge,-54.9810,-122.420,68.017,231.658
neckline edge,-54.8951,-122.253,68.145,231.630
neckline edge,-54.8093,-122.086,68.274,231.602
neckline edge,-54.7235,-121.919,68.403,231.574
neckline edge,-54.6376,-121.753,68.531,231.546
neckline edge,-54.5518,-121.587,68.661,231.518
neckline edge,-54.4659,-121.421,68.790,231.490
neckline edge,-54.3801,-121.254,68.920,231.462
neckline edge,-54.2943,-121.089,69.050,231.434
neckline edge,-54.2084,-120.923,69.180,231.407
neckline edge,-54.1226,-120.758,69.310,231.379
neckline edge,-54.0367,-120.592,69.441,231.351
neckline edge,-53.9509,-120.426,69.572,231.323
neckline edge,-53.8651,-120.261,69.703,231.295
neckline edge,-53.7792,-120.096,69.834,231.267
neckline edge,-53.6934,-119.931,69.966,231.239
neckline edge,-53.6075,-119.766,70.098,231.211
neckline edge,-53.5217,-119.602,70.229,231.184
neckline edge,-53.4359,-119.437,70.361,231.156
neckline edge,-53.3500,-119.273,70.494,231.128
neckline edge,-53.2642,-119.108,70.627,231.100
neckline edge,-53.1783,-118.944,70.759,231.072
neckline edge,-53.0925,-118.780,70.892,231.044
neckline edge,-53.0067,-118.616,71.025,231.017
neckline edge,-52.9208,-118.451,71.158,230.989
neckline edge,-52.8350,-118.287,71.292,230.961
neckline edge,-52.7491,-118.124,71.425,230.933
neckline edge,-52.6633,-117.960,71.559,230.906
neckline edge,-52.5775,-117.796,71.693,230.878
neckline edge,-52.4916,-117.633,71.828,230.850
neckline edge,-52.4058,-117.469,71.961,230.822
neckline edge,-52.3199,-117.306,72.096,230.794
neckline edge,-52.2341,-117.143,72.230,230.767
neckline edge,-52.1482,-116.979,72.365,230.739
neckline edge,-52.0624,-116.816,72.500,230.711
neckline edge,-51.9766,-116.654,72.635,230.684
neckline edge,-51.8907,-116.491,72.770,230.656
neckline edge,-51.8049,-116.327,72.906,230.628
neckline edge,-51.7190,-116.165,73.041,230.600
neckline edge,-51.6332,-116.002,73.177,230.573
neckline edge,-51.5474,-115.839,73.312,230.545
neckline edge,-51.4615,-115.677,73.448,230.517
neckline edge,-51.3757,-115.514,73.584,230.490
neckline edge,-51.2898,-115.351,73.720,230.462
neckline edge,-51.2040,-115.189,73.856,230.434
neckline edge,-51.1182,-115.027,73.993,230.407
neckline edge,-51.0323,-114.864,74.129,230.379
neckline edge,-50.9465,-114.702,74.266,230.352
neckline edge,-50.8606,-114.540,74.402,230.324
neckline edge,-50.7748,-114.377,74.539,230.296
neckline edge,-50.6890,-114.215,74.676,230.269
neckline edge,-50.6031,-114.053,74.813,230.241
neckline edge,-50.5173,-113.891,74.950,230.214
neckline edge,-50.4314,-113.729,75.087,230.186
neckline edge,-50.3456,-113.567,75.224,230.159
neckline edge,-50.2598,-113.404,75.362,230.131
neckline edge,-50.1739,-113.242,75.499,230.103
neckline edge,-50.0881,-113.081,75.636,230.076
neckline edge,-50.0022,-112.919,75.774,230.048
neckline edge,-49.9164,-112.756,75.911,230.021
neckline edge,-49.8305,-112.595,76.049,229.993
neckline edge,-49.7447,-112.433,76.187,229.966
neckline edge,-49.6589,-112.271,76.324,229.939
neckline edge,-49.5730,-112.109,76.462,229.911
neckline edge,-49.4872,-111.947,76.600,229.884
neckline edge,-49.4013,-111.785,76.738,229.856
neckline edge,-49.3155,-111.623,76.876,229.829
neckline edge,-49.2297,-111.461,77.014,229.801
neckline edge,-49.1438,-111.299,77.152,229.774
neckline edge,-49.0580,-111.138,77.290,229.747
neckline edge,-48.9721,-110.976,77.428,229.719
neckline edge,-48.8863,-110.814,77.566,229.692
neckline edge,-48.8005,-110.652,77.705,229.665
neckline edge,-48.7146,-110.490,77.843,229.637
neckline edge,-48.6288,-110.328,77.981,229.610
neckline edge,-48.5429,-110.166,78.119,229.583
neckline edge,-48.4571,-110.004,78.258,229.555
neckline edge,-48.3713,-109.842,78.396,229.528
neckline edge,-48.2854,-109.680,78.534,229.501
neckline edge,-48.1996,-109.519,78.672,229.474
neckline edge,-48.1137,-109.356,78.811,229.446
neckline edge,-48.0279,-109.194,78.949,229.419
neckline edge,-47.9421,-109.032,79.088,229.392
neckline edge,-47.8562,-108.870,79.226,229.365
neckline edge,-47.7704,-108.708,79.364,229.338
neckline edge,-47.6845,-108.546,79.502,229.311
neckline edge,-47.5987,-108.383,79.641,229.283
neckline edge,-47.5128,-108.221,79.779,229.256
neckline edge,-47.4270,-108.059,79.917,229.229
neckline edge,-47.3412,-107.896,80.055,229.202
neckline edge,-47.2553,-107.734,80.194,229.175
neckline edge,-47.1695,-107.571,80.332,229.148
neckline edge,-47.0836,-107.409,80.470,229.121
neckline edge,-46.9978,-107.246,80.608,229.094
neckline edge,-46.9120,-107.084,80.746,229.067
neckline edge,-46.8261,-106.921,80.884,229.040
neckline edge,-46.7403,-106.758,81.022,229.013
neckline edge,-46.6544,-106.595,81.160,228.986
neckline edge,-46.5686,-106.432,81.298,228.959
neckline edge,-46.4828,-106.269,81.436,228.932
neckline edge,-46.3969,-106.106,81.573,228.905
neckline edge,-46.3111,-105.943,81.711,228.878
neckline edge,-46.2252,-105.780,81.849,228.851
neckline edge,-46.1394,-105.617,81.986,228.824
neckline edge,-46.0536,-105.453,82.124,228.797
neckline edge,-45.9677,-105.290,82.261,228.771
neckline edge,-45.8819,-105.126,82.398,228.744
neckline edge,-45.7960,-104.963,82.536,228.717
neckline edge,-45.7102,-104.799,82.673,228.690
neckline edge,-45.6244,-104.635,82.810,228.663
neckline edge,-45.5385,-104.471,82.947,228.637
neckline edge,-45.4527,-104.307,83.084,228.610
neckline edge,-45.3668,-104.143,83.220,228.583
neckline edge,-45.2810,-103.979,83.357,228.556
neckline edge,-45.1951,-103.815,83.494,228.530
neckline edge,-45.1093,-103.650,83.630,228.503
neckline edge,-45.0235,-103.486,83.766,228.476
neckline edge,-44.9376,-103.321,83.903,228.450
neckline edge,-44.8518,-103.156,84.039,228.423
neckline edge,-44.7659,-102.992,84.175,228.397
neckline edge,-44.6801,-102.827,84.311,228.370
neckline edge,-44.5943,-102.661,84.446,228.344
neckline edge,-44.5084,-102.496,84.582,228.317
neckline edge,-44.4226,-102.331,84.717,228.290
neckline edge,-44.3367,-102.165,84.853,228.264
neckline edge,-44.2509,-102.000,84.988,228.237
neckline edge,-44.1651,-101.834,85.123,228.211
neckline edge,-44.0792,-101.668,85.258,228.185
neckline edge,-43.9934,-101.502,85.392,228.158
neckline edge,-43.9075,-101.336,85.527,228.132
neckline edge,-43.8217,-101.170,85.661,228.105
neckline edge,-43.7359,-101.003,85.795,228.079
neckline edge,-43.6500,-100.837,85.929,228.053
neckline edge,-43.5642,-100.670,86.063,228.026
neckline edge,-43.4783,-100.503,86.197,228.000
neckline edge,-43.3925,-100.336,86.330,227.974
neckline edge,-43.3067,-100.169,86.464,227.947
neckline edge,-43.2208,-100.002,86.597,227.921
neckline edge,-43.1350,-99.834,86.730,227.895
neckline edge,-43.0491,-99.667,86.862,227.869
neckline edge,-42.9633,-99.499,86.995,227.843
neckline edge,-42.8774,-99.331,87.127,227.816
neckline edge,-42.7916,-99.163,87.259,227.790
neckline edge,-42.7058,-98.994,87.391,227.764
neckline edge,-42.6199,-98.826,87.523,227.738
neckline edge,-42.5341,-98.657,87.654,227.712
neckline edge,-42.4482,-98.488,87.785,227.686
neckline edge,-42.3624,-98.320,87.916,227.660
neckline edge,-42.2766,-98.150,88.047,227.634
neckline edge,-42.1907,-97.981,88.178,227.608
neckline edge,-42.1049,-97.811,88.308,227.582
neckline edge,-42.0190,-97.642,88.438,227.556
neckline edge,-41.9332,-97.472,88.567,227.530
neckline edge,-41.8474,-97.302,88.697,227.504
neckline edge,-41.7615,-97.131,88.826,227.478
neckline edge,-41.6757,-96.961,88.955,227.453
neckline edge,-41.5898,-96.790,89.084,227.427
neckline edge,-41.5040,-96.619,89.212,227.401
neckline edge,-41.4182,-96.448,89.340,227.375
neckline edge,-41.3323,-96.277,89.468,227.349
neckline edge,-41.2465,-96.106,89.596,227.324
neckline edge,-41.1606,-95.934,89.723,227.298
neckline edge,-41.0748,-95.762,89.850,227.272
neckline edge,-40.9890,-95.590,89.976,227.247
neckline edge,-40.9031,-95.418,90.103,227.221
neckline edge,-40.8173,-95.245,90.229,227.195
neckline edge,-40.7314,-95.072,90.355,227.170
neckline edge,-40.6456,-94.899,90.480,227.144
neckline edge,-40.5597,-94.726,90.605,227.119
neckline edge,-40.4739,-94.553,90.730,227.093
neckline edge,-40.3881,-94.379,90.854,227.068
neckline edge,-40.3022,-94.205,90.978,227.042
neckline edge,-40.2164,-94.031,91.102,227.017
neckline edge,-40.1305,-93.857,91.225,226.991
neckline edge,-40.0447,-93.682,91.348,226.966
neckline edge,-39.9589,-93.507,91.471,226.941
neckline edge,-39.8730,-93.332,91.593,226.915
neckline edge,-39.7872,-93.157,91.715,226.890
neckline edge,-39.7013,-92.982,91.836,226.865
neckline edge,-39.6155,-92.806,91.957,226.840
neckline edge,-39.5297,-92.630,92.078,226.814
neckline edge,-39.4438,-92.454,92.198,226.789
neckline edge,-39.3580,-92.277,92.318,226.764
neckline edge,-39.2721,-92.101,92.438,226.739
neckline edge,-39.1863,-91.924,92.557,226.714
neckline edge,-39.1005,-91.746,92.676,226.689
neckline edge,-39.0146,-91.569,92.794,226.664
neckline edge,-38.9288,-91.391,92.912,226.638
neckline edge,-38.8429,-91.213,93.029,226.613
neckline edge,-38.7571,-91.035,93.146,226.588
neckline edge,-38.6713,-90.857,93.263,226.563
neckline edge,-38.5854,-90.678,93.379,226.539
neckline edge,-38.4996,-90.499,93.495,226.514
neckline edge,-38.4137,-90.320,93.610,226.489
neckline edge,-38.3279,-90.140,93.725,226.464
neckline edge,-38.2420,-89.961,93.839,226.439
neckline edge,-38.1562,-89.780,93.953,226.414
neckline edge,-38.0704,-89.600,94.066,226.390
neckline edge,-37.9845,-89.420,94.179,226.365
neckline edge,-37.8987,-89.239,94.291,226.340
neckline edge,-37.8128,-89.058,94.403,226.315
neckline edge,-37.7270,-88.876,94.515,226.291
neckline edge,-37.6412,-88.695,94.626,226.266
neckline edge,-37.5553,-88.513,94.736,226.242
neckline edge,-37.4695,-88.331,94.846,226.217
neckline edge,-37.3836,-88.148,94.955,226.192
neckline edge,-37.2978,-87.965,95.064,226.168
neckline edge,-37.2120,-87.782,95.172,226.143
neckline edge,-37.1261,-87.599,95.280,226.119
neckline edge,-37.0403,-87.416,95.387,226.095
neckline edge,-36.9544,-87.232,95.494,226.070
neckline edge,-36.8686,-87.048,95.600,226.046
neckline edge,-36.7828,-86.863,95.705,226.022
neckline edge,-36.6969,-86.679,95.810,225.997
neckline edge,-36.6111,-86.494,95.915,225.973
neckline edge,-36.5252,-86.308,96.018,225.949
neckline edge,-36.4394,-86.123,96.121,225.925
neckline edge,-36.3536,-85.937,96.224,225.900
neckline edge,-36.2677,-85.751,96.326,225.876
neckline edge,-36.1819,-85.565,96.428,225.852
neckline edge,-36.0960,-85.378,96.528,225.828
neckline edge,-36.0102,-85.192,96.628,225.804
neckline edge,-35.9243,-85.004,96.728,225.780
neckline edge,-35.8385,-84.817,96.827,225.756
neckline edge,-35.7527,-84.629,96.925,225.732
neckline edge,-35.6668,-84.441,97.023,225.708
neckline edge,-35.5810,-84.253,97.120,225.684
neckline edge,-35.4951,-84.064,97.216,225.660
neckline edge,-35.4093,-83.875,97.312,225.636
neckline edge,-35.3235,-83.686,97.407,225.613
neckline edge,-35.2376,-83.497,97.501,225.589
neckline edge,-35.1518,-83.307,97.595,225.565
neckline edge,-35.0659,-83.117,97.688,225.541
neckline edge,-34.9801,-82.927,97.781,225.518
neckline edge,-34.8943,-82.737,97.872,225.494
neckline edge,-34.8084,-82.546,97.963,225.471
neckline edge,-34.7226,-82.355,98.054,225.447
neckline edge,-34.6367,-82.163,98.143,225.423
neckline edge,-34.5509,-81.972,98.232,225.400
neckline edge,-34.4651,-81.780,98.320,225.376
neckline edge,-34.3792,-81.588,98.408,225.353
neckline edge,-34.2934,-81.395,98.494,225.330
neckline edge,-34.2075,-81.203,98.580,225.306
neckline edge,-34.1217,-81.010,98.666,225.283
neckline edge,-34.0359,-80.817,98.750,225.260
neckline edge,-33.9500,-80.623,98.834,225.236
neckline edge,-33.8642,-80.430,98.917,225.213
neckline edge,-33.7783,-80.236,98.999,225.190
neckline edge,-33.6925,-80.041,99.081,225.167
neckline edge,-33.6066,-79.847,99.162,225.144
neckline edge,-33.5208,-79.652,99.242,225.121
neckline edge,-33.4350,-79.457,99.321,225.097
neckline edge,-33.3491,-79.262,99.399,225.074
neckline edge,-33.2633,-79.067,99.477,225.051
neckline edge,-33.1774,-78.871,99.554,225.029
neckline edge,-33.0916,-78.675,99.630,225.006
neckline edge,-33.0058,-78.479,99.705,224.983
neckline edge,-32.9199,-78.282,99.780,224.960
neckline edge,-32.8341,-78.086,99.854,224.937
neckline edge,-32.7482,-77.889,99.927,224.914
neckline edge,-32.6624,-77.692,99.999,224.892
neckline edge,-32.5766,-77.494,100.070,224.869
neckline edge,-32.4907,-77.297,100.140,224.846
neckline edge,-32.4049,-77.099,100.210,224.824
neckline edge,-32.3190,-76.901,100.279,224.801
neckline edge,-32.2332,-76.703,100.347,224.778
neckline edge,-32.1474,-76.504,100.414,224.756
neckline edge,-32.0615,-76.305,100.481,224.733
neckline edge,-31.9757,-76.107,100.546,224.711
neckline edge,-31.8898,-75.908,100.611,224.689
neckline edge,-31.8040,-75.708,100.675,224.666
neckline edge,-31.7182,-75.509,100.738,224.644
neckline edge,-31.6323,-75.309,100.800,224.622
neckline edge,-31.5465,-75.109,100.861,224.599
neckline edge,-31.4606,-74.909,100.922,224.577
neckline edge,-31.3748,-74.709,100.981,224.555
neckline edge,-31.2889,-74.508,101.040,224.533
neckline edge,-31.2031,-74.308,101.098,224.511
neckline edge,-31.1173,-74.107,101.155,224.489
neckline edge,-31.0314,-73.906,101.211,224.466
neckline edge,-30.9456,-73.705,101.267,224.444
neckline edge,-30.8597,-73.503,101.321,224.423
neckline edge,-30.7739,-73.302,101.375,224.401
neckline edge,-30.6881,-73.100,101.428,224.379
neckline edge,-30.6022,-72.898,101.480,224.357
neckline edge,-30.5164,-72.696,101.531,224.335
neckline edge,-30.4305,-72.494,101.581,224.313
neckline edge,-30.3447,-72.292,101.630,224.292
neckline edge,-30.2589,-72.090,101.679,224.270
neckline edge,-30.1730,-71.887,101.726,224.248
neckline edge,-30.0872,-71.684,101.773,224.227
neckline edge,-30.0013,-71.482,101.819,224.205
neckline edge,-29.9155,-71.279,101.864,224.184
neckline edge,-29.8297,-71.076,101.908,224.162
neckline edge,-29.7438,-70.872,101.952,224.141
neckline edge,-29.6580,-70.669,101.994,224.119
neckline edge,-29.5721,-70.466,102.036,224.098
neckline edge,-29.4863,-70.262,102.076,224.077
neckline edge,-29.4005,-70.059,102.116,224.055
neckline edge,-29.3146,-69.855,102.155,224.034
neckline edge,-29.2288,-69.651,102.193,224.013
neckline edge,-29.1429,-69.447,102.231,223.992
neckline edge,-29.0571,-69.243,102.267,223.971
neckline edge,-28.9712,-69.039,102.303,223.950
neckline edge,-28.8854,-68.834,102.338,223.929
neckline edge,-28.7996,-68.630,102.372,223.908
neckline edge,-28.7137,-68.426,102.405,223.887
neckline edge,-28.6279,-68.221,102.437,223.866
neckline edge,-28.5420,-68.017,102.468,223.845
neckline edge,-28.4562,-67.812,102.499,223.824
neckline edge,-28.3704,-67.608,102.529,223.803
neckline edge,-28.2845,-67.403,102.558,223.782
neckline edge,-28.1987,-67.198,102.586,223.762
neckline edge,-28.1128,-66.993,102.613,223.741
neckline edge,-28.0270,-66.788,102.639,223.721
neckline edge,-27.9412,-66.583,102.665,223.700
neckline edge,-27.8553,-66.378,102.690,223.679
neckline edge,-27.7695,-66.173,102.714,223.659
neckline edge,-27.6836,-65.968,102.737,223.639
neckline edge,-27.5978,-65.763,102.760,223.618
neckline edge,-27.5120,-65.558,102.781,223.598
neckline edge,-27.4261,-65.353,102.802,223.577
neckline edge,-27.3403,-65.147,102.822,223.557
neckline edge,-27.2544,-64.942,102.841,223.537
neckline edge,-27.1686,-64.737,102.860,223.517
neckline edge,-27.0828,-64.532,102.878,223.497
neckline edge,-26.9969,-64.326,102.895,223.477
neckline edge,-26.9111,-64.121,102.911,223.457
neckline edge,-26.8252,-63.916,102.926,223.437
neckline edge,-26.7394,-63.710,102.941,223.417
neckline edge,-26.6535,-63.505,102.955,223.397
neckline edge,-26.5677,-63.300,102.968,223.377
neckline edge,-26.4819,-63.094,102.980,223.357
neckline edge,-26.3960,-62.889,102.992,223.337
neckline edge,-26.3102,-62.683,103.003,223.317
neckline edge,-26.2243,-62.478,103.013,223.298
neckline edge,-26.1385,-62.273,103.023,223.278
neckline edge,-26.0527,-62.067,103.032,223.259
neckline edge,-25.9668,-61.862,103.040,223.239
neckline edge,-25.8810,-61.657,103.047,223.220
neckline edge,-25.7951,-61.451,103.054,223.200
neckline edge,-25.7093,-61.246,103.060,223.181
neckline edge,-25.6235,-61.041,103.066,223.161
neckline edge,-25.5376,-60.835,103.070,223.142
neckline edge,-25.4518,-60.630,103.074,223.123
neckline edge,-25.3659,-60.425,103.078,223.103
neckline edge,-25.2801,-60.220,103.081,223.084
neckline edge,-25.1943,-60.015,103.083,223.065
neckline edge,-25.1084,-59.809,103.084,223.046
neckline edge,-25.0226,-59.605,103.085,223.027
neckline edge,-24.9367,-59.399,103.085,223.008
neckline edge,-24.8509,-59.194,103.085,222.989
neckline edge,-24.7651,-58.989,103.084,222.970
neckline edge,-24.6792,-58.784,103.082,222.951
neckline edge,-24.5934,-58.579,103.080,222.933
neckline edge,-24.5075,-58.375,103.077,222.914
neckline edge,-24.4217,-58.169,103.074,222.895
neckline edge,-24.3358,-57.965,103.070,222.876
neckline edge,-24.2500,-57.760,103.065,222.858
neckline edge,-24.1642,-57.555,103.060,222.839
neckline edge,-24.0783,-57.350,103.054,222.821
neckline edge,-23.9925,-57.145,103.048,222.802
neckline edge,-23.9066,-56.941,103.041,222.784
neckline edge,-23.8208,-56.736,103.034,222.766
neckline edge,-23.7350,-56.532,103.026,222.747
neckline edge,-23.6491,-56.327,103.018,222.729
neckline edge,-23.5633,-56.123,103.009,222.711
neckline edge,-23.4774,-55.918,103.000,222.693
neckline edge,-23.3916,-55.714,102.990,222.674
neckline edge,-23.3058,-55.509,102.980,222.656
neckline edge,-23.2199,-55.305,102.969,222.638
neckline edge,-23.1341,-55.101,102.958,222.620
neckline edge,-23.0482,-54.897,102.946,222.602
neckline edge,-22.9624,-54.692,102.934,222.585
neckline edge,-22.8766,-54.488,102.921,222.567
neckline edge,-22.7907,-54.284,102.908,222.549
neckline edge,-22.7049,-54.080,102.894,222.531
neckline edge,-22.6190,-53.876,102.880,222.514
neckline edge,-22.5332,-53.672,102.866,222.496
neckline edge,-22.4474,-53.468,102.851,222.478
neckline edge,-22.3615,-53.264,102.836,222.461
neckline edge,-22.2757,-53.060,102.820,222.443
neckline edge,-22.1898,-52.856,102.804,222.426
neckline edge,-22.1040,-52.653,102.788,222.409
neckline edge,-22.0181,-52.449,102.771,222.391
neckline edge,-21.9323,-52.245,102.754,222.374
neckline edge,-21.8465,-52.042,102.737,222.357
neckline edge,-21.7606,-51.838,102.719,222.340
neckline edge,-21.6748,-51.634,102.701,222.323
neckline edge,-21.5889,-51.431,102.682,222.306
neckline edge,-21.5031,-51.227,102.664,222.289
neckline edge,-21.4173,-51.024,102.644,222.272
neckline edge,-21.3314,-50.820,102.625,222.255
neckline edge,-21.2456,-50.617,102.605,222.238
neckline edge,-21.1597,-50.414,102.585,222.221
neckline edge,-21.0739,-50.210,102.565,222.204
neckline edge,-20.9881,-50.007,102.544,222.188
neckline edge,-20.9022,-49.803,102.523,222.171
neckline edge,-20.8164,-49.600,102.502,222.154
neckline edge,-20.7305,-49.397,102.481,222.138
neckline edge,-20.6447,-49.194,102.459,222.121
neckline edge,-20.5589,-48.991,102.437,222.105
neckline edge,-20.4730,-48.788,102.415,222.089
neckline edge,-20.3872,-48.584,102.393,222.072
neckline edge,-20.3013,-48.381,102.370,222.056
neckline edge,-20.2155,-48.178,102.348,222.040
neckline edge,-20.1297,-47.975,102.325,222.024
neckline edge,-20.0438,-47.772,102.302,222.008
neckline edge,-19.9580,-47.569,102.278,221.992
neckline edge,-19.8721,-47.366,102.255,221.976
neckline edge,-19.7863,-47.163,102.231,221.960
neckline edge,-19.7004,-46.960,102.207,221.944
neckline edge,-19.6146,-46.757,102.184,221.928
neckline edge,-19.5288,-46.554,102.159,221.912
neckline edge,-19.4429,-46.351,102.135,221.896
neckline edge,-19.3571,-46.148,102.111,221.881
neckline edge,-19.2712,-45.946,102.086,221.865
neckline edge,-19.1854,-45.743,102.062,221.850
neckline edge,-19.0996,-45.540,102.037,221.834
neckline edge,-19.0137,-45.337,102.012,221.819
neckline edge,-18.9279,-45.134,101.987,221.803
neckline edge,-18.8420,-44.931,101.963,221.788
neckline edge,-18.7562,-44.728,101.938,221.773
neckline edge,-18.6704,-44.525,101.912,221.758
neckline edge,-18.5845,-44.322,101.887,221.742
neckline edge,-18.4987,-44.120,101.862,221.727
neckline edge,-18.4128,-43.917,101.837,221.712
neckline edge,-18.3270,-43.714,101.812,221.697
neckline edge,-18.2412,-43.511,101.786,221.682
neckline edge,-18.1553,-43.308,101.761,221.667
neckline edge,-18.0695,-43.105,101.736,221.653
neckline edge,-17.9836,-42.902,101.711,221.638
neckline edge,-17.8978,-42.699,101.685,221.623
neckline edge,-17.8120,-42.496,101.660,221.609
neckline edge,-17.7261,-42.293,101.635,221.594
neckline edge,-17.6403,-42.090,101.610,221.579
neckline edge,-17.5544,-41.887,101.585,221.565
neckline edge,-17.4686,-41.685,101.560,221.551
neckline edge,-17.3827,-41.482,101.534,221.536
neckline edge,-17.2969,-41.278,101.510,221.522
neckline edge,-17.2111,-41.075,101.485,221.508
neckline edge,-17.1252,-40.872,101.460,221.493
neckline edge,-17.0394,-40.669,101.435,221.479
neckline edge,-16.9535,-40.466,101.411,221.465
neckline edge,-16.8677,-40.263,101.386,221.451
neckline edge,-16.7819,-40.060,101.362,221.437
neckline edge,-16.6960,-39.857,101.337,221.423
neckline edge,-16.6102,-39.654,101.313,221.410
neckline edge,-16.5243,-39.450,101.289,221.396
neckline edge,-16.4385,-39.247,101.265,221.382
neckline edge,-16.3527,-39.044,101.242,221.368
neckline edge,-16.2668,-38.841,101.218,221.355
neckline edge,-16.1810,-38.637,101.195,221.341
neckline edge,-16.0951,-38.434,101.172,221.328
neckline edge,-16.0093,-38.230,101.149,221.314
neckline edge,-15.9235,-38.027,101.126,221.301
neckline edge,-15.8376,-37.823,101.103,221.288
neckline edge,-15.7518,-37.620,101.081,221.275
neckline edge,-15.6659,-37.416,101.059,221.261
neckline edge,-15.5801,-37.213,101.037,221.248
neckline edge,-15.4943,-37.009,101.015,221.235
neckline edge,-15.4084,-36.806,100.994,221.222
neckline edge,-15.3226,-36.602,100.973,221.209
neckline edge,-15.2367,-36.398,100.952,221.197
neckline edge,-15.1509,-36.194,100.931,221.184
neckline edge,-15.0650,-35.991,100.911,221.171
neckline edge,-14.9792,-35.787,100.891,221.158
neckline edge,-14.8934,-35.583,100.871,221.146
neckline edge,-14.8075,-35.379,100.851,221.133
neckline edge,-14.7217,-35.175,100.832,221.121
neckline edge,-14.6358,-34.971,100.813,221.108
neckline edge,-14.5500,-34.767,100.795,221.096
neckline edge,-14.4642,-34.563,100.777,221.084
neckline edge,-14.3783,-34.359,100.759,221.071
neckline edge,-14.2925,-34.154,100.741,221.059
neckline edge,-14.2066,-33.950,100.724,221.047
neckline edge,-14.1208,-33.746,100.707,221.035
neckline edge,-14.0350,-33.542,100.691,221.023
neckline edge,-13.9491,-33.337,100.675,221.011
neckline edge,-13.8633,-33.133,100.659,220.999
neckline edge,-13.7774,-32.928,100.644,220.987
neckline edge,-13.6916,-32.724,100.629,220.976
neckline edge,-13.6058,-32.519,100.614,220.964
neckline edge,-13.5199,-32.315,100.600,220.952
neckline edge,-13.4341,-32.110,100.587,220.941
neckline edge,-13.3482,-31.906,100.574,220.929
neckline edge,-13.2624,-31.701,100.561,220.918
neckline edge,-13.1766,-31.496,100.549,220.907
neckline edge,-13.0907,-31.292,100.537,220.895
neckline edge,-13.0049,-31.087,100.525,220.884
neckline edge,-12.9190,-30.882,100.514,220.873
neckline edge,-12.8332,-30.677,100.504,220.862
neckline edge,-12.7473,-30.472,100.494,220.851
neckline edge,-12.6615,-30.267,100.484,220.840
neckline edge,-12.5757,-30.062,100.475,220.829
neckline edge,-12.4898,-29.857,100.467,220.818
neckline edge,-12.4040,-29.652,100.459,220.807
neckline edge,-12.3181,-29.447,100.452,220.797
neckline edge,-12.2323,-29.242,100.445,220.786
neckline edge,-12.1465,-29.037,100.438,220.775
neckline edge,-12.0606,-28.832,100.432,220.765
neckline edge,-11.9748,-28.627,100.427,220.754
neckline edge,-11.8889,-28.422,100.422,220.744
neckline edge,-11.8031,-28.217,100.418,220.734
neckline edge,-11.7173,-28.011,100.414,220.723
neckline edge,-11.6314,-27.806,100.411,220.713
neckline edge,-11.5456,-27.601,100.409,220.703
neckline edge,-11.4597,-27.396,100.407,220.693
neckline edge,-11.3739,-27.191,100.406,220.683
neckline edge,-11.2881,-26.985,100.405,220.673
neckline edge,-11.2022,-26.780,100.405,220.663
neckline edge,-11.1164,-26.575,100.405,220.654
neckline edge,-11.0305,-26.369,100.406,220.644
neckline edge,-10.9447,-26.164,100.408,220.634
neckline edge,-10.8589,-25.959,100.411,220.625
neckline edge,-10.7730,-25.754,100.414,220.615
neckline edge,-10.6872,-25.548,100.417,220.606
neckline edge,-10.6013,-25.343,100.421,220.596
neckline edge,-10.5155,-25.138,100.426,220.587
neckline edge,-10.4296,-24.932,100.432,220.578
neckline edge,-10.3438,-24.727,100.438,220.569
neckline edge,-10.2580,-24.522,100.445,220.559
neckline edge,-10.1721,-24.317,100.452,220.550
neckline edge,-10.0863,-24.111,100.461,220.541
neckline edge,-10.0004,-23.906,100.470,220.533
neckline edge,-9.9146,-23.701,100.479,220.524
neckline edge,-9.8288,-23.496,100.489,220.515
neckline edge,-9.7429,-23.291,100.500,220.506
neckline edge,-9.6571,-23.086,100.512,220.498
neckline edge,-9.5712,-22.881,100.524,220.489
neckline edge,-9.4854,-22.676,100.537,220.481
neckline edge,-9.3996,-22.471,100.551,220.472
neckline edge,-9.3137,-22.266,100.566,220.464
neckline edge,-9.2279,-22.061,100.581,220.456
neckline edge,-9.1420,-21.856,100.597,220.447
neckline edge,-9.0562,-21.651,100.613,220.439
neckline edge,-8.9704,-21.447,100.630,220.431
neckline edge,-8.8845,-21.242,100.648,220.423
neckline edge,-8.7987,-21.037,100.665,220.415
neckline edge,-8.7128,-20.832,100.681,220.407
neckline edge,-8.6270,-20.627,100.698,220.400
neckline edge,-8.5412,-20.423,100.715,220.392
neckline edge,-8.4553,-20.218,100.731,220.384
neckline edge,-8.3695,-20.013,100.747,220.377
neckline edge,-8.2836,-19.808,100.763,220.369
neckline edge,-8.1978,-19.603,100.779,220.362
neckline edge,-8.1119,-19.398,100.795,220.354
neckline edge,-8.0261,-19.194,100.810,220.347
neckline edge,-7.9403,-18.989,100.826,220.340
neckline edge,-7.8544,-18.784,100.841,220.333
neckline edge,-7.7686,-18.579,100.856,220.326
neckline edge,-7.6827,-18.374,100.871,220.319
neckline edge,-7.5969,-18.169,100.885,220.312
neckline edge,-7.5111,-17.964,100.900,220.305
neckline edge,-7.4252,-17.759,100.914,220.298
neckline edge,-7.3394,-17.554,100.929,220.292
neckline edge,-7.2535,-17.349,100.943,220.285
neckline edge,-7.1677,-17.144,100.956,220.278
neckline edge,-7.0819,-16.939,100.970,220.272
neckline edge,-6.9960,-16.734,100.984,220.265
neckline edge,-6.9102,-16.529,100.997,220.259
neckline edge,-6.8243,-16.324,101.010,220.253
neckline edge,-6.7385,-16.119,101.023,220.247
neckline edge,-6.6527,-15.914,101.036,220.241
neckline edge,-6.5668,-15.709,101.049,220.234
neckline edge,-6.4810,-15.504,101.062,220.228
neckline edge,-6.3951,-15.299,101.074,220.223
neckline edge,-6.3093,-15.094,101.086,220.217
neckline edge,-6.2235,-14.889,101.098,220.211
neckline edge,-6.1376,-14.684,101.110,220.205
neckline edge,-6.0518,-14.479,101.122,220.200
neckline edge,-5.9659,-14.273,101.133,220.194
neckline edge,-5.8801,-14.068,101.145,220.189
neckline edge,-5.7942,-13.863,101.156,220.183
neckline edge,-5.7084,-13.658,101.167,220.178
neckline edge,-5.6226,-13.453,101.178,220.173
neckline edge,-5.5367,-13.248,101.189,220.168
neckline edge,-5.4509,-13.042,101.199,220.163
neckline edge,-5.3650,-12.837,101.210,220.158
neckline edge,-5.2792,-12.632,101.220,220.153
neckline edge,-5.1934,-12.427,101.230,220.148
neckline edge,-5.1075,-12.221,101.240,220.143
neckline edge,-5.0217,-12.016,101.250,220.138
neckline edge,-4.9358,-11.811,101.259,220.134
neckline edge,-4.8500,-11.606,101.269,220.129
neckline edge,-4.7642,-11.400,101.278,220.125
neckline edge,-4.6783,-11.195,101.287,220.120
neckline edge,-4.5925,-10.990,101.296,220.116
neckline edge,-4.5066,-10.785,101.305,220.112
neckline edge,-4.4208,-10.579,101.313,220.108
neckline edge,-4.3350,-10.374,101.322,220.104
neckline edge,-4.2491,-10.169,101.330,220.100
neckline edge,-4.1633,-9.963,101.338,220.096
neckline edge,-4.0774,-9.758,101.346,220.092
neckline edge,-3.9916,-9.553,101.354,220.088
neckline edge,-3.9058,-9.347,101.362,220.084
neckline edge,-3.8199,-9.142,101.369,220.081
neckline edge,-3.7341,-8.937,101.376,220.077
neckline edge,-3.6482,-8.731,101.383,220.074
neckline edge,-3.5624,-8.526,101.390,220.070
neckline edge,-3.4765,-8.321,101.397,220.067
neckline edge,-3.3907,-8.115,101.404,220.064
neckline edge,-3.3049,-7.910,101.410,220.061
neckline edge,-3.2190,-7.705,101.416,220.057
neckline edge,-3.1332,-7.499,101.423,220.054
neckline edge,-3.0473,-7.294,101.428,220.052
neckline edge,-2.9615,-7.088,101.434,220.049
neckline edge,-2.8757,-6.883,101.440,220.046
neckline edge,-2.7898,-6.678,101.445,220.043
neckline edge,-2.7040,-6.472,101.451,220.041
neckline edge,-2.6181,-6.267,101.456,220.038
neckline edge,-2.5323,-6.061,101.461,220.036
neckline edge,-2.4465,-5.856,101.466,220.033
neckline edge,-2.3606,-5.650,101.470,220.031
neckline edge,-2.2748,-5.445,101.475,220.029
neckline edge,-2.1889,-5.240,101.479,220.027
neckline edge,-2.1031,-5.034,101.483,220.025
neckline edge,-2.0173,-4.829,101.487,220.023
neckline edge,-1.9314,-4.623,101.491,220.021
neckline edge,-1.8456,-4.418,101.494,220.019
neckline edge,-1.7597,-4.212,101.498,220.017
neckline edge,-1.6739,-4.007,101.501,220.016
neckline edge,-1.5881,-3.801,101.504,220.014
neckline edge,-1.5022,-3.596,101.507,220.013
neckline edge,-1.4164,-3.390,101.510,220.011
neckline edge,-1.3305,-3.185,101.513,220.010
neckline edge,-1.2447,-2.979,101.515,220.009
neckline edge,-1.1588,-2.774,101.518,220.008
neckline edge,-1.0730,-2.569,101.520,220.006
neckline edge,-0.9872,-2.363,101.522,220.005
neckline edge,-0.9013,-2.158,101.524,220.005
neckline edge,-0.8155,-1.952,101.525,220.004
neckline edge,-0.7296,-1.747,101.527,220.003
neckline edge,-0.6438,-1.541,101.528,220.002
neckline edge,-0.5580,-1.336,101.529,220.002
neckline edge,-0.4721,-1.130,101.530,220.001
neckline edge,-0.3863,-0.925,101.531,220.001
neckline edge,-0.3004,-0.719,101.532,220.001
neckline edge,-0.2146,-0.514,101.532,220.000
neckline edge,-0.1288,-0.308,101.533,220.000
neckline edge,-0.0429,-0.103,101.533,220.000
neckline edge,0.0429,0.103,101.533,220.000
neckline edge,0.1288,0.308,101.533,220.000
neckline edge,0.2146,0.514,101.532,220.000
neckline edge,0.3004,0.719,101.532,220.001
neckline edge,0.3863,0.925,101.531,220.001
neckline edge,0.4721,1.130,101.530,220.001
neckline edge,0.5580,1.336,101.529,220.002
neckline edge,0.6438,1.541,101.528,220.002
neckline edge,0.7296,1.747,101.527,220.003
neckline edge,0.8155,1.952,101.525,220.004
neckline edge,0.9013,2.158,101.524,220.005
neckline edge,0.9872,2.363,101.522,220.005
neckline edge,1.0730,2.569,101.520,220.006
neckline edge,1.1588,2.774,101.518,220.008
neckline edge,1.2447,2.979,101.515,220.009
neckline edge,1.3305,3.185,101.513,220.010
neckline edge,1.4164,3.390,101.510,220.011
neckline edge,1.5022,3.596,101.507,220.013
neckline edge,1.5881,3.801,101.504,220.014
neckline edge,1.6739,4.007,101.501,220.016
neckline edge,1.7597,4.212,101.498,220.017
neckline edge,1.8456,4.418,101.494,220.019
neckline edge,1.9314,4.623,101.491,220.021
neckline edge,2.0173,4.829,101.487,220.023
neckline edge,2.1031,5.034,101.483,220.025
neckline edge,2.1889,5.240,101.479,220.027
neckline edge,2.2748,5.445,101.475,220.029
neckline edge,2.3606,5.650,101.470,220.031
neckline edge,2.4465,5.856,101.466,220.033
neckline edge,2.5323,6.061,101.461,220.036
neckline edge,2.6181,6.267,101.456,220.038
neckline edge,2.7040,6.472,101.451,220.041
neckline edge,2.7898,6.678,101.445,220.043
neckline edge,2.8757,6.883,101.440,220.046
neckline edge,2.9615,7.088,101.434,220.049
neckline edge,3.0473,7.294,101.428,220.052
neckline edge,3.1332,7.499,101.423,220.054
neckline edge,3.2190,7.705,101.416,220.057
neckline edge,3.3049,7.910,101.410,220.061
neckline edge,3.3907,8.115,101.404,220.064
neckline edge,3.4765,8.321,101.397,220.067
neckline edge,3.5624,8.526,101.390,220.070
neckline edge,3.6482,8.731,101.383,220.074
neckline edge,3.7341,8.937,101.376,220.077
neckline edge,3.8199,9.142,101.369,220.081
neckline edge,3.9058,9.347,101.362,220.084
neckline edge,3.9916,9.553,101.354,220.088
neckline edge,4.0774,9.758,101.346,220.092
neckline edge,4.1633,9.963,101.338,220.096
neckline edge,4.2491,10.169,101.330,220.100
neckline edge,4.3350,10.374,101.322,220.104
neckline edge,4.4208,10.579,101.313,220.108
neckline edge,4.5066,10.785,101.305,220.112
neckline edge,4.5925,10.990,101.296,220.116
neckline edge,4.6783,11.195,101.287,220.120
neckline edge,4.7642,11.400,101.278,220.125
neckline edge,4.8500,11.606,101.269,220.129
neckline edge,4.9358,11.811,101.259,220.134
neckline edge,5.0217,12.016,101.250,220.138
neckline edge,5.1075,12.221,101.240,220.143
neckline edge,5.1934,12.427,101.230,220.148
neckline edge,5.2792,12.632,101.220,220.153
neckline edge,5.3650,12.837,101.210,220.158
neckline edge,5.4509,13.042,101.199,220.163
neckline edge,5.5367,13.248,101.189,220.168
neckline edge,5.6226,13.453,101.178,220.173
neckline edge,5.7084,13.658,101.167,220.178
neckline edge,5.7942,13.863,101.156,220.183
neckline edge,5.8801,14.068,101.145,220.189
neckline edge,5.9659,14.273,101.133,220.194
neckline edge,6.0518,14.479,101.122,220.200
neckline edge,6.1376,14.684,101.110,220.205
neckline edge,6.2235,14.889,101.098,220.211
neckline edge,6.3093,15.094,101.086,220.217
neckline edge,6.3951,15.299,101.074,220.223
neckline edge,6.4810,15.504,101.062,220.228
neckline edge,6.5668,15.709,101.049,220.234
neckline edge,6.6527,15.914,101.036,220.241
neckline edge,6.7385,16.119,101.023,220.247
neckline edge,6.8243,16.324,101.010,220.253
neckline edge,6.9102,16.529,100.997,220.259
neckline edge,6.9960,16.734,100.984,220.265
neckline edge,7.0819,16.939,100.970,220.272
neckline edge,7.1677,17.144,100.956,220.278
neckline edge,7.2535,17.349,100.943,220.285
neckline edge,7.3394,17.554,100.929,220.292
neckline edge,7.4252,17.759,100.914,220.298
neckline edge,7.5111,17.964,100.900,220.305
neckline edge,7.5969,18.169,100.885,220.312
neckline edge,7.6827,18.374,100.871,220.319
neckline edge,7.7686,18.579,100.856,220.326
neckline edge,7.8544,18.784,100.841,220.333
neckline edge,7.9403,18.989,100.826,220.340
neckline edge,8.0261,19.194,100.810,220.347
neckline edge,8.1119,19.398,100.795,220.354
neckline edge,8.1978,19.603,100.779,220.362
neckline edge,8.2836,19.808,100.763,220.369
neckline edge,8.3695,20.013,100.747,220.377
neckline edge,8.4553,20.218,100.731,220.384
neckline edge,8.5412,20.423,100.715,220.392
neckline edge,8.6270,20.627,100.698,220.400
neckline edge,8.7128,20.832,100.681,220.407
neckline edge,8.7987,21.037,100.665,220.415
neckline edge,8.8845,21.242,100.648,220.423
neckline edge,8.9704,21.447,100.630,220.431
neckline edge,9.0562,21.651,100.613,220.439
neckline edge,9.1420,21.856,100.597,220.447
neckline edge,9.2279,22.061,100.581,220.456
neckline edge,9.3137,22.266,100.566,220.464
neckline edge,9.3996,22.471,100.551,220.472
neckline edge,9.4854,22.676,100.537,220.481
neckline edge,9.5712,22.881,100.524,220.489
neckline edge,9.6571,23.086,100.512,220.498
neckline edge,9.7429,23.291,100.500,220.506
neckline edge,9.8288,23.496,100.489,220.515
neckline edge,9.9146,23.701,100.479,220.524
neckline edge,10.0004,23.906,100.470,220.533
neckline edge,10.0863,24.111,100.461,220.541
neckline edge,10.1721,24.317,100.452,220.550
neckline edge,10.2580,24.522,100.445,220.559
neckline edge,10.3438,24.727,100.438,220.569
neckline edge,10.4296,24.932,100.432,220.578
neckline edge,10.5155,25.138,100.426,220.587
neckline edge,10.6013,25.343,100.421,220.596
neckline edge,10.6872,25.548,100.417,220.606
neckline edge,10.7730,25.754,100.414,220.615
neckline edge,10.8589,25.959,100.411,220.625
neckline edge,10.9447,26.164,100.408,220.634
neckline edge,11.0305,26.369,100.406,220.644
neckline edge,11.1164,26.575,100.405,220.654
neckline edge,11.2022,26.780,100.405,220.663
neckline edge,11.2881,26.985,100.405,220.673
neckline edge,11.3739,27.191,100.406,220.683
neckline edge,11.4597,27.396,100.407,220.693
neckline edge,11.5456,27.601,100.409,220.703
neckline edge,11.6314,27.806,100.411,220.713
neckline edge,11.7173,28.011,100.414,220.723
neckline edge,11.8031,28.217,100.418,220.734
neckline edge,11.8889,28.422,100.422,220.744
neckline edge,11.9748,28.627,100.427,220.754
neckline edge,12.0606,28.832,100.432,220.765
neckline edge,12.1465,29.037,100.438,220.775
neckline edge,12.2323,29.242,100.445,220.786
neckline edge,12.3181,29.447,100.452,220.797
neckline edge,12.4040,29.652,100.459,220.807
neckline edge,12.4898,29.857,100.467,220.818
neckline edge,12.5757,30.062,100.475,220.829
neckline edge,12.6615,30.267,100.484,220.840
neckline edge,12.7473,30.472,100.494,220.851
neckline edge,12.8332,30.677,100.504,220.862
neckline edge,12.9190,30.882,100.514,220.873
neckline edge,13.0049,31.087,100.525,220.884
neckline edge,13.0907,31.292,100.537,220.895
neckline edge,13.1766,31.496,100.549,220.907
neckline edge,13.2624,31.701,100.561,220.918
neckline edge,13.3482,31.906,100.574,220.929
neckline edge,13.4341,32.110,100.587,220.941
neckline edge,13.5199,32.315,100.600,220.952
neckline edge,13.6058,32.519,100.614,220.964
neckline edge,13.6916,32.724,100.629,220.976
neckline edge,13.7774,32.928,100.644,220.987
neckline edge,13.8633,33.133,100.659,220.999
neckline edge,13.9491,33.337,100.675,221.011
neckline edge,14.0350,33.542,100.691,221.023
neckline edge,14.1208,33.746,100.707,221.035
neckline edge,14.2066,33.950,100.724,221.047
neckline edge,14.2925,34.154,100.741,221.059
neckline edge,14.3783,34.359,100.759,221.071
neckline edge,14.4642,34.563,100.777,221.084
neckline edge,14.5500,34.767,100.795,221.096
neckline edge,14.6358,34.971,100.813,221.108
neckline edge,14.7217,35.175,100.832,221.121
neckline edge,14.8075,35.379,100.851,221.133
neckline edge,14.8934,35.583,100.871,221.146
neckline edge,14.9792,35.787,100.891,221.158
neckline edge,15.0650,35.991,100.911,221.171
neckline edge,15.1509,36.194,100.931,221.184
neckline edge,15.2367,36.398,100.952,221.197
neckline edge,15.3226,36.602,100.973,221.209
neckline edge,15.4084,36.806,100.994,221.222
neckline edge,15.4943,37.009,101.015,221.235
neckline edge,15.5801,37.213,101.037,221.248
neckline edge,15.6659,37.416,101.059,221.261
neckline edge,15.7518,37.620,101.081,221.275
neckline edge,15.8376,37.823,101.103,221.288
neckline edge,15.9235,38.027,101.126,221.301
neckline edge,16.0093,38.230,101.149,221.314
neckline edge,16.0951,38.434,101.172,221.328
neckline edge,16.1810,38.637,101.195,221.341
neckline edge,16.2668,38.841,101.218,221.355
neckline edge,16.3527,39.044,101.242,221.368
neckline edge,16.4385,39.247,101.265,221.382
neckline edge,16.5243,39.450,101.289,221.396
neckline edge,16.6102,39.654,101.313,221.410
neckline edge,16.6960,39.857,101.337,221.423
neckline edge,16.7819,40.060,101.362,221.437
neckline edge,16.8677,40.263,101.386,221.451
neckline edge,16.9535,40.466,101.411,221.465
neckline edge,17.0394,40.669,101.435,221.479
neckline edge,17.1252,40.872,101.460,221.493
neckline edge,17.2111,41.075,101.485,221.508
neckline edge,17.2969,41.278,101.510,221.522
neckline edge,17.3827,41.482,101.534,221.536
neckline edge,17.4686,41.685,101.560,221.551
neckline edge,17.5544,41.887,101.585,221.565
neckline edge,17.6403,42.090,101.610,221.579
neckline edge,17.7261,42.293,101.635,221.594
neckline edge,17.8120,42.496,101.660,221.609
neckline edge,17.8978,42.699,101.685,221.623
neckline edge,17.9836,42.902,101.711,221.638
neckline edge,18.0695,43.105,101.736,221.653
neckline edge,18.1553,43.308,101.761,221.667
neckline edge,18.2412,43.511,101.786,221.682
neckline edge,18.3270,43.714,101.812,221.697
neckline edge,18.4128,43.917,101.837,221.712
neckline edge,18.4987,44.120,101.862,221.727
neckline edge,18.5845,44.322,101.887,221.742
neckline edge,18.6704,44.525,101.912,221.758
neckline edge,18.7562,44.728,101.938,221.773
neckline edge,18.8420,44.931,101.963,221.788
neckline edge,18.9279,45.134,101.987,221.803
neckline edge,19.0137,45.337,102.012,221.819
neckline edge,19.0996,45.540,102.037,221.834
neckline edge,19.1854,45.743,102.062,221.850
neckline edge,19.2712,45.946,102.086,221.865
neckline edge,19.3571,46.148,102.111,221.881
neckline edge,19.4429,46.351,102.135,221.896
neckline edge,19.5288,46.554,102.159,221.912
neckline edge,19.6146,46.757,102.184,221.928
neckline edge,19.7004,46.960,102.207,221.944
neckline edge,19.7863,47.163,102.231,221.960
neckline edge,19.8721,47.366,102.255,221.976
neckline edge,19.9580,47.569,102.278,221.992
neckline edge,20.0438,47.772,102.302,222.008
neckline edge,20.1297,47.975,102.325,222.024
neckline edge,20.2155,48.178,102.348,222.040
neckline edge,20.3013,48.381,102.370,222.056
neckline edge,20.3872,48.584,102.393,222.072
neckline edge,20.4730,48.788,102.415,222.089
neckline edge,20.5589,48.991,102.437,222.105
neckline edge,20.6447,49.194,102.459,222.121
neckline edge,20.7305,49.397,102.481,222.138
neckline edge,20.8164,49.600,102.502,222.154
neckline edge,20.9022,49.803,102.523,222.171
neckline edge,20.9881,50.007,102.544,222.188
neckline edge,21.0739,50.210,102.565,222.204
neckline edge,21.1597,50.414,102.585,222.221
neckline edge,21.2456,50.617,102.605,222.238
neckline edge,21.3314,50.820,102.625,222.255
neckline edge,21.4173,51.024,102.644,222.272
neckline edge,21.5031,51.227,102.664,222.289
neckline edge,21.5889,51.431,102.682,222.306
neckline edge,21.6748,51.634,102.701,222.323
neckline edge,21.7606,51.838,102.719,222.340
neckline edge,21.8465,52.042,102.737,222.357
neckline edge,21.9323,52.245,102.754,222.374
neckline edge,22.0181,52.449,102.771,222.391
neckline edge,22.1040,52.653,102.788,222.409
neckline edge,22.1898,52.856,102.804,222.426
neckline edge,22.2757,53.060,102.820,222.443
neckline edge,22.3615,53.264,102.836,222.461
neckline edge,22.4474,53.468,102.851,222.478
neckline edge,22.5332,53.672,102.866,222.496
neckline edge,22.6190,53.876,102.880,222.514
neckline edge,22.7049,54.080,102.894,222.531
neckline edge,22.7907,54.284,102.908,222.549
neckline edge,22.8766,54.488,102.921,222.567
neckline edge,22.9624,54.692,102.934,222.585
neckline edge,23.0482,54.897,102.946,222.602
neckline edge,23.1341,55.101,102.958,222.620
neckline edge,23.2199,55.305,102.969,222.638
neckline edge,23.3058,55.509,102.980,222.656
neckline edge,23.3916,55.714,102.990,222.674
neckline edge,23.4774,55.918,103.000,222.693
neckline edge,23.5633,56.123,103.009,222.711
neckline edge,23.6491,56.327,103.018,222.729
neckline edge,23.7350,56.532,103.026,222.747
neckline edge,23.8208,56.736,103.034,222.766
neckline edge,23.9066,56.941,103.041,222.784
neckline edge,23.9925,57.145,103.048,222.802
neckline edge,24.0783,57.350,103.054,222.821
neckline edge,24.1642,57.555,103.060,222.839
neckline edge,24.2500,57.760,103.065,222.858
neckline edge,24.3358,57.965,103.070,222.876
neckline edge,24.4217,58.169,103.074,222.895
neckline edge,24.5075,58.375,103.077,222.914
neckline edge,24.5934,58.579,103.080,222.933
neckline edge,24.6792,58.784,103.082,222.951
neckline edge,24.7651,58.989,103.084,222.970
neckline edge,24.8509,59.194,103.085,222.989
neckline edge,24.9367,59.399,103.085,223.008
neckline edge,25.0226,59.605,103.085,223.027
neckline edge,25.1084,59.809,103.084,223.046
neckline edge,25.1943,60.015,103.083,223.065
neckline edge,25.2801,60.220,103.081,223.084
neckline edge,25.3659,60.425,103.078,223.103
neckline edge,25.4518,60.630,103.074,223.123
neckline edge,25.5376,60.835,103.070,223.142
neckline edge,25.6235,61.041,103.066,223.161
neckline edge,25.7093,61.246,103.060,223.181
neckline edge,25.7951,61.451,103.054,223.200
neckline edge,25.8810,61.657,103.047,223.220
neckline edge,25.9668,61.862,103.040,223.239
neckline edge,26.0527,62.067,103.032,223.259
neckline edge,26.1385,62.273,103.023,223.278
neckline edge,26.2243,62.478,103.013,223.298
neckline edge,26.3102,62.683,103.003,223.317
neckline edge,26.3960,62.889,102.992,223.337
neckline edge,26.4819,63.094,102.980,223.357
neckline edge,26.5677,63.300,102.968,223.377
neckline edge,26.6535,63.505,102.955,223.397
neckline edge,26.7394,63.710,102.941,223.417
neckline edge,26.8252,63.916,102.926,223.437
neckline edge,26.9111,64.121,102.911,223.457
neckline edge,26.9969,64.326,102.895,223.477
neckline edge,27.0828,64.532,102.878,223.497
neckline edge,27.1686,64.737,102.860,223.517
neckline edge,27.2544,64.942,102.841,223.537
neckline edge,27.3403,65.147,102.822,223.557
neckline edge,27.4261,65.353,102.802,223.577
neckline edge,27.5120,65.558,102.781,223.598
neckline edge,27.5978,65.763,102.760,223.618
neckline edge,27.6836,65.968,102.737,223.639
neckline edge,27.7695,66.173,102.714,223.659
neckline edge,27.8553,66.378,102.690,223.679
neckline edge,27.9412,66.583,102.665,223.700
neckline edge,28.0270,66.788,102.639,223.721
neckline edge,28.1128,66.993,102.613,223.741
neckline edge,28.1987,67.198,102.586,223.762
neckline edge,28.2845,67.403,102.558,223.782
neckline edge,28.3704,67.608,102.529,223.803
neckline edge,28.4562,67.812,102.499,223.824
neckline edge,28.5420,68.017,102.468,223.845
neckline edge,28.6279,68.221,102.437,223.866
neckline edge,28.7137,68.426,102.405,223.887
neckline edge,28.7996,68.630,102.372,223.908
neckline edge,28.8854,68.834,102.338,223.929
neckline edge,28.9712,69.039,102.303,223.950
neckline edge,29.0571,69.243,102.267,223.971
neckline edge,29.1429,69.447,102.231,223.992
neckline edge,29.2288,69.651,102.193,224.013
neckline edge,29.3146,69.855,102.155,224.034
neckline edge,29.4005,70.059,102.116,224.055
neckline edge,29.4863,70.262,102.076,224.077
neckline edge,29.5721,70.466,102.036,224.098
neckline edge,29.6580,70.669,101.994,224.119
neckline edge,29.7438,70.872,101.952,224.141
neckline edge,29.8297,71.076,101.908,224.162
neckline edge,29.9155,71.279,101.864,224.184
neckline edge,30.0013,71.482,101.819,224.205
neckline edge,30.0872,71.684,101.773,224.227
neckline edge,30.1730,71.887,101.726,224.248
neckline edge,30.2589,72.090,101.679,224.270
neckline edge,30.3447,72.292,101.630,224.292
neckline edge,30.4305,72.494,101.581,224.313
neckline edge,30.5164,72.696,101.531,224.335
neckline edge,30.6022,72.898,101.480,224.357
neckline edge,30.6881,73.100,101.428,224.379
neckline edge,30.7739,73.302,101.375,224.401
neckline edge,30.8597,73.503,101.321,224.423
neckline edge,30.9456,73.705,101.267,224.444
neckline edge,31.0314,73.906,101.211,224.466
neckline edge,31.1173,74.107,101.155,224.489
neckline edge,31.2031,74.308,101.098,224.511
neckline edge,31.2889,74.508,101.040,224.533
neckline edge,31.3748,74.709,100.981,224.555
neckline edge,31.4606,74.909,100.922,224.577
neckline edge,31.5465,75.109,100.861,224.599
neckline edge,31.6323,75.309,100.800,224.622
neckline edge,31.7182,75.509,100.738,224.644
neckline edge,31.8040,75.708,100.675,224.666
neckline edge,31.8898,75.908,100.611,224.689
neckline edge,31.9757,76.107,100.546,224.711
neckline edge,32.0615,76.305,100.481,224.733
neckline edge,32.1474,76.504,100.414,224.756
neckline edge,32.2332,76.703,100.347,224.778
neckline edge,32.3190,76.901,100.279,224.801
neckline edge,32.4049,77.099,100.210,224.824
neckline edge,32.4907,77.297,100.140,224.846
neckline edge,32.5766,77.494,100.070,224.869
neckline edge,32.6624,77.692,99.999,224.892
neckline edge,32.7482,77.889,99.927,224.914
neckline edge,32.8341,78.086,99.854,224.937
neckline edge,32.9199,78.282,99.780,224.960
neckline edge,33.0058,78.479,99.705,224.983
neckline edge,33.0916,78.675,99.630,225.006
neckline edge,33.1774,78.871,99.554,225.029
neckline edge,33.2633,79.067,99.477,225.051
neckline edge,33.3491,79.262,99.399,225.074
neckline edge,33.4350,79.457,99.321,225.097
neckline edge,33.5208,79.652,99.242,225.121
neckline edge,33.6066,79.847,99.162,225.144
neckline edge,33.6925,80.041,99.081,225.167
neckline edge,33.7783,80.236,98.999,225.190
neckline edge,33.8642,80.430,98.917,225.213
neckline edge,33.9500,80.623,98.834,225.236
neckline edge,34.0359,80.817,98.750,225.260
neckline edge,34.1217,81.010,98.666,225.283
neckline edge,34.2075,81.203,98.580,225.306
neckline edge,34.2934,81.395,98.494,225.330
neckline edge,34.3792,81.588,98.408,225.353
neckline edge,34.4651,81.780,98.320,225.376
neckline edge,34.5509,81.972,98.232,225.400
neckline edge,34.6367,82.163,98.143,225.423
neckline edge,34.7226,82.355,98.054,225.447
neckline edge,34.8084,82.546,97.963,225.471
neckline edge,34.8943,82.737,97.872,225.494
neckline edge,34.9801,82.927,97.781,225.518
neckline edge,35.0659,83.117,97.688,225.541
neckline edge,35.1518,83.307,97.595,225.565
neckline edge,35.2376,83.497,97.501,225.589
neckline edge,35.3235,83.686,97.407,225.613
neckline edge,35.4093,83.875,97.312,225.636
neckline edge,35.4951,84.064,97.216,225.660
neckline edge,35.5810,84.253,97.120,225.684
neckline edge,35.6668,84.441,97.023,225.708
neckline edge,35.7527,84.629,96.925,225.732
neckline edge,35.8385,84.817,96.827,225.756
neckline edge,35.9243,85.004,96.728,225.780
neckline edge,36.0102,85.192,96.628,225.804
neckline edge,36.0960,85.378,96.528,225.828
neckline edge,36.1819,85.565,96.428,225.852
neckline edge,36.2677,85.751,96.326,225.876
neckline edge,36.3536,85.937,96.224,225.900
neckline edge,36.4394,86.123,96.121,225.925
neckline edge,36.5252,86.308,96.018,225.949
neckline edge,36.6111,86.494,95.915,225.973
neckline edge,36.6969,86.679,95.810,225.997
neckline edge,36.7828,86.863,95.705,226.022
neckline edge,36.8686,87.048,95.600,226.046
neckline edge,36.9544,87.232,95.494,226.070
neckline edge,37.0403,87.416,95.387,226.095
neckline edge,37.1261,87.599,95.280,226.119
neckline edge,37.2120,87.782,95.172,226.143
neckline edge,37.2978,87.965,95.064,226.168
neckline edge,37.3836,88.148,94.955,226.192
neckline edge,37.4695,88.331,94.846,226.217
neckline edge,37.5553,88.513,94.736,226.242
neckline edge,37.6412,88.695,94.626,226.266
neckline edge,37.7270,88.876,94.515,226.291
neckline edge,37.8128,89.058,94.403,226.315
neckline edge,37.8987,89.239,94.291,226.340
neckline edge,37.9845,89.420,94.179,226.365
neckline edge,38.0704,89.600,94.066,226.390
neckline edge,38.1562,89.780,93.953,226.414
neckline edge,38.2420,89.961,93.839,226.439
neckline edge,38.3279,90.140,93.725,226.464
neckline edge,38.4137,90.320,93.610,226.489
neckline edge,38.4996,90.499,93.495,226.514
neckline edge,38.5854,90.678,93.379,226.539
neckline edge,38.6713,90.857,93.263,226.563
neckline edge,38.7571,91.035,93.146,226.588
neckline edge,38.8429,91.213,93.029,226.613
neckline edge,38.9288,91.391,92.912,226.638
neckline edge,39.0146,91.569,92.794,226.664
neckline edge,39.1005,91.746,92.676,226.689
neckline edge,39.1863,91.924,92.557,226.714
neckline edge,39.2721,92.101,92.438,226.739
neckline edge,39.3580,92.277,92.318,226.764
neckline edge,39.4438,92.454,92.198,226.789
neckline edge,39.5297,92.630,92.078,226.814
neckline edge,39.6155,92.806,91.957,226.840
neckline edge,39.7013,92.982,91.836,226.865
neckline edge,39.7872,93.157,91.715,226.890
neckline edge,39.8730,93.332,91.593,226.915
neckline edge,39.9589,93.507,91.471,226.941
neckline edge,40.0447,93.682,91.348,226.966
neckline edge,40.1305,93.857,91.225,226.991
neckline edge,40.2164,94.031,91.102,227.017
neckline edge,40.3022,94.205,90.978,227.042
neckline edge,40.3881,94.379,90.854,227.068
neckline edge,40.4739,94.553,90.730,227.093
neckline edge,40.5597,94.726,90.605,227.119
neckline edge,40.6456,94.899,90.480,227.144
neckline edge,40.7314,95.072,90.355,227.170
neckline edge,40.8173,95.245,90.229,227.195
neckline edge,40.9031,95.418,90.103,227.221
neckline edge,40.9890,95.590,89.976,227.247
neckline edge,41.0748,95.762,89.850,227.272
neckline edge,41.1606,95.934,89.723,227.298
neckline edge,41.2465,96.106,89.596,227.324
neckline edge,41.3323,96.277,89.468,227.349
neckline edge,41.4182,96.448,89.340,227.375
neckline edge,41.5040,96.619,89.212,227.401
neckline edge,41.5898,96.790,89.084,227.427
neckline edge,41.6757,96.961,88.955,227.453
neckline edge,41.7615,97.131,88.826,227.478
neckline edge,41.8474,97.302,88.697,227.504
neckline edge,41.9332,97.472,88.567,227.530
neckline edge,42.0190,97.642,88.438,227.556
neckline edge,42.1049,97.811,88.308,227.582
neckline edge,42.1907,97.981,88.178,227.608
neckline edge,42.2766,98.150,88.047,227.634
neckline edge,42.3624,98.320,87.916,227.660
neckline edge,42.4482,98.488,87.785,227.686
neckline edge,42.5341,98.657,87.654,227.712
neckline edge,42.6199,98.826,87.523,227.738
neckline edge,42.7058,98.994,87.391,227.764
neckline edge,42.7916,99.163,87.259,227.790
neckline edge,42.8774,99.331,87.127,227.816
neckline edge,42.9633,99.499,86.995,227.843
neckline edge,43.0491,99.667,86.862,227.869
neckline edge,43.1350,99.834,86.730,227.895
neckline edge,43.2208,100.002,86.597,227.921
neckline edge,43.3067,100.169,86.464,227.947
neckline edge,43.3925,100.336,86.330,227.974
neckline edge,43.4783,100.503,86.197,228.000
neckline edge,43.5642,100.670,86.063,228.026
neckline edge,43.6500,100.837,85.929,228.053
neckline edge,43.7359,101.003,85.795,228.079
neckline edge,43.8217,101.170,85.661,228.105
neckline edge,43.9075,101.336,85.527,228.132
neckline edge,43.9934,101.502,85.392,228.158
neckline edge,44.0792,101.668,85.258,228.185
neckline edge,44.1651,101.834,85.123,228.211
neckline edge,44.2509,102.000,84.988,228.237
neckline edge,44.3367,102.165,84.853,228.264
neckline edge,44.4226,102.331,84.717,228.290
neckline edge,44.5084,102.496,84.582,228.317
neckline edge,44.5943,102.661,84.446,228.344
neckline edge,44.6801,102.827,84.311,228.370
neckline edge,44.7659,102.992,84.175,228.397
neckline edge,44.8518,103.156,84.039,228.423
neckline edge,44.9376,103.321,83.903,228.450
neckline edge,45.0235,103.486,83.766,228.476
neckline edge,45.1093,103.650,83.630,228.503
neckline edge,45.1951,103.815,83.494,228.530
neckline edge,45.2810,103.979,83.357,228.556
neckline edge,45.3668,104.143,83.220,228.583
neckline edge,45.4527,104.307,83.084,228.610
neckline edge,45.5385,104.471,82.947,228.637
neckline edge,45.6244,104.635,82.810,228.663
neckline edge,45.7102,104.799,82.673,228.690
neckline edge,45.7960,104.963,82.536,228.717
neckline edge,45.8819,105.126,82.398,228.744
neckline edge,45.9677,105.290,82.261,228.771
neckline edge,46.0536,105.453,82.124,228.797
neckline edge,46.1394,105.617,81.986,228.824
neckline edge,46.2252,105.780,81.849,228.851
neckline edge,46.3111,105.943,81.711,228.878
neckline edge,46.3969,106.106,81.573,228.905
neckline edge,46.4828,106.269,81.436,228.932
neckline edge,46.5686,106.432,81.298,228.959
neckline edge,46.6544,106.595,81.160,228.986
neckline edge,46.7403,106.758,81.022,229.013
neckline edge,46.8261,106.921,80.884,229.040
neckline edge,46.9120,107.084,80.746,229.067
neckline edge,46.9978,107.246,80.608,229.094
neckline edge,47.0836,107.409,80.470,229.121
neckline edge,47.1695,107.571,80.332,229.148
neckline edge,47.2553,107.734,80.194,229.175
neckline edge,47.3412,107.896,80.055,229.202
neckline edge,47.4270,108.059,79.917,229.229
neckline edge,47.5128,108.221,79.779,229.256
neckline edge,47.5987,108.383,79.641,229.283
neckline edge,47.6845,108.546,79.502,229.311
neckline edge,47.7704,108.708,79.364,229.338
neckline edge,47.8562,108.870,79.226,229.365
neckline edge,47.9421,109.032,79.088,229.392
neckline edge,48.0279,109.194,78.949,229.419
neckline edge,48.1137,109.356,78.811,229.446
neckline edge,48.1996,109.519,78.672,229.474
neckline edge,48.2854,109.680,78.534,229.501
neckline edge,48.3713,109.842,78.396,229.528
neckline edge,48.4571,110.004,78.258,229.555
neckline edge,48.5429,110.166,78.119,229.583
neckline edge,48.6288,110.328,77.981,229.610
neckline edge,48.7146,110.490,77.843,229.637
neckline edge,48.8005,110.652,77.705,229.665
neckline edge,48.8863,110.814,77.566,229.692
neckline edge,48.9721,110.976,77.428,229.719
neckline edge,49.0580,111.138,77.290,229.747
neckline edge,49.1438,111.299,77.152,229.774
neckline edge,49.2297,111.461,77.014,229.801
neckline edge,49.3155,111.623,76.876,229.829
neckline edge,49.4013,111.785,76.738,229.856
neckline edge,49.4872,111.947,76.600,229.884
neckline edge,49.5730,112.109,76.462,229.911
neckline edge,49.6589,112.271,76.324,229.939
neckline edge,49.7447,112.433,76.187,229.966
neckline edge,49.8305,112.595,76.049,229.993
neckline edge,49.9164,112.756,75.911,230.021
neckline edge,50.0022,112.919,75.774,230.048
neckline edge,50.0881,113.081,75.636,230.076
neckline edge,50.1739,113.242,75.499,230.103
neckline edge,50.2598,113.404,75.362,230.131
neckline edge,50.3456,113.567,75.224,230.159
neckline edge,50.4314,113.729,75.087,230.186
neckline edge,50.5173,113.891,74.950,230.214
neckline edge,50.6031,114.053,74.813,230.241
neckline edge,50.6890,114.215,74.676,230.269
neckline edge,50.7748,114.377,74.539,230.296
neckline edge,50.8606,114.540,74.402,230.324
neckline edge,50.9465,114.702,74.266,230.352
neckline edge,51.0323,114.864,74.129,230.379
neckline edge,51.1182,115.027,73.993,230.407
neckline edge,51.2040,115.189,73.856,230.434
neckline edge,51.2898,115.351,73.720,230.462
neckline edge,51.3757,115.514,73.584,230.490
neckline edge,51.4615,115.677,73.448,230.517
neckline edge,51.5474,115.839,73.312,230.545
neckline edge,51.6332,116.002,73.177,230.573
neckline edge,51.7190,116.165,73.041,230.600
neckline edge,51.8049,116.327,72.906,230.628
neckline edge,51.8907,116.491,72.770,230.656
neckline edge,51.9766,116.654,72.635,230.684
neckline edge,52.0624,116.816,72.500,230.711
neckline edge,52.1482,116.979,72.365,230.739
neckline edge,52.2341,117.143,72.230,230.767
neckline edge,52.3199,117.306,72.096,230.794
neckline edge,52.4058,117.469,71.961,230.822
neckline edge,52.4916,117.633,71.828,230.850
neckline edge,52.5775,117.796,71.693,230.878
neckline edge,52.6633,117.960,71.559,230.906
neckline edge,52.7491,118.124,71.425,230.933
neckline edge,52.8350,118.287,71.292,230.961
neckline edge,52.9208,118.451,71.158,230.989
neckline edge,53.0067,118.616,71.025,231.017
neckline edge,53.0925,118.780,70.892,231.044
neckline edge,53.1783,118.944,70.759,231.072
neckline edge,53.2642,119.108,70.627,231.100
neckline edge,53.3500,119.273,70.494,231.128
neckline edge,53.4359,119.437,70.361,231.156
neckline edge,53.5217,119.602,70.229,231.184
neckline edge,53.6075,119.766,70.098,231.211
neckline edge,53.6934,119.931,69.966,231.239
neckline edge,53.7792,120.096,69.834,231.267
neckline edge,53.8651,120.261,69.703,231.295
neckline edge,53.9509,120.426,69.572,231.323
neckline edge,54.0367,120.592,69.441,231.351
neckline edge,54.1226,120.758,69.310,231.379
neckline edge,54.2084,120.923,69.180,231.407
neckline edge,54.2943,121.089,69.050,231.434
neckline edge,54.3801,121.254,68.920,231.462
neckline edge,54.4659,121.421,68.790,231.490
neckline edge,54.5518,121.587,68.661,231.518
neckline edge,54.6376,121.753,68.531,231.546
neckline edge,54.7235,121.919,68.403,231.574
neckline edge,54.8093,122.086,68.274,231.602
neckline edge,54.8951,122.253,68.145,231.630
neckline edge,54.9810,122.420,68.017,231.658
neckline edge,55.0668,122.586,67.889,231.686
neckline edge,55.1527,122.753,67.762,231.714
neckline edge,55.2385,122.921,67.634,231.742
neckline edge,55.3244,123.088,67.507,231.770
neckline edge,55.4102,123.256,67.380,231.798
neckline edge,55.4960,123.423,67.254,231.825
neckline edge,55.5819,123.591,67.127,231.853
neckline edge,55.6677,123.759,67.001,231.881
neckline edge,55.7536,123.928,66.875,231.909
neckline edge,55.8394,124.096,66.750,231.937
neckline edge,55.9252,124.264,66.625,231.965
neckline edge,56.0111,124.434,66.500,231.993
neckline edge,56.0969,124.603,66.375,232.021
neckline edge,56.1828,124.771,66.251,232.049
neckline edge,56.2686,124.940,66.128,232.077
neckline edge,56.3544,125.110,66.004,232.105
neckline edge,56.4403,125.280,65.880,232.133
neckline edge,56.5261,125.450,65.757,232.161
neckline edge,56.6120,125.620,65.635,232.189
neckline edge,56.6978,125.790,65.513,232.217
neckline edge,56.7836,125.960,65.391,232.245
neckline edge,56.8695,126.130,65.270,232.273
neckline edge,56.9553,126.300,65.148,232.301
neckline edge,57.0412,126.470,65.025,232.329
neckline edge,57.1270,126.639,64.902,232.357
neckline edge,57.2128,126.809,64.779,232.385
neckline edge,57.2987,126.978,64.656,232.413
neckline edge,57.3845,127.147,64.533,232.441
neckline edge,57.4704,127.316,64.409,232.469
neckline edge,57.5562,127.484,64.285,232.497
neckline edge,57.6421,127.653,64.161,232.525
neckline edge,57.7279,127.821,64.037,232.553
neckline edge,57.8137,127.989,63.912,232.581
neckline edge,57.8996,128.156,63.787,232.609
neckline edge,57.9854,128.324,63.662,232.637
neckline edge,58.0713,128.491,63.536,232.665
neckline edge,58.1571,128.658,63.411,232.693
neckline edge,58.2429,128.825,63.285,232.721
neckline edge,58.3288,128.992,63.158,232.749
neckline edge,58.4146,129.158,63.032,232.777
neckline edge,58.5005,129.324,62.906,232.805
neckline edge,58.5863,129.490,62.779,232.833
neckline edge,58.6721,129.656,62.652,232.861
neckline edge,58.7580,129.821,62.524,232.889
neckline edge,58.8438,129.986,62.397,232.917
neckline edge,58.9297,130.151,62.269,232.945
neckline edge,59.0155,130.316,62.141,232.973
neckline edge,59.1013,130.481,62.012,233.001
neckline edge,59.1872,130.645,61.884,233.029
neckline edge,59.2730,130.809,61.755,233.057
neckline edge,59.3589,130.973,61.626,233.085
neckline edge,59.4447,131.136,61.497,233.113
neckline edge,59.5305,131.300,61.367,233.141
neckline edge,59.6164,131.463,61.237,233.169
neckline edge,59.7022,131.626,61.107,233.197
neckline edge,59.7881,131.788,60.977,233.224
neckline edge,59.8739,131.951,60.846,233.252
neckline edge,59.9598,132.113,60.716,233.280
neckline edge,60.0456,132.275,60.585,233.308
neckline edge,60.1314,132.437,60.453,233.336
neckline edge,60.2173,132.598,60.322,233.364
neckline edge,60.3031,132.759,60.190,233.392
neckline edge,60.3890,132.920,60.058,233.420
neckline edge,60.4748,133.080,59.926,233.448
neckline edge,60.5606,133.241,59.793,233.476
neckline edge,60.6465,133.401,59.661,233.504
neckline edge,60.7323,133.561,59.528,233.532
neckline edge,60.8182,133.720,59.394,233.560
neckline edge,60.9040,133.880,59.261,233.588
neckline edge,60.9898,134.039,59.127,233.616
neckline edge,61.0757,134.198,58.993,233.643
neckline edge,61.1615,134.357,58.859,233.671
neckline edge,61.2474,134.515,58.724,233.699
neckline edge,61.3332,134.673,58.589,233.727
neckline edge,61.4190,134.831,58.454,233.755
neckline edge,61.5049,134.989,58.319,233.783
neckline edge,61.5907,135.146,58.184,233.811
neckline edge,61.6766,135.303,58.048,233.839
neckline edge,61.7624,135.460,57.912,233.866
neckline edge,61.8482,135.616,57.776,233.894
neckline edge,61.9341,135.773,57.639,233.922
neckline edge,62.0199,135.929,57.502,233.950
neckline edge,62.1058,136.085,57.365,233.978
neckline edge,62.1916,136.240,57.228,234.006
neckline edge,62.2775,136.395,57.091,234.033
neckline edge,62.3633,136.550,56.953,234.061
neckline edge,62.4491,136.705,56.815,234.089
neckline edge,62.5350,136.859,56.677,234.117
neckline edge,62.6208,137.013,56.538,234.145
neckline edge,62.7067,137.167,56.399,234.172
neckline edge,62.7925,137.321,56.260,234.200
neckline edge,62.8783,137.474,56.121,234.228
neckline edge,62.9642,137.627,55.981,234.256
neckline edge,63.0500,137.780,55.841,234.284
neckline edge,63.1359,137.933,55.701,234.311
neckline edge,63.2217,138.085,55.561,234.339
neckline edge,63.3075,138.237,55.420,234.367
neckline edge,63.3934,138.388,55.280,234.394
neckline edge,63.4792,138.540,55.138,234.422
neckline edge,63.5651,138.691,54.997,234.450
neckline edge,63.6509,138.842,54.856,234.478
neckline edge,63.7367,138.992,54.714,234.505
neckline edge,63.8226,139.142,54.572,234.533
neckline edge,63.9084,139.292,54.429,234.561
neckline edge,63.9943,139.442,54.287,234.588
neckline edge,64.0801,139.591,54.144,234.616
neckline edge,64.1659,139.740,54.001,234.644
neckline edge,64.2518,139.889,53.857,234.671
neckline edge,64.3376,140.038,53.713,234.699
neckline edge,64.4235,140.186,53.570,234.726
neckline edge,64.5093,140.333,53.425,234.754
neckline edge,64.5952,140.481,53.281,234.782
neckline edge,64.6810,140.629,53.136,234.809
neckline edge,64.7668,140.776,52.991,234.837
neckline edge,64.8527,140.922,52.846,234.864
neckline edge,64.9385,141.068,52.701,234.892
neckline edge,65.0244,141.215,52.555,234.920
neckline edge,65.1102,141.360,52.409,234.947
neckline edge,65.1960,141.506,52.263,234.975
neckline edge,65.2819,141.651,52.116,235.002
neckline edge,65.3677,141.796,51.969,235.030
neckline edge,65.4536,141.940,51.822,235.057
neckline edge,65.5394,142.084,51.675,235.085
neckline edge,65.6252,142.228,51.528,235.112
neckline edge,65.7111,142.372,51.380,235.140
neckline edge,65.7969,142.515,51.232,235.167
neckline edge,65.8828,142.658,51.083,235.194
neckline edge,65.9686,142.801,50.935,235.222
neckline edge,66.0544,142.943,50.786,235.249
neckline edge,66.1403,143.085,50.637,235.277
neckline edge,66.2261,143.227,50.487,235.304
neckline edge,66.3120,143.368,50.338,235.331
neckline edge,66.3978,143.509,50.188,235.359
neckline edge,66.4836,143.650,50.038,235.386
neckline edge,66.5695,143.790,49.887,235.413
neckline edge,66.6553,143.930,49.737,235.441
neckline edge,66.7412,144.070,49.586,235.468
neckline edge,66.8270,144.209,49.434,235.495
neckline edge,66.9129,144.348,49.283,235.523
neckline edge,66.9987,144.487,49.131,235.550
neckline edge,67.0845,144.625,48.979,235.577
neckline edge,67.1704,144.763,48.827,235.604
neckline edge,67.2562,144.901,48.674,235.632
neckline edge,67.3421,145.039,48.522,235.659
neckline edge,67.4279,145.176,48.369,235.686
neckline edge,67.5137,145.312,48.215,235.713
neckline edge,67.5996,145.449,48.062,235.741
neckline edge,67.6854,145.585,47.908,235.768
neckline edge,67.7713,145.721,47.754,235.795
neckline edge,67.8571,145.856,47.599,235.822
neckline edge,67.9429,145.991,47.445,235.849
neckline edge,68.0288,146.126,47.290,235.876
neckline edge,68.1146,146.260,47.135,235.903
neckline edge,68.2005,146.394,46.979,235.930
neckline edge,68.2863,146.527,46.824,235.957
neckline edge,68.3721,146.661,46.668,235.984
neckline edge,68.4580,146.793,46.511,236.011
neckline edge,68.5438,146.926,46.355,236.038
neckline edge,68.6297,147.058,46.199,236.065
neckline edge,68.7155,147.190,46.041,236.092
neckline edge,68.8013,147.321,45.884,236.119
neckline edge,68.8872,147.452,45.727,236.146
neckline edge,68.9730,147.583,45.569,236.173
neckline edge,69.0589,147.713,45.411,236.200
neckline edge,69.1447,147.843,45.252,236.227
neckline edge,69.2306,147.973,45.094,236.254
neckline edge,69.3164,148.102,44.935,236.281
neckline edge,69.4022,148.231,44.776,236.308
neckline edge,69.4881,148.360,44.616,236.335
neckline edge,69.5739,148.488,44.456,236.361
neckline edge,69.6598,148.615,44.297,236.388
neckline edge,69.7456,148.743,44.137,236.415
neckline edge,69.8314,148.870,43.976,236.442
neckline edge,69.9173,148.996,43.815,236.468
neckline edge,70.0031,149.123,43.655,236.495
neckline edge,70.0890,149.248,43.493,236.522
neckline edge,70.1748,149.374,43.332,236.549
neckline edge,70.2606,149.499,43.170,236.575
neckline edge,70.3465,149.624,43.008,236.602
neckline edge,70.4323,149.748,42.846,236.629
neckline edge,70.5182,149.872,42.684,236.655
neckline edge,70.6040,149.995,42.520,236.682
neckline edge,70.6898,150.118,42.357,236.708
neckline edge,70.7757,150.241,42.194,236.735
neckline edge,70.8615,150.363,42.031,236.762
neckline edge,70.9474,150.485,41.867,236.788
neckline edge,71.0332,150.607,41.702,236.815
neckline edge,71.1190,150.728,41.538,236.841
neckline edge,71.2049,150.849,41.373,236.868
neckline edge,71.2907,150.969,41.208,236.894
neckline edge,71.3766,151.089,41.043,236.920
neckline edge,71.4624,151.209,40.878,236.947
neckline edge,71.5483,151.328,40.712,236.973
neckline edge,71.6341,151.446,40.546,237.000
neckline edge,71.7199,151.565,40.380,237.026
neckline edge,71.8058,151.683,40.213,237.052
neckline edge,71.8916,151.800,40.047,237.079
neckline edge,71.9775,151.917,39.880,237.105
neckline edge,72.0633,152.033,39.713,237.131
neckline edge,72.1491,152.150,39.545,237.157
neckline edge,72.2350,152.265,39.377,237.184
neckline edge,72.3208,152.381,39.209,237.210
neckline edge,72.4067,152.496,39.041,237.236
neckline edge,72.4925,152.610,38.872,237.262
neckline edge,72.5783,152.724,38.703,237.288
neckline edge,72.6642,152.838,38.534,237.314
neckline edge,72.7500,152.951,38.365,237.341
neckline edge,72.8359,153.064,38.195,237.367
neckline edge,72.9217,153.176,38.025,237.393
neckline edge,73.0075,153.288,37.855,237.419
neckline edge,73.0934,153.400,37.685,237.445
neckline edge,73.1792,153.511,37.514,237.471
neckline edge,73.2651,153.621,37.343,237.497
neckline edge,73.3509,153.731,37.172,237.523
neckline edge,73.4367,153.841,37.001,237.549
neckline edge,73.5226,153.950,36.829,237.574
neckline edge,73.6084,154.059,36.657,237.600
neckline edge,73.6943,154.167,36.485,237.626
neckline edge,73.7801,154.275,36.313,237.652
neckline edge,73.8660,154.383,36.140,237.678
neckline edge,73.9518,154.490,35.967,237.704
neckline edge,74.0376,154.596,35.794,237.729
neckline edge,74.1235,154.702,35.620,237.755
neckline edge,74.2093,154.808,35.447,237.781
neckline edge,74.2952,154.913,35.273,237.807
neckline edge,74.3810,155.018,35.098,237.832
neckline edge,74.4668,155.122,34.924,237.858
neckline edge,74.5527,155.226,34.749,237.883
neckline edge,74.6385,155.329,34.574,237.909
neckline edge,74.7244,155.432,34.399,237.935
neckline edge,74.8102,155.534,34.223,237.960
neckline edge,74.8960,155.636,34.048,237.986
neckline edge,74.9819,155.737,33.872,238.011
neckline edge,75.0677,155.838,33.695,238.037
neckline edge,75.1536,155.939,33.519,238.062
neckline edge,75.2394,156.039,33.342,238.088
neckline edge,75.3252,156.138,33.165,238.113
neckline edge,75.4111,156.237,32.988,238.138
neckline edge,75.4969,156.336,32.811,238.164
neckline edge,75.5828,156.434,32.633,238.189
neckline edge,75.6686,156.531,32.455,238.214
neckline edge,75.7544,156.628,32.277,238.239
neckline edge,75.8403,156.725,32.098,238.265
neckline edge,75.9261,156.821,31.919,238.290
neckline edge,76.0120,156.916,31.740,238.315
neckline edge,76.0978,157.011,31.561,238.340
neckline edge,76.1837,157.106,31.382,238.365
neckline edge,76.2695,157.200,31.202,238.391
neckline edge,76.3553,157.294,31.022,238.416
neckline edge,76.4412,157.387,30.842,238.441
neckline edge,76.5270,157.479,30.662,238.466
neckline edge,76.6129,157.571,30.481,238.491
neckline edge,76.6987,157.663,30.300,238.516
neckline edge,76.7845,157.754,30.119,238.541
neckline edge,76.8704,157.844,29.938,238.566
neckline edge,76.9562,157.934,29.756,238.590
neckline edge,77.0421,158.024,29.574,238.615
neckline edge,77.1279,158.113,29.392,238.640
neckline edge,77.2137,158.201,29.210,238.665
neckline edge,77.2996,158.289,29.028,238.690
neckline edge,77.3854,158.376,28.845,238.714
neckline edge,77.4713,158.463,28.662,238.739
neckline edge,77.5571,158.549,28.479,238.764
neckline edge,77.6429,158.635,28.295,238.789
neckline edge,77.7288,158.720,28.111,238.813
neckline edge,77.8146,158.805,27.927,238.838
neckline edge,77.9005,158.889,27.743,238.862
neckline edge,77.9863,158.973,27.559,238.887
neckline edge,78.0721,159.056,27.374,238.911
neckline edge,78.1580,159.139,27.189,238.936
neckline edge,78.2438,159.221,27.004,238.960
neckline edge,78.3297,159.302,26.819,238.985
neckline edge,78.4155,159.383,26.634,239.009
neckline edge,78.5014,159.464,26.448,239.034
neckline edge,78.5872,159.543,26.262,239.058
neckline edge,78.6730,159.623,26.076,239.082
neckline edge,78.7589,159.701,25.890,239.107
neckline edge,78.8447,159.780,25.703,239.131
neckline edge,78.9306,159.857,25.516,239.155
neckline edge,79.0164,159.934,25.329,239.179
neckline edge,79.1022,160.011,25.142,239.203
neckline edge,79.1881,160.087,24.955,239.227
neckline edge,79.2739,160.162,24.767,239.252
neckline edge,79.3598,160.237,24.579,239.276
neckline edge,79.4456,160.311,24.391,239.300
neckline edge,79.5314,160.385,24.203,239.324
neckline edge,79.6173,160.458,24.014,239.348
neckline edge,79.7031,160.531,23.825,239.372
neckline edge,79.7890,160.602,23.637,239.396
neckline edge,79.8748,160.674,23.448,239.419
neckline edge,79.9606,160.745,23.258,239.443
neckline edge,80.0465,160.815,23.068,239.467
neckline edge,80.1323,160.885,22.879,239.491
neckline edge,80.2182,160.954,22.689,239.515
neckline edge,80.3040,161.022,22.499,239.538
neckline edge,80.3898,161.090,22.309,239.562
neckline edge,80.4757,161.157,22.118,239.586
neckline edge,80.5615,161.224,21.928,239.609
neckline edge,80.6474,161.290,21.737,239.633
neckline edge,80.7332,161.356,21.546,239.656
neckline edge,80.8191,161.421,21.354,239.680
neckline edge,80.9049,161.485,21.163,239.703
neckline edge,80.9907,161.549,20.971,239.727
neckline edge,81.0766,161.612,20.779,239.750
neckline edge,81.1624,161.675,20.587,239.774
neckline edge,81.2483,161.737,20.395,239.797
neckline edge,81.3341,161.798,20.203,239.820
neckline edge,81.4199,161.859,20.010,239.844
neckline edge,81.5058,161.919,19.817,239.867
neckline edge,81.5916,161.978,19.624,239.890
neckline edge,81.6775,162.037,19.431,239.913
neckline edge,81.7633,162.096,19.238,239.936
neckline edge,81.8491,162.153,19.045,239.959
neckline edge,81.9350,162.211,18.851,239.983
neckline edge,82.0208,162.297,18.670,239.870
neckline edge,82.1067,162.473,18.530,239.326
neckline edge,82.1925,162.641,18.393,238.774
neckline edge,82.2783,162.799,18.258,238.214
neckline edge,82.3642,162.948,18.126,237.645
neckline edge,82.4500,163.086,17.998,237.068
neckline edge,82.5359,163.213,17.873,236.484
neckline edge,82.6217,163.330,17.751,235.892
neckline edge,82.7075,163.435,17.633,235.294
neckline edge,82.7934,163.527,17.520,234.688
neckline edge,82.8792,163.608,17.411,234.076
neckline edge,82.9651,163.676,17.305,233.458
neckline edge,83.0509,163.730,17.205,232.834
neckline edge,83.1368,163.771,17.109,232.205
neckline edge,83.2226,163.799,17.018,231.570
neckline edge,83.3084,163.812,16.932,230.930
neckline edge,83.3943,163.812,16.851,230.286
neckline edge,83.4801,163.798,16.776,229.637
neckline edge,83.5660,163.769,16.706,228.984
neckline edge,83.6518,163.726,16.641,228.328
neckline edge,83.7376,163.669,16.582,227.668
neckline edge,83.8235,163.598,16.529,227.004
neckline edge,83.9093,163.512,16.481,226.338
neckline edge,83.9952,163.413,16.439,225.669
neckline edge,84.0810,163.300,16.402,224.998
neckline edge,84.1668,163.173,16.371,224.325
neckline edge,84.2527,163.033,16.345,223.650
neckline edge,84.3385,162.880,16.325,222.974
neckline edge,84.4244,162.714,16.310,222.296
neckline edge,84.5102,162.536,16.300,221.618
neckline edge,84.5960,162.347,16.295,220.939
neckline edge,84.6819,162.146,16.295,220.260
neckline edge,84.7677,161.935,16.300,219.581
neckline edge,84.8536,161.713,16.308,218.903
neckline edge,84.9394,161.482,16.321,218.225
neckline edge,85.0252,161.242,16.338,217.547
neckline edge,85.1111,160.993,16.358,216.872
neckline edge,85.1969,160.738,16.381,216.197
neckline edge,85.2828,160.475,16.407,215.525
neckline edge,85.3686,160.206,16.436,214.854
neckline edge,85.4545,159.932,16.466,214.187
neckline edge,85.5403,159.654,16.499,213.521
neckline edge,85.6261,159.371,16.532,212.859
neckline edge,85.7120,159.086,16.567,212.200
neckline edge,85.7978,158.799,16.602,211.545
neckline edge,85.8837,158.510,16.638,210.893
neckline edge,85.9695,158.221,16.673,210.246
neckline edge,86.0553,157.932,16.707,209.603
neckline edge,86.1412,157.644,16.741,208.965
neckline edge,86.2270,157.358,16.773,208.333
neckline edge,86.3129,157.074,16.803,207.705
neckline edge,86.3987,156.794,16.831,207.083
neckline edge,86.4845,156.517,16.856,206.467
neckline edge,86.5704,156.246,16.879,205.858
neckline edge,86.6562,155.979,16.898,205.255
neckline edge,86.7421,155.719,16.913,204.658
neckline edge,86.8279,155.465,16.925,204.069
neckline edge,86.9137,155.218,16.932,203.488
neckline edge,86.9996,154.973,16.935,202.914
neckline edge,87.0854,154.712,16.934,202.348
neckline edge,87.1713,154.431,16.928,201.790
neckline edge,87.2571,154.131,16.917,201.241
neckline edge,87.3429,153.816,16.902,200.701
neckline edge,87.4288,153.486,16.881,200.170
neckline edge,87.5146,153.145,16.856,199.649
neckline edge,87.6005,152.793,16.826,199.138
neckline edge,87.6863,152.432,16.790,198.636
neckline edge,87.7722,152.065,16.749,198.145
neckline edge,87.8580,151.693,16.703,197.665
neckline edge,87.9438,151.318,16.652,197.195
neckline edge,88.0297,150.941,16.595,196.737
neckline edge,88.1155,150.563,16.534,196.291
neckline edge,88.2014,150.187,16.466,195.856
neckline edge,88.2872,149.814,16.394,195.434
neckline edge,88.3730,149.444,16.316,195.024
neckline edge,88.4589,149.080,16.233,194.627
neckline edge,88.5447,148.723,16.145,194.242
neckline edge,88.6306,148.373,16.052,193.872
neckline edge,88.7164,148.032,15.953,193.514
neckline edge,88.8022,147.702,15.849,193.171
neckline edge,88.8881,147.382,15.741,192.842
neckline edge,88.9739,147.075,15.627,192.528
neckline edge,89.0598,146.780,15.508,192.228
neckline edge,89.1456,146.500,15.385,191.944
neckline edge,89.2314,146.234,15.256,191.674
neckline edge,89.3173,145.984,15.123,191.421
neckline edge,89.4031,145.750,14.985,191.184
neckline edge,89.4890,145.533,14.843,190.963
neckline edge,89.5748,145.334,14.696,190.758
neckline edge,89.6606,145.153,14.545,190.570
neckline edge,89.7465,144.992,14.389,190.400
neckline edge,89.8323,144.850,14.229,190.247
neckline edge,89.9182,144.728,14.064,190.112
neckline edge,90.0040,144.627,13.895,189.995
neckline edge,90.0899,144.536,13.723,189.887
neckline edge,90.1757,144.444,13.552,189.779
neckline edge,90.2615,144.354,13.380,189.673
neckline edge,90.3474,144.263,13.207,189.567
neckline edge,90.4332,144.173,13.035,189.462
neckline edge,90.5191,144.083,12.862,189.358
neckline edge,90.6049,143.993,12.689,189.255
neckline edge,90.6907,143.904,12.515,189.152
neckline edge,90.7766,143.815,12.341,189.051
neckline edge,90.8624,143.726,12.167,188.950
neckline edge,90.9483,143.637,11.993,188.850
neckline edge,91.0341,143.549,11.818,188.751
neckline edge,91.1199,143.461,11.643,188.653
neckline edge,91.2058,143.374,11.468,188.555
neckline edge,91.2916,143.286,11.292,188.458
neckline edge,91.3775,143.199,11.117,188.362
neckline edge,91.4633,143.113,10.941,188.267
neckline edge,91.5491,143.026,10.765,188.173
neckline edge,91.6350,142.940,10.588,188.079
neckline edge,91.7208,142.855,10.411,187.987
neckline edge,91.8067,142.769,10.235,187.894
neckline edge,91.8925,142.684,10.058,187.803
neckline edge,91.9783,142.599,9.880,187.713
neckline edge,92.0642,142.515,9.702,187.623
neckline edge,92.1500,142.431,9.525,187.534
neckline edge,92.2359,142.347,9.347,187.446
neckline edge,92.3217,142.264,9.168,187.358
neckline edge,92.4076,142.180,8.990,187.271
neckline edge,92.4934,142.098,8.812,187.185
neckline edge,92.5792,142.015,8.632,187.100
neckline edge,92.6651,141.933,8.453,187.015
neckline edge,92.7509,141.851,8.274,186.931
neckline edge,92.8368,141.769,8.095,186.848
neckline edge,92.9226,141.688,7.915,186.765
neckline edge,93.0084,141.607,7.736,186.684
neckline edge,93.0943,141.526,7.555,186.602
neckline edge,93.1801,141.446,7.375,186.522
neckline edge,93.2660,141.366,7.195,186.442
neckline edge,93.3518,141.286,7.014,186.363
neckline edge,93.4376,141.207,6.834,186.285
neckline edge,93.5235,141.128,6.653,186.207
neckline edge,93.6093,141.049,6.472,186.130
neckline edge,93.6952,140.970,6.291,186.053
neckline edge,93.7810,140.892,6.109,185.978
neckline edge,93.8668,140.814,5.928,185.902
neckline edge,93.9527,140.736,5.747,185.828
neckline edge,94.0385,140.659,5.565,185.754
neckline edge,94.1244,140.581,5.384,185.681
neckline edge,94.2102,140.505,5.201,185.608
neckline edge,94.2960,140.428,5.019,185.536
neckline edge,94.3819,140.352,4.837,185.465
neckline edge,94.4677,140.276,4.654,185.394
neckline edge,94.5536,140.200,4.472,185.324
neckline edge,94.6394,140.124,4.290,185.255
neckline edge,94.7253,140.049,4.107,185.186
neckline edge,94.8111,139.974,3.924,185.117
neckline edge,94.8969,139.899,3.741,185.050
neckline edge,94.9828,139.824,3.558,184.982
neckline edge,95.0686,139.750,3.375,184.916
neckline edge,95.1545,139.676,3.192,184.850
neckline edge,95.2403,139.602,3.008,184.784
neckline edge,95.3261,139.528,2.825,184.719
neckline edge,95.4120,139.454,2.642,184.655
neckline edge,95.4978,139.381,2.458,184.591
neckline edge,95.5837,139.308,2.274,184.528
neckline edge,95.6695,139.235,2.091,184.465
neckline edge,95.7553,139.162,1.907,184.403
neckline edge,95.8412,139.090,1.723,184.342
neckline edge,95.9270,139.018,1.539,184.281
neckline edge,96.0129,138.946,1.355,184.220
neckline edge,96.0987,138.874,1.171,184.160
neckline edge,96.1845,138.802,0.987,184.100
neckline edge,96.2704,138.730,0.802,184.041
neckline edge,96.3562,138.659,0.618,183.983
neckline edge,96.4421,138.588,0.433,183.925
neckline edge,96.5279,138.516,0.249,183.867
neckline edge,96.6137,138.446,0.064,183.810
neckline edge,96.6996,138.375,-0.120,183.754
neckline edge,96.7854,138.304,-0.304,183.698
neckline edge,96.8713,138.233,-0.489,183.642
neckline edge,96.9571,138.163,-0.673,183.587
neckline edge,97.0430,138.093,-0.858,183.532
neckline edge,97.1288,138.023,-1.043,183.478
neckline edge,97.2146,137.953,-1.228,183.425
neckline edge,97.3005,137.883,-1.413,183.371
neckline edge,97.3863,137.813,-1.598,183.318
neckline edge,97.4722,137.743,-1.783,183.266
neckline edge,97.5580,137.673,-1.968,183.214
neckline edge,97.6438,137.604,-2.153,183.162
neckline edge,97.7297,137.534,-2.337,183.111
neckline edge,97.8155,137.465,-2.522,183.061
neckline edge,97.9014,137.396,-2.708,183.010
neckline edge,97.9872,137.326,-2.893,182.961
neckline edge,98.0730,137.257,-3.078,182.911
neckline edge,98.1589,137.188,-3.263,182.862
neckline edge,98.2447,137.119,-3.448,182.813
neckline edge,98.3306,137.050,-3.633,182.765
neckline edge,98.4164,136.981,-3.818,182.717
neckline edge,98.5022,136.912,-4.003,182.670
neckline edge,98.5881,136.843,-4.188,182.623
neckline edge,98.6739,136.774,-4.373,182.576
neckline edge,98.7598,136.705,-4.558,182.529
neckline edge,98.8456,136.636,-4.744,182.483
neckline edge,98.9314,136.567,-4.929,182.438
neckline edge,99.0173,136.499,-5.114,182.392
neckline edge,99.1031,136.430,-5.299,182.347
neckline edge,99.1890,136.361,-5.485,182.303
neckline edge,99.2748,136.292,-5.670,182.258
neckline edge,99.3607,136.223,-5.855,182.214
neckline edge,99.4465,136.154,-6.040,182.171
neckline edge,99.5323,136.085,-6.224,182.127
neckline edge,99.6182,136.016,-6.409,182.084
neckline edge,99.7040,135.947,-6.594,182.042
neckline edge,99.7899,135.878,-6.779,181.999
neckline edge,99.8757,135.808,-6.964,181.957
neckline edge,99.9615,135.739,-7.149,181.915
neckline edge,100.0474,135.670,-7.334,181.874
neckline edge,100.1332,135.600,-7.519,181.833
neckline edge,100.2191,135.531,-7.704,181.792
neckline edge,100.3049,135.461,-7.889,181.751
neckline edge,100.3907,135.392,-8.074,181.711
neckline edge,100.4766,135.322,-8.258,181.671
neckline edge,100.5624,135.252,-8.443,181.631
neckline edge,100.6483,135.182,-8.627,181.591
neckline edge,100.7341,135.112,-8.812,181.552
neckline edge,100.8199,135.042,-8.996,181.513
neckline edge,100.9058,134.972,-9.181,181.474
neckline edge,100.9916,134.902,-9.365,181.435
neckline edge,101.0775,134.831,-9.550,181.397
neckline edge,101.1633,134.760,-9.734,181.359
neckline edge,101.2491,134.690,-9.919,181.321
neckline edge,101.3350,134.619,-10.103,181.283
neckline edge,101.4208,134.547,-10.287,181.245
neckline edge,101.5067,134.476,-10.471,181.208
neckline edge,101.5925,134.405,-10.655,181.171
neckline edge,101.6784,134.333,-10.839,181.134
neckline edge,101.7642,134.261,-11.023,181.097
neckline edge,101.8500,134.189,-11.206,181.061
neckline edge,101.9359,134.117,-11.390,181.024
neckline edge,102.0217,134.045,-11.574,180.988
neckline edge,102.1076,133.972,-11.757,180.952
neckline edge,102.1934,133.900,-11.941,180.916
neckline edge,102.2792,133.827,-12.125,180.881
neckline edge,102.3651,133.754,-12.308,180.845
neckline edge,102.4509,133.680,-12.492,180.810
neckline edge,102.5368,133.607,-12.675,180.775
neckline edge,102.6226,133.533,-12.858,180.740
neckline edge,102.7084,133.459,-13.041,180.705
neckline edge,102.7943,133.384,-13.224,180.670
neckline edge,102.8801,133.310,-13.407,180.635
neckline edge,102.9660,133.235,-13.589,180.601
armhole seam +split (down),102.9660,133.235,-13.589,180.601
armhole seam +split (down),102.9660,132.678,-13.502,180.132
armhole seam +split (down),102.9660,132.122,-13.418,179.664
armhole seam +split (down),102.9660,131.568,-13.339,179.196
armhole seam +split (down),102.9660,131.017,-13.265,178.727
armhole seam +split (down),102.9660,130.469,-13.196,178.259
armhole seam +split (down),102.9660,129.924,-13.132,177.790
armhole seam +split (down),102.9660,129.383,-13.072,177.322
armhole seam +split (down),102.9660,128.845,-13.017,176.854
armhole seam +split (down),102.9660,128.313,-12.968,176.385
armhole seam +split (down),102.9660,127.785,-12.924,175.917
armhole seam +split (down),102.9660,127.262,-12.885,175.448
armhole seam +split (down),102.9660,126.745,-12.852,174.980
armhole seam +split (down),102.9660,126.234,-12.823,174.512
armhole seam +split (down),102.9660,125.729,-12.799,174.043
armhole seam +split (down),102.9660,125.231,-12.781,173.575
armhole seam +split (down),102.9660,124.739,-12.768,173.106
armhole seam +split (down),102.9660,124.255,-12.761,172.638
armhole seam +split (down),102.9660,123.779,-12.758,172.170
armhole seam +split (down),102.9660,123.310,-12.761,171.701
armhole seam +split (down),102.9660,122.850,-12.770,171.233
armhole seam +split (down),102.9660,122.398,-12.784,170.764
armhole seam +split (down),102.9660,121.955,-12.803,170.296
armhole seam +split (down),102.9660,121.522,-12.827,169.828
armhole seam +split (down),102.9660,121.097,-12.857,169.359
armhole seam +split (down),102.9660,120.683,-12.891,168.891
armhole seam +split (down),102.9660,120.279,-12.931,168.423
armhole seam +split (down),102.9660,119.884,-12.976,167.954
armhole seam +split (down),102.9660,119.501,-13.026,167.486
armhole seam +split (down),102.9660,119.128,-13.082,167.017
armhole seam +split (down),102.9660,118.767,-13.142,166.549
armhole seam +split (down),102.9660,118.417,-13.208,166.081
armhole seam +split (down),102.9660,118.078,-13.278,165.612
armhole seam +split (down),102.9660,117.751,-13.354,165.144
armhole seam +split (down),102.9660,117.436,-13.434,164.675
armhole seam +split (down),102.9660,117.134,-13.518,164.207
armhole seam +split (down),102.9660,116.844,-13.608,163.739
armhole seam +split (down),102.9660,116.567,-13.702,163.270
armhole seam +split (down),102.9660,116.303,-13.800,162.802
armhole seam +split (down),102.9660,116.052,-13.902,162.333
armhole seam +split (down),102.9660,115.814,-14.009,161.865
armhole seam +split (down),102.9660,115.590,-14.121,161.397
armhole seam +split (down),102.9660,115.379,-14.236,160.928
armhole seam +split (down),102.9660,115.183,-14.356,160.460
armhole seam +split (down),102.9660,115.000,-14.479,159.992
armhole seam +split (down),102.9660,114.832,-14.607,159.523
armhole seam +split (down),102.9660,114.678,-14.737,159.055
armhole seam +split (down),102.9660,114.539,-14.872,158.586
armhole seam +split (down),102.9660,114.415,-15.010,158.118
armhole seam +split (down),102.9660,114.306,-15.151,157.650
armhole seam +split (down),102.9660,114.211,-15.295,157.181
armhole seam +split (down),102.9660,114.132,-15.443,156.713
armhole seam +split (down),102.9660,114.068,-15.594,156.244
armhole seam +split (down),102.9660,114.020,-15.747,155.776
armhole seam +split (down),102.9660,113.989,-15.904,155.308
armhole seam +split (down),102.9660,113.971,-16.063,154.839
armhole seam +split (down),102.9660,113.970,-16.225,154.371
armhole seam +split (down),102.9660,113.986,-16.389,153.902
armhole seam +split (down),102.9660,114.018,-16.555,153.434
armhole seam +split (down),102.9660,114.066,-16.723,152.966
armhole seam +split (down),102.9660,114.130,-16.894,152.497
armhole seam +split (down),102.9660,114.207,-17.066,152.029
armhole seam +split (down),102.9660,114.283,-17.237,151.560
armhole seam +split (down),102.9660,114.359,-17.408,151.092
armhole seam +split (down),102.9660,114.435,-17.579,150.624
armhole seam +split (down),102.9660,114.510,-17.748,150.155
armhole seam +split (down),102.9660,114.584,-17.917,149.687
armhole seam +split (down),102.9660,114.658,-18.084,149.219
armhole seam +split (down),102.9660,114.731,-18.251,148.750
armhole seam +split (down),102.9660,114.803,-18.416,148.282
armhole seam +split (down),102.9660,114.873,-18.580,147.813
armhole seam +split (down),102.9660,114.943,-18.742,147.345
armhole seam +split (down),102.9660,115.011,-18.903,146.877
armhole seam +split (down),102.9660,115.078,-19.061,146.408
armhole seam +split (down),102.9660,115.144,-19.219,145.940
armhole seam +split (down),102.9660,115.208,-19.374,145.471
armhole seam +split (down),102.9660,115.271,-19.527,145.003
armhole seam +split (down),102.9660,115.331,-19.678,144.535
armhole seam +split (down),102.9660,115.390,-19.827,144.066
armhole seam +split (down),102.9660,115.448,-19.974,143.598
armhole seam +split (down),102.9660,115.503,-20.119,143.129
armhole seam +split (down),102.9660,115.556,-20.261,142.661
armhole seam +split (down),102.9660,115.608,-20.401,142.193
armhole seam +split (down),102.9660,115.657,-20.538,141.724
armhole seam +split (down),102.9660,115.704,-20.673,141.256
armhole seam +split (down),102.9660,115.749,-20.805,140.787
armhole seam +split (down),102.9660,115.792,-20.934,140.319
armhole seam +split (down),102.9660,115.833,-21.060,139.851
armhole seam +split (down),102.9660,115.871,-21.184,139.382
armhole seam +split (down),102.9660,115.908,-21.305,138.914
armhole seam +split (down),102.9660,115.941,-21.423,138.446
armhole seam +split (down),102.9660,115.973,-21.538,137.977
armhole seam +split (down),102.9660,116.002,-21.651,137.509
armhole seam +split (down),102.9660,116.029,-21.760,137.040
armhole seam +split (down),102.9660,116.054,-21.866,136.572
armhole seam +split (down),102.9660,116.076,-21.969,136.104
armhole seam +split (down),102.9660,116.096,-22.069,135.635
armhole seam +split (down),102.9660,116.113,-22.166,135.167
armhole seam +split (down),102.9660,116.128,-22.260,134.698
armhole seam +split (down),102.9660,116.141,-22.350,134.230
armhole seam +split (down),102.9660,116.151,-22.438,133.762
armhole seam +split (down),102.9660,116.159,-22.523,133.293
armhole seam +split (down),102.9660,116.164,-22.604,132.825
armhole seam +split (down),102.9660,116.168,-22.683,132.356
armhole seam +split (down),102.9660,116.169,-22.758,131.888
armhole seam +split (down),102.9660,116.167,-22.830,131.420
armhole seam +split (down),102.9660,116.164,-22.899,130.951
armhole seam +split (down),102.9660,116.158,-22.965,130.483
armhole seam +split (down),102.9660,116.150,-23.028,130.014
armhole seam +split (down),102.9660,116.140,-23.088,129.546
armhole seam +split (down),102.9660,116.128,-23.145,129.078
armhole seam +split (down),102.9660,116.113,-23.199,128.609
armhole seam +split (down),102.9660,116.097,-23.250,128.141
armhole seam +split (down),102.9660,116.079,-23.298,127.673
armhole seam +split (down),102.9660,116.058,-23.343,127.204
armhole seam +split (down),102.9660,116.036,-23.385,126.736
armhole seam +split (down),102.9660,116.012,-23.425,126.267
armhole seam +split (down),102.9660,115.986,-23.462,125.799
armhole seam +split (down),102.9660,115.958,-23.496,125.331
armhole seam +split (down),102.9660,115.928,-23.527,124.862
armhole seam +split (down),102.9660,115.897,-23.556,124.394
armhole seam +split (down),102.9660,115.864,-23.583,123.925
armhole seam +split (down),102.9660,115.830,-23.606,123.457
armhole seam +split (down),102.9660,115.793,-23.628,122.989
armhole seam +split (down),102.9660,115.756,-23.647,122.520
armhole seam +split (down),102.9660,115.717,-23.664,122.052
armhole seam +split (down),102.9660,115.677,-23.678,121.583
armhole seam +split (down),102.9660,115.635,-23.690,121.115
armhole seam +split (down),102.9660,115.593,-23.700,120.647
armhole seam +split (down),102.9660,115.549,-23.708,120.178
armhole seam +split (down),102.9660,115.504,-23.714,119.710
armhole seam +split (down),102.9660,115.458,-23.718,119.241
armhole seam +split (down),102.9660,115.411,-23.720,118.773
armhole seam +split (down),102.9660,115.363,-23.721,118.305
armhole seam +split (down),102.9660,115.315,-23.719,117.836
armhole seam +split (down),102.9660,115.265,-23.716,117.368
armhole seam +split (down),102.9660,115.215,-23.712,116.900
armhole seam +split (down),102.9660,115.165,-23.706,116.431
armhole seam +split (down),102.9660,115.113,-23.698,115.963
armhole seam +split (down),102.9660,115.062,-23.690,115.494
armhole seam +split (down),102.9660,115.010,-23.680,115.026
armhole seam +split (down),102.9660,114.958,-23.668,114.558
armhole seam +split (down),102.9660,114.905,-23.656,114.089
armhole seam +split (down),102.9660,114.853,-23.643,113.621
armhole seam +split (down),102.9660,114.800,-23.629,113.152
armhole seam +split (down),102.9660,114.748,-23.614,112.684
armhole seam +split (down),102.9660,114.695,-23.599,112.216
armhole seam +split (down),102.9660,114.642,-23.583,111.747
armhole seam +split (down),102.9660,114.589,-23.566,111.279
armhole seam +split (down),102.9660,114.535,-23.550,110.810
armhole seam +split (down),102.9660,114.482,-23.533,110.342
armhole seam +split (down),102.9660,114.429,-23.517,109.874
armhole seam +split (down),102.9660,114.376,-23.500,109.405
armhole seam +split (down),102.9660,114.323,-23.484,108.937
armhole seam +split (down),102.9660,114.270,-23.467,108.469
armhole seam +split (down),102.9660,114.217,-23.451,108.000
armhole seam +split (down),102.9660,114.165,-23.435,107.532
armhole seam +split (down),102.9660,114.113,-23.419,107.063
armhole seam +split (down),102.9660,114.061,-23.403,106.595
armhole seam +split (down),102.9660,114.009,-23.387,106.127
armhole seam +split (down),102.9660,113.957,-23.371,105.658
armhole seam +split (down),102.9660,113.905,-23.355,105.190
armhole seam +split (down),102.9660,113.854,-23.339,104.721
armhole seam +split (down),102.9660,113.803,-23.323,104.253
armhole seam +split (down),102.9660,113.752,-23.307,103.785
armhole seam +split (down),102.9660,113.701,-23.291,103.316
armhole seam +split (down),102.9660,113.650,-23.276,102.848
armhole seam +split (down),102.9660,113.600,-23.260,102.379
armhole seam +split (down),102.9660,113.550,-23.245,101.911
armhole seam +split (down),102.9660,113.500,-23.229,101.443
armhole seam +split (down),102.9660,113.450,-23.214,100.974
armhole seam +split (down),102.9660,113.400,-23.198,100.506
armhole seam +split (down),102.9660,113.351,-23.183,100.037
armhole seam +split (down),102.9660,113.302,-23.168,99.569
armhole seam +split (down),102.9660,113.253,-23.152,99.101
armhole seam +split (down),102.9660,113.204,-23.137,98.632
armhole seam +split (down),102.9660,113.156,-23.122,98.164
armhole seam +split (down),102.9660,113.108,-23.107,97.696
armhole seam +split (down),102.9660,113.060,-23.092,97.227
armhole seam +split (down),102.9660,113.012,-23.077,96.759
armhole seam +split (down),102.9660,112.965,-23.062,96.290
armhole seam +split (down),102.9660,112.917,-23.048,95.822
armhole seam +split (down),102.9660,112.871,-23.033,95.354
armhole seam +split (down),102.9660,112.824,-23.018,94.885
armhole seam +split (down),102.9660,112.778,-23.004,94.417
armhole seam +split (down),102.9660,112.731,-22.989,93.948
armhole seam +split (down),102.9660,112.686,-22.974,93.480
armhole seam +split (down),102.9660,112.640,-22.960,93.012
armhole seam +split (down),102.9660,112.595,-22.946,92.543
armhole seam +split (down),102.9660,112.550,-22.931,92.075
armhole seam +split (down),102.9660,112.505,-22.917,91.606
armhole seam +split (down),102.9660,112.461,-22.903,91.138
armhole seam +split (down),102.9660,112.417,-22.889,90.670
armhole seam +split (down),102.9660,112.373,-22.874,90.201
armhole seam +split (down),102.9660,112.330,-22.860,89.733
armhole seam +split (down),102.9660,112.287,-22.846,89.264
armhole seam +split (down),102.9660,112.244,-22.832,88.796
armhole seam +split (down),102.9660,112.202,-22.818,88.328
armhole seam +split (down),102.9660,112.159,-22.805,87.859
armhole seam +split (down),102.9660,112.118,-22.791,87.391
armhole seam +split (down),102.9660,112.076,-22.777,86.923
armhole seam +split (down),102.9660,112.035,-22.763,86.454
armhole seam +split (down),102.9660,111.994,-22.750,85.986
armhole seam +split (down),102.9660,111.954,-22.736,85.517
armhole seam +split (down),102.9660,111.914,-22.723,85.049
armhole seam +split (down),102.9660,111.874,-22.709,84.581
armhole seam +split (down),102.9660,111.835,-22.696,84.112
armhole seam +split (down),102.9660,111.796,-22.683,83.644
armhole seam +split (down),102.9660,111.757,-22.669,83.175
armhole seam +split (down),102.9660,111.719,-22.656,82.707
armhole seam +split (down),102.9660,111.681,-22.643,82.239
armhole seam +split (down),102.9660,111.643,-22.630,81.770
armhole seam +split (down),102.9660,111.606,-22.617,81.302
armhole seam +split (down),102.9660,111.569,-22.604,80.833
armhole seam +split (down),102.9660,111.533,-22.591,80.365
armhole seam +split (down),102.9660,111.497,-22.578,79.897
armhole seam +split (down),102.9660,111.461,-22.565,79.428
armhole seam +split (down),102.9660,111.426,-22.552,78.960
armhole seam +split (down),102.9660,111.391,-22.540,78.491
armhole seam +split (down),102.9660,111.357,-22.527,78.023
armhole seam +split (down),102.9660,111.323,-22.514,77.555
armhole seam +split (down),102.9660,111.289,-22.502,77.086
armhole seam +split (down),102.9660,111.256,-22.489,76.618
armhole seam +split (down),102.9660,111.224,-22.477,76.150
armhole seam +split (down),102.9660,111.191,-22.465,75.681
armhole seam +split (down),102.9660,111.159,-22.452,75.213
armhole seam +split (down),102.9660,111.128,-22.440,74.744
armhole seam +split (down),102.9660,111.097,-22.428,74.276
armhole seam +split (down),102.9660,111.066,-22.416,73.808
armhole seam +split (down),102.9660,111.036,-22.404,73.339
armhole seam +split (down),102.9660,111.007,-22.392,72.871
armhole seam +split (down),102.9660,110.977,-22.380,72.402
armhole seam +split (down),102.9660,110.949,-22.368,71.934
armhole seam +split (down),102.9660,110.920,-22.356,71.466
armhole seam +split (down),102.9660,110.893,-22.344,70.997
armhole seam +split (down),102.9660,110.865,-22.332,70.529
armhole seam +split (down),102.9660,110.838,-22.320,70.060
armhole seam +split (down),102.9660,110.812,-22.309,69.592
armhole seam +split (down),102.9660,110.786,-22.297,69.124
armhole seam +split (down),102.9660,110.761,-22.286,68.655
armhole seam +split (down),102.9660,110.736,-22.274,68.187
armhole seam +split (down),102.9660,110.711,-22.263,67.718
armhole seam +split (down),102.9660,110.687,-22.251,67.250
armhole seam +split (down),102.9660,110.664,-22.240,66.782
armhole seam +split (down),102.9660,110.641,-22.229,66.313
armhole seam +split (down),102.9660,110.618,-22.218,65.845
armhole seam +split (down),102.9660,110.596,-22.206,65.377
armhole seam +split (down),102.9660,110.575,-22.195,64.908
armhole seam +split (down),102.9660,110.554,-22.184,64.440
armhole seam +split (down),102.9660,110.533,-22.173,63.971
armhole seam +split (down),102.9660,110.513,-22.162,63.503
armhole seam +split (down),102.9660,110.494,-22.152,63.035
armhole seam +split (down),102.9660,110.475,-22.141,62.566
armhole seam +split (down),102.9660,110.456,-22.130,62.098
armhole seam +split (down),102.9660,110.439,-22.119,61.629
armhole seam +split (down),102.9660,110.421,-22.109,61.161
armhole seam +split (down),102.9660,110.405,-22.098,60.693
armhole seam +split (down),102.9660,110.388,-22.087,60.224
armhole seam +split (down),102.9660,110.373,-22.077,59.756
armhole seam +split (down),102.9660,110.358,-22.066,59.287
armhole seam +split (down),102.9660,110.343,-22.056,58.819
armhole seam +split (down),102.9660,110.329,-22.046,58.351
armhole seam +split (down),102.9660,110.316,-22.035,57.882
armhole seam +split (down),102.9660,110.303,-22.025,57.414
armhole seam +split (down),102.9660,110.290,-22.015,56.946
armhole seam +split (down),102.9660,110.278,-22.005,56.477
armhole seam +split (down),102.9660,110.267,-21.995,56.009
armhole seam +split (down),102.9660,110.256,-21.985,55.540
armhole seam +split (down),102.9660,110.246,-21.975,55.072
armhole seam +split (down),102.9660,110.236,-21.965,54.604
armhole seam +split (down),102.9660,110.227,-21.955,54.135
armhole seam +split (down),102.9660,110.218,-21.946,53.667
armhole seam +split (down),102.9660,110.209,-21.936,53.198
armhole seam +split (down),102.9660,110.201,-21.926,52.730
armhole seam +split (down),102.9660,110.194,-21.916,52.262
armhole seam +split (down),102.9660,110.187,-21.907,51.793
armhole seam +split (down),102.9660,110.180,-21.897,51.325
armhole seam +split (down),102.9660,110.174,-21.888,50.856
armhole seam +split (down),102.9660,110.168,-21.878,50.388
armhole seam +split (down),102.9660,110.163,-21.869,49.920
armhole seam +split (down),102.9660,110.158,-21.860,49.451
armhole seam +split (down),102.9660,110.154,-21.851,48.983
armhole seam +split (down),102.9660,110.150,-21.841,48.514
armhole seam +split (down),102.9660,110.146,-21.832,48.046
armhole seam +split (down),102.9660,110.143,-21.823,47.578
armhole seam +split (down),102.9660,110.140,-21.814,47.109
armhole seam +split (down),102.9660,110.138,-21.805,46.641
armhole seam +split (down),102.9660,110.136,-21.797,46.173
armhole seam +split (down),102.9660,110.134,-21.788,45.704
armhole seam +split (down),102.9660,110.132,-21.779,45.236
armhole seam +split (down),102.9660,110.131,-21.770,44.767
armhole seam +split (down),102.9660,110.131,-21.762,44.299
armhole seam +split (down),102.9660,110.130,-21.753,43.831
armhole seam +split (down),102.9660,110.130,-21.745,43.362
armhole seam +split (down),102.9660,110.131,-21.736,42.894
armhole seam +split (down),102.9660,110.131,-21.728,42.425
armhole seam +split (down),102.9660,110.132,-21.720,41.957
armhole seam +split (down),102.9660,110.134,-21.712,41.489
armhole seam +split (down),102.9660,110.135,-21.704,41.020
armhole seam +split (down),102.9660,110.137,-21.695,40.552
armhole seam +split (down),102.9660,110.139,-21.687,40.083
armhole seam +split (down),102.9660,110.142,-21.680,39.615
armhole seam +split (down),102.9660,110.144,-21.672,39.147
armhole seam +split (down),102.9660,110.147,-21.664,38.678
armhole seam +split (down),102.9660,110.151,-21.656,38.210
armhole seam +split (down),102.9660,110.154,-21.649,37.741
armhole seam +split (down),102.9660,110.158,-21.641,37.273
armhole seam +split (down),102.9660,110.162,-21.633,36.805
armhole seam +split (down),102.9660,110.166,-21.626,36.336
armhole seam +split (down),102.9660,110.170,-21.619,35.868
armhole seam +split (down),102.9660,110.175,-21.611,35.400
armhole seam +split (down),102.9660,110.180,-21.604,34.931
armhole seam +split (down),102.9660,110.185,-21.597,34.463
armhole seam +split (down),102.9660,110.191,-21.590,33.994
armhole seam +split (down),102.9660,110.196,-21.583,33.526
armhole seam +split (down),102.9660,110.202,-21.576,33.058
armhole seam +split (down),102.9660,110.208,-21.569,32.589
armhole seam +split (down),102.9660,110.214,-21.562,32.121
armhole seam +split (down),102.9660,110.220,-21.556,31.652
armhole seam +split (down),102.9660,110.227,-21.549,31.184
armhole seam +split (down),102.9660,110.233,-21.542,30.716
armhole seam +split (down),102.9660,110.240,-21.536,30.247
armhole seam +split (down),102.9660,110.247,-21.529,29.779
armhole seam +split (down),102.9660,110.254,-21.523,29.310
armhole seam +split (down),102.9660,110.261,-21.517,28.842
armhole seam +split (down),102.9660,110.269,-21.511,28.374
armhole seam +split (down),102.9660,110.276,-21.505,27.905
armhole seam +split (down),102.9660,110.284,-21.499,27.437
armhole seam +split (down),102.9660,110.292,-21.493,26.968
armhole seam +split (down),102.9660,110.299,-21.487,26.500
armhole seam +split (down),102.9660,110.307,-21.481,26.032
armhole seam +split (down),102.9660,110.316,-21.475,25.563
armhole seam +split (down),102.9660,110.324,-21.470,25.095
armhole seam +split (down),102.9660,110.332,-21.464,24.627
armhole seam +split (down),102.9660,110.340,-21.459,24.158
armhole seam +split (down),102.9660,110.349,-21.453,23.690
armhole seam +split (down),102.9660,110.357,-21.448,23.221
armhole seam +split (down),102.9660,110.366,-21.443,22.753
armhole seam +split (down),102.9660,110.375,-21.438,22.285
armhole seam +split (down),102.9660,110.383,-21.433,21.816
armhole seam +split (down),102.9660,110.392,-21.428,21.348
armhole seam +split (down),102.9660,110.401,-21.423,20.879
armhole seam +split (down),102.9660,110.410,-21.418,20.411
armhole seam +split (down),102.9660,110.419,-21.414,19.943
armhole seam +split (down),102.9660,110.427,-21.409,19.474
armhole seam +split (down),102.9660,110.436,-21.405,19.006
armhole seam +split (down),102.9660,110.445,-21.400,18.537
armhole seam +split (down),102.9660,110.454,-21.396,18.069
armhole seam +split (down),102.9660,110.463,-21.392,17.601
armhole seam +split (down),102.9660,110.472,-21.388,17.132
armhole seam +split (down),102.9660,110.481,-21.384,16.664
armhole seam +split (down),102.9660,110.490,-21.380,16.195
armhole seam +split (down),102.9660,110.499,-21.376,15.727
armhole seam +split (down),102.9660,110.508,-21.372,15.259
armhole seam +split (down),102.9660,110.517,-21.368,14.790
armhole seam +split (down),102.9660,110.527,-21.365,14.322
armhole seam +split (down),102.9660,110.536,-21.361,13.854
armhole seam +split (down),102.9660,110.545,-21.358,13.385
armhole seam +split (down),102.9660,110.554,-21.355,12.917
armhole seam +split (down),102.9660,110.563,-21.352,12.448
armhole seam +split (down),102.9660,110.571,-21.349,11.980
armhole seam +split (down),102.9660,110.580,-21.346,11.512
armhole seam +split (down),102.9660,110.589,-21.343,11.043
armhole seam +split (down),102.9660,110.598,-21.340,10.575
armhole seam +split (down),102.9660,110.607,-21.337,10.106
armhole seam +split (down),102.9660,110.616,-21.335,9.638
armhole seam +split (down),102.9660,110.630,-21.333,9.170
armhole seam +split (down),102.9660,110.657,-21.332,8.701
armhole seam +split (down),102.9660,110.699,-21.334,8.233
armhole seam +split (down),102.9660,110.755,-21.337,7.764
armhole seam +split (down),102.9660,110.825,-21.342,7.296
armhole seam +split (down),102.9660,110.909,-21.348,6.828
armhole seam +split (down),102.9660,111.004,-21.357,6.359
armhole seam +split (down),102.9660,111.106,-21.367,5.891
armhole seam +split (down),102.9660,111.216,-21.380,5.423
armhole seam +split (down),102.9660,111.333,-21.395,4.954
armhole seam +split (down),102.9660,111.458,-21.412,4.486
armhole seam +split (down),102.9660,111.591,-21.431,4.017
armhole seam +split (down),102.9660,111.733,-21.453,3.549
armhole seam +split (down),102.9660,111.882,-21.476,3.081
armhole seam +split (down),102.9660,112.040,-21.502,2.612
armhole seam +split (down),102.9660,112.207,-21.530,2.144
armhole seam +split (down),102.9660,112.382,-21.561,1.675
armhole seam +split (down),102.9660,112.566,-21.593,1.207
armhole seam +split (down),102.9660,112.760,-21.629,0.739
armhole seam +split (down),102.9660,112.963,-21.667,0.270
armhole seam +split (down),102.9660,113.175,-21.707,-0.198
armhole seam +split (down),102.9660,113.397,-21.750,-0.667
armhole seam +split (down),102.9660,113.629,-21.795,-1.135
armhole seam +split (down),102.9660,113.872,-21.844,-1.603
armhole seam +split (down),102.9660,114.126,-21.895,-2.072
armhole seam +split (down),102.9660,114.390,-21.948,-2.540
armhole seam +split (down),102.9660,114.666,-22.005,-3.009
armhole seam +split (down),102.9660,114.953,-22.065,-3.477
armhole seam +split (down),102.9660,115.252,-22.128,-3.945
armhole seam +split (down),102.9660,115.564,-22.195,-4.414
armhole seam +split (down),102.9660,115.889,-22.265,-4.882
armhole seam +split (down),102.9660,116.228,-22.339,-5.350
armhole seam +split (down),102.9660,116.589,-22.416,-5.819
armhole seam +split (down),102.9660,116.981,-22.496,-6.287
armhole seam +split (down),102.9660,117.404,-22.580,-6.756
armhole seam +split (down),102.9660,117.848,-22.666,-7.224
armhole seam +split (down),102.9660,118.295,-22.752,-7.692
armhole seam +split (down),102.9660,118.740,-22.838,-8.161
armhole seam +split (down),102.9660,119.184,-22.923,-8.629
armhole seam +split (down),102.9660,119.626,-23.009,-9.098
armhole seam +split (down),102.9660,120.067,-23.094,-9.566
armhole seam +split (down),102.9660,120.507,-23.178,-10.034
armhole seam +split (down),102.9660,120.945,-23.263,-10.503
armhole seam +split (down),102.9660,121.383,-23.347,-10.971
armhole seam +split (down),102.9660,121.818,-23.431,-11.440
armhole seam +split (down),102.9660,122.253,-23.515,-11.908
armhole seam +split (down),102.9660,122.686,-23.599,-12.376
armhole seam +split (down),102.9660,123.119,-23.682,-12.845
armhole seam +split (down),102.9660,123.549,-23.765,-13.313
armhole seam +split (down),102.9660,123.979,-23.848,-13.782
armhole seam +split (down),102.9660,124.408,-23.931,-14.250
armhole seam +split (down),102.9660,124.835,-24.013,-14.718
armhole seam +split (down),102.9660,125.261,-24.095,-15.187
armhole seam +split (down),102.9660,125.686,-24.177,-15.655
armhole seam +split (down),102.9660,126.109,-24.259,-16.123
armhole seam +split (down),102.9660,126.532,-24.340,-16.592
armhole seam +split (down),102.9660,126.953,-24.421,-17.060
armhole seam +split (down),102.9660,127.373,-24.502,-17.529
armhole seam +split (down),102.9660,127.792,-24.583,-17.997
armhole seam +split (down),102.9660,128.210,-24.664,-18.465
armhole seam +split (down),102.9660,128.627,-24.744,-18.934
armhole seam +split (down),102.9660,129.042,-24.824,-19.402
armhole seam +split (down),102.9660,129.457,-24.904,-19.871
armhole seam +split (down),102.9660,129.870,-24.984,-20.339
armhole seam +split (down),102.9660,130.282,-25.063,-20.807
armhole seam +split (down),102.9660,130.693,-25.143,-21.276
armhole seam +split (down),102.9660,131.103,-25.222,-21.744
armhole seam +split (down),102.9660,131.512,-25.301,-22.213
armhole seam +split (down),102.9660,131.920,-25.379,-22.681
armhole seam +split (down),102.9660,132.327,-25.458,-23.149
armhole seam +split (down),102.9660,132.733,-25.536,-23.618
armhole seam +split (down),102.9660,133.137,-25.614,-24.086
armhole seam +split (down),102.9660,133.541,-25.692,-24.555
armhole seam +split (down),102.9660,133.943,-25.769,-25.023
armhole seam +split (down),102.9660,134.345,-25.847,-25.491
armhole seam +split (down),102.9660,134.745,-25.924,-25.960
armhole seam +split (down),102.9660,135.145,-26.001,-26.428
armhole seam +split (down),102.9660,135.543,-26.078,-26.896
armhole seam +split (down),102.9660,135.941,-26.154,-27.365
armhole seam +split (down),102.9660,136.337,-26.231,-27.833
armhole seam +split (down),102.9660,136.732,-26.307,-28.302
armhole seam +split (down),102.9660,137.127,-26.383,-28.770
armhole seam +split (down),102.9660,137.520,-26.459,-29.238
armhole seam +split (down),102.9660,137.913,-26.535,-29.707
armhole seam +split (down),102.9660,138.304,-26.610,-30.175
armhole seam +split (down),102.9660,138.694,-26.685,-30.644
armhole seam +split (down),102.9660,139.084,-26.760,-31.112
armhole seam +split (down),102.9660,139.472,-26.835,-31.580
armhole seam +split (down),102.9660,139.860,-26.910,-32.049
armhole seam +split (down),102.9660,140.247,-26.985,-32.517
armhole seam +split (down),102.9660,140.632,-27.059,-32.986
armhole seam +split (down),102.9660,141.017,-27.133,-33.454
armhole seam +split (down),102.9660,141.401,-27.207,-33.922
armhole seam +split (down),102.9660,141.784,-27.281,-34.391
armhole seam +split (down),102.9660,142.165,-27.355,-34.859
armhole seam +split (down),102.9660,142.546,-27.428,-35.328
armhole seam +split (down),102.9660,142.927,-27.501,-35.796
armhole seam +split (down),102.9660,143.306,-27.574,-36.264
armhole seam +split (down),102.9660,143.684,-27.647,-36.733
armhole seam +split (down),102.9660,144.061,-27.720,-37.201
armhole seam +split (down),102.9660,144.438,-27.793,-37.669
armhole seam +split (down),102.9660,144.813,-27.865,-38.138
armhole seam +split (down),102.9660,145.188,-27.937,-38.606
armhole seam +split (down),102.9660,145.562,-28.009,-39.075
armhole seam +split (down),102.9660,145.935,-28.081,-39.543
armhole seam +split (down),102.9660,146.307,-28.153,-40.011
armhole seam +split (down),102.9660,146.678,-28.225,-40.480
armhole seam +split (down),102.9660,147.048,-28.296,-40.948
armhole seam +split (down),102.9660,147.417,-28.367,-41.417
armhole seam +split (down),102.9660,147.786,-28.438,-41.885
armhole seam +split (down),102.9660,148.154,-28.509,-42.353
armhole seam +split (down),102.9660,148.520,-28.580,-42.822
armhole seam +split (down),102.9660,148.886,-28.650,-43.290
armhole seam +split (down),102.9660,149.252,-28.721,-43.759
armhole seam +split (down),102.9660,149.616,-28.791,-44.227
armhole seam +split (down),102.9660,149.979,-28.861,-44.695
armhole seam +split (down),102.9660,150.342,-28.931,-45.164
armhole seam +split (down),102.9660,150.704,-29.001,-45.632
armhole seam +split (down),102.9660,151.065,-29.070,-46.100
armhole seam +split (down),102.9660,151.425,-29.140,-46.569
armhole seam +split (down),102.9660,151.784,-29.209,-47.037
armhole seam +split (down),102.9660,152.143,-29.278,-47.506
armhole seam +split (down),102.9660,152.501,-29.347,-47.974
armhole seam +split (down),102.9660,152.858,-29.416,-48.442
armhole seam +split (down),102.9660,153.214,-29.485,-48.911
armhole seam +split (down),102.9660,153.569,-29.553,-49.379
armhole seam +split (down),102.9660,153.924,-29.620,-49.848
armhole seam +split (down),102.9660,154.277,-29.690,-50.316
armhole seam +split (down),102.9660,154.630,-29.758,-50.784
armhole seam +split (down),102.9660,154.982,-29.826,-51.253
armhole seam +split (down),102.9660,155.334,-29.893,-51.721
armhole seam +split (down),102.9660,155.684,-29.961,-52.190
armhole seam +split (down),102.9660,156.034,-30.028,-52.658
armhole seam +split (down),102.9660,156.383,-30.096,-53.126
armhole seam +split (down),102.9660,156.732,-30.163,-53.595
armhole seam +split (down),102.9660,157.079,-30.230,-54.063
armhole seam +split (down),102.9660,157.426,-30.297,-54.532
armhole seam +split (down),102.9660,157.772,-30.363,-55.000
armhole seam +split (down),102.9660,158.117,-30.430,-55.468
armhole seam +split (down),102.9660,158.462,-30.496,-55.937
armhole seam +split (down),102.9660,158.806,-30.563,-56.405
armhole seam +split (down),102.9660,159.149,-30.629,-56.873
armhole seam +split (down),102.9660,159.491,-30.695,-57.342
armhole seam +split (down),102.9660,159.833,-30.761,-57.810
armhole seam +split (down),102.9660,160.174,-30.826,-58.279
armhole seam +split (down),102.9660,160.514,-30.892,-58.747
armhole seam +split (down),102.9660,160.853,-30.957,-59.215
armhole seam +split (down),102.9660,161.192,-31.023,-59.684
armhole seam +split (down),102.9660,161.530,-31.088,-60.152
armhole seam +split (down),102.9660,161.867,-31.153,-60.621
armhole seam +split (down),102.9660,162.204,-31.218,-61.089
armhole seam +split (down),102.9660,162.539,-31.282,-61.557
armhole seam +split (down),102.9660,162.874,-31.347,-62.026
armhole seam +split (down),102.9660,163.209,-31.412,-62.494
armhole seam +split (down),102.9660,163.542,-31.476,-62.963
armhole seam +split (down),102.9660,163.875,-31.540,-63.431
armhole seam +split (down),102.9660,164.208,-31.604,-63.899
armhole seam +split (down),102.9660,164.539,-31.668,-64.368
armhole seam +split (down),102.9660,164.870,-31.732,-64.836
armhole seam +split (down),102.9660,165.200,-31.795,-65.305
armhole seam +split (down),102.9660,165.530,-31.859,-65.773
armhole seam +split (down),102.9660,165.859,-31.922,-66.241
armhole seam +split (down),102.9660,166.187,-31.986,-66.710
armhole seam +split (down),102.9660,166.514,-32.049,-67.178
armhole seam +split (down),102.9660,166.841,-32.112,-67.646
armhole seam +split (down),102.9660,167.167,-32.175,-68.115
armhole seam +split (down),102.9660,167.492,-32.237,-68.583
armhole seam +split (down),102.9660,167.817,-32.300,-69.052
armhole seam +split (down),102.9660,168.141,-32.362,-69.520
armhole seam +split (down),102.9660,168.465,-32.425,-69.988
armhole seam +split (down),102.9660,168.787,-32.487,-70.457
armhole seam +split (down),102.9660,169.110,-32.549,-70.925
armhole seam +split (down),102.9660,169.431,-32.611,-71.394
armhole seam +split (down),102.9660,169.752,-32.673,-71.862
armhole seam +split (down),102.9660,170.072,-32.735,-72.330
armhole seam +split (down),102.9660,170.391,-32.796,-72.799
armhole seam +split (down),102.9660,170.710,-32.858,-73.267
armhole seam +split (down),102.9660,171.028,-32.919,-73.736
armhole seam +split (down),102.9660,171.346,-32.980,-74.204
armhole seam +split (down),102.9660,171.663,-33.041,-74.672
armhole seam +split (down),102.9660,171.979,-33.102,-75.141
armhole seam +split (down),102.9660,172.295,-33.163,-75.609
armhole seam +split (down),102.9660,172.610,-33.224,-76.078
armhole seam +split (down),102.9660,172.924,-33.284,-76.546
armhole seam +split (down),102.9660,173.238,-33.345,-77.014
armhole seam +split (down),102.9660,173.551,-33.405,-77.483
armhole seam +split (down),102.9660,173.863,-33.465,-77.951
armhole seam +split (down),102.9660,174.175,-33.525,-78.419
armhole seam +split (down),102.9660,174.486,-33.585,-78.888
armhole seam +split (down),102.9660,174.797,-33.645,-79.356
armhole seam +split (down),102.9660,175.107,-33.705,-79.825
armhole seam +split (down),102.9660,175.416,-33.765,-80.293
armhole seam +split (down),102.9660,175.725,-33.824,-80.761
armhole seam +split (down),102.9660,176.033,-33.884,-81.230
armhole seam +split (down),102.9660,176.340,-33.943,-81.698
armhole seam +split (down),102.9660,176.647,-34.002,-82.167
armhole seam +split (down),102.9660,176.954,-34.061,-82.635
armhole seam +split (down),102.9660,177.259,-34.120,-83.103
armhole seam +split (down),102.9660,177.564,-34.179,-83.572
armhole seam +split (down),102.9660,177.869,-34.237,-84.040
armhole seam +split (down),102.9660,178.173,-34.296,-84.509
armhole seam +split (down),102.9660,178.476,-34.354,-84.977
armhole seam +split (down),102.9660,178.779,-34.413,-85.445
armhole seam +split (down),102.9660,179.081,-34.471,-85.914
armhole seam +split (down),102.9660,179.382,-34.529,-86.382
armhole seam +split (down),102.9660,179.683,-34.587,-86.851
armhole seam +split (down),102.9660,179.983,-34.645,-87.319
armhole seam +split (down),102.9660,180.283,-34.703,-87.787
armhole seam +split (down),102.9660,180.582,-34.760,-88.256
armhole seam +split (down),102.9660,180.881,-34.818,-88.724
armhole seam +split (down),102.9660,181.179,-34.875,-89.192
armhole seam +split (down),102.9660,181.476,-34.933,-89.661
armhole seam +split (down),102.9660,181.773,-34.990,-90.129
armhole seam +split (down),102.9660,182.069,-35.047,-90.598
armhole seam +split (down),102.9660,182.365,-35.104,-91.066
armhole seam +split (down),102.9660,182.660,-35.161,-91.534
armhole seam +split (down),102.9660,182.954,-35.218,-92.003
armhole seam +split (down),102.9660,183.248,-35.274,-92.471
armhole seam +split (down),102.9660,183.542,-35.331,-92.940
armhole seam +split (down),102.9660,183.834,-35.387,-93.408
armhole seam +split (down),102.9660,184.127,-35.444,-93.876
armhole seam +split (down),102.9660,184.418,-35.500,-94.345
armhole seam +split (down),102.9660,184.710,-35.556,-94.813
armhole seam +split (down),102.9660,185.000,-35.612,-95.282
armhole seam +split (down),102.9660,185.290,-35.668,-95.750
armhole seam +split (down),102.9660,185.580,-35.724,-96.218
armhole seam +split (down),102.9660,185.868,-35.779,-96.687
armhole seam +split (down),102.9660,186.157,-35.835,-97.155
armhole seam +split (down),102.9660,186.445,-35.890,-97.623
armhole seam +split (down),102.9660,186.732,-35.946,-98.092
armhole seam +split (down),102.9660,187.018,-36.001,-98.560
armhole seam +split (down),102.9660,187.305,-36.056,-99.029
armhole seam +split (down),102.9660,187.590,-36.111,-99.497
armhole seam +split (down),102.9660,187.875,-36.166,-99.965
armhole seam +split (down),102.9660,188.160,-36.221,-100.434
armhole seam +split (down),102.9660,188.444,-36.276,-100.902
armhole seam +split (down),102.9660,188.727,-36.330,-101.371
armhole seam +split (down),102.9660,189.010,-36.385,-101.839
armhole seam +split (down),102.9660,189.292,-36.439,-102.307
armhole seam +split (down),102.9660,189.574,-36.494,-102.776
armhole seam +split (down),102.9660,189.855,-36.548,-103.244
armhole seam +split (down),102.9660,190.136,-36.602,-103.713
armhole seam +split (down),102.9660,190.416,-36.656,-104.181
armhole seam +split (down),102.9660,190.696,-36.710,-104.649
armhole seam +split (down),102.9660,190.975,-36.764,-105.118
armhole seam +split (down),102.9660,191.254,-36.817,-105.586
armhole seam +split (down),102.9660,191.532,-36.871,-106.055
armhole seam +split (down),102.9660,191.809,-36.925,-106.523
armhole seam +split (down),102.9660,192.086,-36.978,-106.991
armhole seam +split (down),102.9660,192.363,-37.031,-107.460
armhole seam +split (down),102.9660,192.639,-37.084,-107.928
armhole seam +split (down),102.9660,192.914,-37.138,-108.396
armhole seam +split (down),102.9660,193.189,-37.190,-108.865
armhole seam +split (down),102.9660,193.464,-37.243,-109.333
armhole seam +split (down),102.9660,193.738,-37.296,-109.802
armhole seam +split (down),102.9660,194.011,-37.349,-110.270
armhole seam +split (down),102.9660,194.284,-37.401,-110.738
armhole seam +split (down),102.9660,194.556,-37.454,-111.207
armhole seam +split (down),102.9660,194.828,-37.506,-111.675
armhole seam +split (down),102.9660,195.099,-37.559,-112.144
armhole seam +split (down),102.9660,195.370,-37.611,-112.612
armhole seam +split (down),102.9660,195.641,-37.663,-113.080
armhole seam +split (down),102.9660,195.910,-37.715,-113.549
armhole seam +split (down),102.9660,196.180,-37.767,-114.017
armhole seam +split (down),102.9660,196.448,-37.819,-114.486
armhole seam +split (down),102.9660,196.717,-37.870,-114.954
armhole seam +split (down),102.9660,196.985,-37.922,-115.422
armhole seam +split (down),102.9660,197.252,-37.974,-115.891
armhole seam +split (down),102.9660,197.519,-38.025,-116.359
armhole seam +split (down),102.9660,197.785,-38.076,-116.828
armhole seam +split (down),102.9660,198.051,-38.128,-117.296
armhole seam +split (down),102.9660,198.316,-38.179,-117.764
armhole seam +split (down),102.9660,198.581,-38.230,-118.233
armhole seam +split (down),102.9660,198.845,-38.281,-118.701
armhole seam +split (down),102.9660,199.109,-38.332,-119.169
armhole seam +split (down),102.9660,199.372,-38.382,-119.638
armhole seam +split (down),102.9660,199.635,-38.433,-120.106
armhole seam +split (down),102.9660,199.898,-38.483,-120.575
armhole seam +split (down),102.9660,200.159,-38.534,-121.043
armhole seam +split (down),102.9660,200.421,-38.584,-121.511
armhole seam +split (down),102.9660,200.682,-38.635,-121.980
armhole seam +split (down),102.9660,200.942,-38.685,-122.448
armhole seam +split (down),102.9660,201.202,-38.735,-122.917
armhole seam +split (down),102.9660,201.461,-38.785,-123.385
armhole seam +split (down),102.9660,201.720,-38.835,-123.853
armhole seam +split (down),102.9660,201.979,-38.885,-124.322
armhole seam +split (down),102.9660,202.237,-38.934,-124.790
armhole seam +split (down),102.9660,202.494,-38.984,-125.259
armhole seam +split (down),102.9660,202.751,-39.034,-125.727
armhole seam +split (down),102.9660,203.008,-39.083,-126.195
armhole seam +split (down),102.9660,203.264,-39.132,-126.664
armhole seam +split (down),102.9660,203.520,-39.182,-127.132
armhole seam +split (down),102.9660,203.775,-39.231,-127.601
armhole seam +split (down),102.9660,204.029,-39.280,-128.069
armhole seam +split (down),102.9660,204.284,-39.329,-128.537
armhole seam +split (down),102.9660,204.537,-39.378,-129.006
armhole seam +split (down),102.9660,204.791,-39.427,-129.474
armhole seam +split (down),102.9660,205.043,-39.475,-129.942
armhole seam +split (down),102.9660,205.296,-39.524,-130.411
armhole seam +split (down),102.9660,205.547,-39.572,-130.879
armhole seam +split (down),102.9660,205.799,-39.621,-131.348
armhole seam +split (down),102.9660,206.050,-39.669,-131.816
armhole seam +split (down),102.9660,206.300,-39.718,-132.284
armhole seam +split (down),102.9660,206.550,-39.766,-132.753
armhole seam +split (down),102.9660,206.800,-39.814,-133.221
armhole seam +split (down),102.9660,207.049,-39.862,-133.690
armhole seam +split (down),102.9660,207.297,-39.910,-134.158
armhole seam +split (down),102.9660,207.545,-39.957,-134.626
armhole seam +split (down),102.9660,207.793,-40.005,-135.095
armhole seam +split (down),102.9660,208.040,-40.053,-135.563
armhole seam +split (down),102.9660,208.287,-40.100,-136.032
armhole seam +split (down),102.9660,208.533,-40.148,-136.500
armhole seam +split (down),102.9660,208.779,-40.195,-136.968
armhole seam +split (down),102.9660,209.024,-40.243,-137.437
armhole seam +split (down),102.9660,209.269,-40.290,-137.905
armhole seam +split (down),102.9660,209.514,-40.337,-138.374
armhole seam +split (down),102.9660,209.758,-40.384,-138.842
armhole seam +split (down),102.9660,210.001,-40.431,-139.310
armhole seam +split (down),102.9660,210.244,-40.478,-139.779
armhole seam +split (down),102.9660,210.487,-40.524,-140.247
armhole seam +split (down),102.9660,210.729,-40.571,-140.715
armhole seam +split (down),102.9660,210.971,-40.618,-141.184
armhole seam +split (down),102.9660,211.212,-40.664,-141.652
armhole seam +split (down),102.9660,211.453,-40.711,-142.121
armhole seam +split (down),102.9660,211.693,-40.757,-142.589
armhole seam +split (down),102.9660,211.933,-40.803,-143.057
armhole seam +split (down),102.9660,212.173,-40.849,-143.526
armhole seam +split (down),102.9660,212.412,-40.895,-143.994
armhole seam +split (down),102.9660,212.650,-40.941,-144.463
armhole seam +split (down),102.9660,212.889,-40.987,-144.931
armhole seam +split (down),102.9660,213.126,-41.033,-145.399
armhole seam +split (down),102.9660,213.364,-41.079,-145.868
armhole seam +split (down),102.9660,213.601,-41.125,-146.336
armhole seam +split (down),102.9660,213.837,-41.170,-146.805
armhole seam +split (down),102.9660,214.073,-41.216,-147.273
armhole seam +split (down),102.9660,214.308,-41.261,-147.741
armhole seam +split (down),102.9660,214.544,-41.306,-148.210
armhole seam +split (down),102.9660,214.778,-41.352,-148.678
armhole seam +split (down),102.9660,215.012,-41.397,-149.146
armhole seam +split (down),102.9660,215.246,-41.442,-149.615
armhole seam +split (down),102.9660,215.479,-41.487,-150.083
armhole seam +split (down),102.9660,215.712,-41.532,-150.552
armhole seam +split (down),102.9660,215.945,-41.576,-151.020
armhole seam +split (down),102.9660,216.177,-41.621,-151.488
armhole seam +split (down),102.9660,216.408,-41.666,-151.957
armhole seam +split (down),102.9660,216.640,-41.710,-152.425
armhole seam +split (down),102.9660,216.870,-41.755,-152.894
armhole seam +split (down),102.9660,217.101,-41.799,-153.362
armhole seam +split (down),102.9660,217.331,-41.843,-153.830
armhole seam +split (down),102.9660,217.560,-41.888,-154.299
armhole seam +split (down),102.9660,217.789,-41.932,-154.767
armhole seam +split (down),102.9660,218.018,-41.976,-155.236
armhole seam +split (down),102.9660,218.246,-42.020,-155.704
armhole seam +split (down),102.9660,218.474,-42.064,-156.172
armhole seam +split (down),102.9660,218.701,-42.108,-156.641
armhole seam +split (down),102.9660,218.928,-42.151,-157.109
armhole seam +split (down),102.9660,219.154,-42.195,-157.578
armhole seam +split (down),102.9660,219.380,-42.238,-158.046
armhole seam +split (down),102.9660,219.606,-42.282,-158.514
armhole seam +split (down),102.9660,219.831,-42.325,-158.983
armhole seam +split (down),102.9660,220.056,-42.369,-159.451
armhole seam +split (down),102.9660,220.280,-42.412,-159.919
armhole seam +split (down),102.9660,220.504,-42.455,-160.388
armhole seam +split (down),102.9660,220.728,-42.498,-160.856
armhole seam +split (down),102.9660,220.951,-42.541,-161.325
armhole seam +split (down),102.9660,221.173,-42.584,-161.793
armhole seam +split (down),102.9660,221.396,-42.627,-162.261
armhole seam +split (down),102.9660,221.617,-42.670,-162.730
armhole seam +split (down),102.9660,221.839,-42.712,-163.198
armhole seam +split (down),102.9660,222.060,-42.755,-163.667
armhole seam +split (down),102.9660,222.280,-42.797,-164.135
armhole seam +split (down),102.9660,222.500,-42.840,-164.603
armhole seam +split (down),102.9660,222.720,-42.882,-165.072
armhole seam +split (down),102.9660,222.939,-42.924,-165.540
armhole seam +split (down),102.9660,223.158,-42.967,-166.009
armhole seam +split (down),102.9660,223.377,-43.009,-166.477
armhole seam +split (down),102.9660,223.595,-43.051,-166.945
armhole seam +split (down),102.9660,223.813,-43.093,-167.414
armhole seam +split (down),102.9660,224.030,-43.135,-167.882
armhole seam +split (down),102.9660,224.247,-43.176,-168.351
armhole seam +split (down),102.9660,224.463,-43.218,-168.819
armhole seam +split (down),102.9660,224.679,-43.260,-169.287
armhole seam +split (down),102.9660,224.895,-43.301,-169.756
armhole seam +split (down),102.9660,225.110,-43.343,-170.224
armhole seam +split (down),102.9660,225.325,-43.384,-170.692
armhole seam +split (down),102.9660,225.539,-43.425,-171.161
armhole seam +split (down),102.9660,225.753,-43.467,-171.629
armhole seam +split (down),102.9660,225.967,-43.508,-172.098
armhole seam +split (down),102.9660,226.180,-43.549,-172.566
armhole seam +split (down),102.9660,226.392,-43.590,-173.034
armhole seam +split (down),102.9660,226.605,-43.631,-173.503
armhole seam +split (down),102.9660,226.817,-43.672,-173.971
armhole seam +split (down),102.9660,227.028,-43.712,-174.440
armhole seam +split (down),102.9660,227.239,-43.753,-174.908
armhole seam +split (down),102.9660,227.450,-43.794,-175.376
armhole seam +split (down),102.9660,227.660,-43.834,-175.845
armhole seam +split (down),102.9660,227.870,-43.875,-176.313
armhole seam +split (down),102.9660,228.080,-43.915,-176.782
armhole seam +split (down),102.9660,228.289,-43.955,-177.250
armhole seam +split (down),102.9660,228.498,-43.996,-177.718
armhole seam +split (down),102.9660,228.706,-44.036,-178.187
armhole seam +split (down),102.9660,228.914,-44.076,-178.655
armhole seam +split (down),102.9660,229.121,-44.116,-179.124
armhole seam +split (down),102.9660,229.328,-44.156,-179.592
armhole seam +split (down),102.9660,229.535,-44.196,-180.060
armhole seam +split (down),102.9660,229.741,-44.235,-180.529
armhole seam +split (down),102.9660,229.947,-44.275,-180.997
armhole seam +split (down),102.9660,230.153,-44.315,-181.465
armhole seam +split (down),102.9660,230.358,-44.354,-181.934
armhole seam +split (down),102.9660,230.562,-44.394,-182.402
armhole seam +split (down),102.9660,230.767,-44.433,-182.871
armhole seam +split (down),102.9660,230.971,-44.472,-183.339
armhole seam +split (down),102.9660,231.174,-44.511,-183.807
armhole seam +split (down),102.9660,231.377,-44.551,-184.276
armhole seam +split (down),102.9660,231.580,-44.590,-184.744
armhole seam +split (down),102.9660,231.782,-44.629,-185.213
armhole seam +split (down),102.9660,231.984,-44.668,-185.681
armhole seam +split (down),102.9660,232.186,-44.706,-186.149
armhole seam +split (down),102.9660,232.387,-44.745,-186.618
armhole seam +split (down),102.9660,232.587,-44.784,-187.086
armhole seam +split (down),102.9660,232.788,-44.822,-187.555
armhole seam +split (down),102.9660,232.988,-44.861,-188.023
armhole seam +split (down),102.9660,233.187,-44.899,-188.491
armhole seam +split (down),102.9660,233.386,-44.938,-188.960
armhole seam +split (down),102.9660,233.585,-44.976,-189.428
armhole seam +split (down),102.9660,233.783,-45.014,-189.897
armhole seam +split (down),102.9660,233.981,-45.053,-190.365
armhole seam +split (down),102.9660,234.179,-45.091,-190.833
armhole seam +split (down),102.9660,234.376,-45.129,-191.302
armhole seam +split (down),102.9660,234.573,-45.167,-191.770
armhole seam +split (down),102.9660,234.769,-45.204,-192.238
armhole seam +split (down),102.9660,234.965,-45.242,-192.707
armhole seam +split (down),102.9660,235.161,-45.280,-193.175
armhole seam +split (down),102.9660,235.356,-45.317,-193.644
armhole seam +split (down),102.9660,235.551,-45.355,-194.112
armhole seam +split (down),102.9660,235.746,-45.393,-194.580
armhole seam +split (down),102.9660,235.940,-45.430,-195.049
armhole seam +split (down),102.9660,236.133,-45.467,-195.517
armhole seam +split (down),102.9660,236.327,-45.504,-195.986
armhole seam +split (down),102.9660,236.520,-45.542,-196.454
armhole seam +split (down),102.9660,236.712,-45.579,-196.922
armhole seam +split (down),102.9660,236.904,-45.616,-197.391
armhole seam +split (down),102.9660,237.096,-45.653,-197.859
armhole seam +split (down),102.9660,237.287,-45.690,-198.328
armhole seam +split (down),102.9660,237.478,-45.726,-198.796
armhole seam +split (down),102.9660,237.669,-45.763,-199.264
armhole seam +split (down),102.9660,237.859,-45.800,-199.733
armhole seam +split (down),102.9660,238.049,-45.836,-200.201
armhole seam +split (down),102.9660,238.238,-45.873,-200.669
armhole seam +split (down),102.9660,238.427,-45.909,-201.138
armhole seam +split (down),102.9660,238.616,-45.946,-201.606
armhole seam +split (down),102.9660,238.804,-45.982,-202.075
armhole seam +split (down),102.9660,238.992,-46.018,-202.543
armhole seam +split (down),102.9660,239.180,-46.054,-203.011
armhole seam +split (down),102.9660,239.367,-46.090,-203.480
armhole seam +split (down),102.9660,239.553,-46.126,-203.948
armhole seam +split (down),102.9660,239.740,-46.162,-204.417
armhole seam +split (down),102.9660,239.926,-46.198,-204.885
armhole seam +split (down),102.9660,240.111,-46.234,-205.353
armhole seam +split (down),102.9660,240.296,-46.270,-205.822
armhole seam +split (down),102.9660,240.481,-46.305,-206.290
armhole seam +split (down),102.9660,240.666,-46.341,-206.759
armhole seam +split (down),102.9660,240.850,-46.376,-207.227
armhole seam +split (down),102.9660,241.033,-46.412,-207.695
armhole seam +split (down),102.9660,241.217,-46.447,-208.164
armhole seam +split (down),102.9660,241.400,-46.482,-208.632
armhole seam +split (down),102.9660,241.582,-46.517,-209.101
armhole seam +split (down),102.9660,241.764,-46.552,-209.569
armhole seam +split (down),102.9660,241.946,-46.587,-210.037
armhole seam +split (down),102.9660,242.127,-46.622,-210.506
armhole seam +split (down),102.9660,242.308,-46.657,-210.974
armhole seam +split (down),102.9660,242.489,-46.692,-211.442
armhole seam +split (down),102.9660,242.669,-46.727,-211.911
armhole seam +split (down),102.9660,242.849,-46.762,-212.379
armhole seam +split (down),102.9660,243.029,-46.796,-212.848
armhole seam +split (down),102.9660,243.208,-46.831,-213.316
armhole seam +split (down),102.9660,243.387,-46.865,-213.784
armhole seam +split (down),102.9660,243.565,-46.899,-214.253
armhole seam +split (down),102.9660,243.743,-46.934,-214.721
armhole seam +split (down),102.9660,243.921,-46.968,-215.190
armhole seam +split (down),102.9660,244.098,-47.002,-215.658
armhole seam +split (down),102.9660,244.275,-47.036,-216.126
armhole seam +split (down),102.9660,244.451,-47.070,-216.595
armhole seam +split (down),102.9660,244.627,-47.104,-217.063
armhole seam +split (down),102.9660,244.803,-47.138,-217.532
armhole seam +split (down),102.9660,244.978,-47.172,-218.000
armhole seam +split (down),102.9660,245.153,-47.206,-218.468
armhole seam +split (down),102.9660,245.328,-47.239,-218.937
armhole seam +split (down),102.9660,245.502,-47.273,-219.405
armhole seam +split (down),102.9660,245.676,-47.306,-219.874
armhole seam +split (down),102.9660,245.849,-47.340,-220.342
armhole seam +split (down),102.9660,246.022,-47.373,-220.810
armhole seam +split (down),102.9660,246.195,-47.406,-221.279
armhole seam +split (down),102.9660,246.367,-47.440,-221.747
armhole seam +split (down),102.9660,246.539,-47.473,-222.215
armhole seam +split (down),102.9660,246.711,-47.506,-222.684
armhole seam +split (down),102.9660,246.882,-47.539,-223.152
armhole seam +split (down),102.9660,247.053,-47.572,-223.621
armhole seam +split (down),102.9660,247.223,-47.604,-224.089
armhole seam +split (down),102.9660,247.393,-47.637,-224.557
armhole seam +split (down),102.9660,247.563,-47.670,-225.026
armhole seam +split (down),102.9660,247.732,-47.703,-225.494
armhole seam +split (down),102.9660,247.901,-47.735,-225.963
armhole seam +split (down),102.9660,248.070,-47.768,-226.431
armhole seam +split (down),102.9660,248.238,-47.800,-226.899
armhole seam +split (down),102.9660,248.406,-47.832,-227.368
armhole seam +split (down),102.9660,248.573,-47.865,-227.836
armhole seam +split (down),102.9660,248.740,-47.897,-228.305
armhole seam +split (down),102.9660,248.907,-47.929,-228.773
armhole seam +split (down),102.9660,249.073,-47.961,-229.241
armhole seam +split (down),102.9660,249.239,-47.993,-229.710
armhole seam +split (down),102.9660,249.405,-48.025,-230.178
armhole seam +split (down),102.9660,249.570,-48.057,-230.647
armhole seam +split (down),102.9660,249.735,-48.088,-231.115
armhole seam +split (down),102.9660,249.899,-48.120,-231.583
armhole seam +split (down),102.9660,250.063,-48.152,-232.052
armhole seam +split (down),102.9660,250.227,-48.183,-232.520
armhole seam +split (down),102.9660,250.390,-48.215,-232.988
armhole seam +split (down),102.9660,250.553,-48.246,-233.457
armhole seam +split (down),102.9660,250.716,-48.278,-233.925
armhole seam +split (down),102.9660,250.878,-48.309,-234.394
armhole seam +split (down),102.9660,251.040,-48.340,-234.862
armhole seam +split (down),102.9660,251.201,-48.371,-235.330
armhole seam +split (down),102.9660,251.362,-48.402,-235.799
armhole seam +split (down),102.9660,251.523,-48.433,-236.267
armhole seam +split (down),102.9660,251.684,-48.464,-236.736
armhole seam +split (down),102.9660,251.843,-48.495,-237.204
armhole seam +split (down),102.9660,252.003,-48.526,-237.672
armhole seam +split (down),102.9660,252.162,-48.556,-238.141
armhole seam +split (down),102.9660,252.321,-48.587,-238.609
armhole seam +split (down),102.9660,252.480,-48.617,-239.078
armhole seam +split (down),102.9660,252.638,-48.648,-239.546
armhole seam +split (down),102.9660,252.795,-48.678,-240.014
armhole seam +split (down),102.9660,252.953,-48.709,-240.483
armhole seam +split (down),102.9660,253.110,-48.739,-240.951
armhole seam +split (down),102.9660,253.266,-48.769,-241.420
armhole seam +split (down),102.9660,253.423,-48.799,-241.888
armhole seam +split (down),102.9660,253.579,-48.829,-242.356
armhole seam +split (down),102.9660,253.734,-48.859,-242.825
armhole seam +split (down),102.9660,253.889,-48.889,-243.293
armhole seam +split (down),102.9660,254.044,-48.919,-243.761
armhole seam +split (down),102.9660,254.198,-48.949,-244.230
armhole seam +split (down),102.9660,254.352,-48.978,-244.698
armhole seam +split (down),102.9660,254.506,-49.008,-245.167
armhole seam +split (down),102.9660,254.659,-49.037,-245.635
armhole seam +split (down),102.9660,254.812,-49.067,-246.103
armhole seam +split (down),102.9660,254.964,-49.096,-246.572
armhole seam +split (down),102.9660,255.117,-49.126,-247.040
armhole seam +split (down),102.9660,255.268,-49.155,-247.509
armhole seam +split (down),102.9660,255.420,-49.184,-247.977
armhole seam +split (down),102.9660,255.571,-49.213,-248.445
armhole seam +split (down),102.9660,255.721,-49.242,-248.914
armhole seam +split (down),102.9660,255.872,-49.271,-249.382
armhole seam +split (down),102.9660,256.022,-49.300,-249.851
armhole seam +split (down),102.9660,256.171,-49.329,-250.319
armhole seam +split (down),102.9660,256.320,-49.358,-250.787
armhole seam +split (down),102.9660,256.469,-49.386,-251.256
armhole seam +split (down),102.9660,256.617,-49.415,-251.724
armhole seam +split (down),102.9660,256.765,-49.443,-252.192
armhole seam +split (down),102.9660,256.913,-49.472,-252.661
armhole seam +split (down),102.9660,257.060,-49.500,-253.129
armhole seam +split (down),102.9660,257.207,-49.529,-253.598
armhole seam +split (down),102.9660,257.354,-49.557,-254.066
armhole seam +split (down),102.9660,257.500,-49.585,-254.534
armhole seam +split (down),102.9660,257.646,-49.613,-255.003
armhole seam +split (down),102.9660,257.791,-49.641,-255.471
armhole seam +split (down),102.9660,257.936,-49.669,-255.940
armhole seam +split (down),102.9660,258.081,-49.697,-256.408
armhole seam +split (down),102.9660,258.225,-49.725,-256.876
armhole seam +split (down),102.9660,258.369,-49.752,-257.345
armhole seam +split (down),102.9660,258.513,-49.780,-257.813
armhole seam +split (down),102.9660,258.656,-49.808,-258.282
armhole seam +split (down),102.9660,258.799,-49.835,-258.750
armhole seam +split (down),102.9660,258.941,-49.863,-259.218
armhole seam +split (down),102.9660,259.083,-49.890,-259.687
armhole seam +split (down),102.9660,259.225,-49.917,-260.155
armhole seam +split (down),102.9660,259.366,-49.945,-260.624
armhole seam +split (down),102.9660,259.507,-49.972,-261.092
armhole seam +split (down),102.9660,259.647,-49.999,-261.560
armhole seam +split (down),102.9660,259.788,-50.026,-262.029
armhole seam +split (down),102.9660,259.927,-50.053,-262.497
armhole seam +split (down),102.9660,260.067,-50.080,-262.965
armhole seam +split (down),102.9660,260.206,-50.106,-263.434
armhole seam +split (down),102.9660,260.345,-50.133,-263.902
armhole seam +split (down),102.9660,260.483,-50.160,-264.371
armhole seam +split (down),102.9660,260.621,-50.186,-264.839
armhole seam +split (down),102.9660,260.758,-50.213,-265.307
armhole seam +split (down),102.9660,260.895,-50.239,-265.776
armhole seam +split (down),102.9660,261.032,-50.266,-266.244
armhole seam +split (down),102.9660,261.169,-50.292,-266.713
armhole seam +split (down),102.9660,261.305,-50.318,-267.181
armhole seam +split (down),102.9660,261.440,-50.344,-267.649
armhole seam +split (down),102.9660,261.575,-50.370,-268.118
armhole seam +split (down),102.9660,261.710,-50.396,-268.586
armhole seam +split (down),102.9660,261.845,-50.422,-269.055
armhole seam +split (down),102.9660,261.979,-50.448,-269.523
armhole seam +split (down),102.9660,262.113,-50.474,-269.991
armhole seam +split (down),102.9660,262.246,-50.500,-270.460
armhole seam +split (down),102.9660,262.379,-50.525,-270.928
armhole seam +split (down),102.9660,262.512,-50.551,-271.397
armhole seam +split (down),102.9660,262.644,-50.576,-271.865
armhole seam +split (down),102.9660,262.776,-50.602,-272.333
armhole seam +split (down),102.9660,262.907,-50.627,-272.802
armhole seam +split (down),102.9660,263.038,-50.652,-273.270
armhole seam +split (down),102.9660,263.169,-50.677,-273.738
armhole seam +split (down),102.9660,263.299,-50.703,-274.207
armhole seam +split (down),102.9660,263.429,-50.728,-274.675
armhole seam +split (down),102.9660,263.559,-50.753,-275.144
armhole seam +split (down),102.9660,263.688,-50.777,-275.612
armhole seam +split (down),102.9660,263.817,-50.802,-276.080
armhole seam +split (down),102.9660,263.945,-50.827,-276.549
armhole seam +split (down),102.9660,264.073,-50.852,-277.017
armhole seam +split (down),102.9660,264.201,-50.876,-277.486
armhole seam +split (down),102.9660,264.328,-50.901,-277.954
armhole seam +split (down),102.9660,264.455,-50.925,-278.422
armhole seam +split (down),102.9660,264.582,-50.950,-278.891
armhole seam +split (down),102.9660,264.708,-50.974,-279.359
armhole seam +split (down),102.9660,264.834,-50.998,-279.828
armhole seam +split (down),102.9660,264.959,-51.022,-280.296
armhole seam +split (down),102.9660,265.084,-51.046,-280.764
armhole seam +split (down),102.9660,265.208,-51.070,-281.233
armhole seam +split (down),102.9660,265.333,-51.094,-281.701
armhole seam +split (down),102.9660,265.456,-51.118,-282.170
armhole seam +split (down),102.9660,265.580,-51.142,-282.638
armhole seam +split (down),102.9660,265.703,-51.166,-283.106
armhole seam +split (down),102.9660,265.826,-51.189,-283.575
armhole seam +split (down),102.9660,265.948,-51.213,-284.043
armhole seam +split (down),102.9660,266.070,-51.236,-284.511
armhole seam +split (down),102.9660,266.191,-51.260,-284.980
armhole seam +split (down),102.9660,266.312,-51.283,-285.448
armhole seam +split (down),102.9660,266.433,-51.306,-285.917
armhole seam +split (down),102.9660,266.553,-51.330,-286.385
armhole seam +split (down),102.9660,266.673,-51.353,-286.853
armhole seam +split (down),102.9660,266.793,-51.376,-287.322
armhole seam +split (down),102.9660,266.912,-51.399,-287.790
armhole seam +split (down),102.9660,267.031,-51.422,-288.259
armhole seam +split (down),102.9660,267.149,-51.444,-288.727
armhole seam +split (down),102.9660,267.267,-51.467,-289.195
armhole seam +split (down),102.9660,267.385,-51.490,-289.664
armhole seam +split (down),102.9660,267.502,-51.512,-290.132
armhole seam +split (down),102.9660,267.619,-51.535,-290.601
armhole seam +split (down),102.9660,267.735,-51.557,-291.069
armhole seam +split (down),102.9660,267.851,-51.580,-291.537
armhole seam +split (down),102.9660,267.967,-51.602,-292.006
armhole seam +split (down),102.9660,268.082,-51.624,-292.474
armhole seam +split (down),102.9660,268.197,-51.646,-292.943
armhole seam +split (down),102.9660,268.311,-51.668,-293.411
armhole seam +split (down),102.9660,268.425,-51.690,-293.879
armhole seam +split (down),102.9660,268.539,-51.712,-294.348
armhole seam +split (down),102.9660,268.652,-51.734,-294.816
armhole seam +split (down),102.9660,268.765,-51.756,-295.284
armhole seam +split (down),102.9660,268.878,-51.778,-295.753
armhole seam +split (down),102.9660,268.990,-51.799,-296.221
armhole seam +split (down),102.9660,269.101,-51.821,-296.690
armhole seam +split (down),102.9660,269.213,-51.842,-297.158
armhole seam +split (down),102.9660,269.323,-51.863,-297.626
armhole seam +split (down),102.9660,269.434,-51.885,-298.095
armhole seam +split (down),102.9660,269.544,-51.906,-298.563
armhole seam +split (down),102.9660,269.654,-51.927,-299.032
armhole seam +split (down),102.9660,269.763,-51.948,-299.500
armhole seam +split (down),102.9660,269.872,-51.969,-299.968
armhole seam +split (down),102.9660,269.980,-51.990,-300.437
armhole seam +split (down),102.9660,270.088,-52.011,-300.905
armhole seam +split (down),102.9660,270.196,-52.032,-301.374
armhole seam +split (down),102.9660,270.303,-52.052,-301.842
armhole seam +split (down),102.9660,270.410,-52.073,-302.310
armhole seam +split (down),102.9660,270.516,-52.093,-302.779
armhole seam +split (down),102.9660,270.622,-52.114,-303.247
armhole seam +split (down),102.9660,270.728,-52.134,-303.715
armhole seam +split (down),102.9660,270.833,-52.154,-304.184
armhole seam +split (down),102.9660,270.938,-52.175,-304.652
armhole seam +split (down),102.9660,271.042,-52.195,-305.121
armhole seam +split (down),102.9660,271.146,-52.215,-305.589
armhole seam +split (down),102.9660,271.250,-52.235,-306.057
armhole seam +split (down),102.9660,271.353,-52.255,-306.526
armhole seam +split (down),102.9660,271.456,-52.274,-306.994
armhole seam +split (down),102.9660,271.558,-52.294,-307.463
armhole seam +split (down),102.9660,271.660,-52.314,-307.931
armhole seam +split (down),102.9660,271.762,-52.333,-308.399
armhole seam +split (down),102.9660,271.863,-52.353,-308.868
armhole seam +split (down),102.9660,271.963,-52.372,-309.336
armhole seam +split (down),102.9660,272.064,-52.392,-309.805
armhole seam +split (down),102.9660,272.164,-52.411,-310.273
armhole seam +split (down),102.9660,272.263,-52.430,-310.741
armhole seam +split (down),102.9660,272.362,-52.449,-311.210
armhole seam +split (down),102.9660,272.461,-52.468,-311.678
armhole seam +split (down),102.9660,272.559,-52.487,-312.147
armhole seam +split (down),102.9660,272.656,-52.506,-312.615
armhole seam +split (down),102.9660,272.754,-52.525,-313.083
armhole seam +split (down),102.9660,272.851,-52.543,-313.552
armhole seam +split (down),102.9660,272.947,-52.562,-314.020
armhole seam +split (down),102.9660,273.043,-52.580,-314.488
armhole seam +split (down),102.9660,273.139,-52.599,-314.957
armhole seam +split (down),102.9660,273.234,-52.617,-315.425
armhole seam +split (down),102.9660,273.329,-52.635,-315.894
armhole seam +split (down),102.9660,273.423,-52.654,-316.362
armhole seam +split (down),102.9660,273.517,-52.672,-316.830
armhole seam +split (down),102.9660,273.611,-52.690,-317.299
armhole seam +split (down),102.9660,273.704,-52.708,-317.767
armhole seam +split (down),102.9660,273.796,-52.725,-318.236
armhole seam +split (down),102.9660,273.888,-52.743,-318.704
armhole seam +split (down),102.9660,273.980,-52.761,-319.172
armhole seam +split (down),102.9660,274.072,-52.778,-319.641
armhole seam +split (down),102.9660,274.162,-52.796,-320.109
armhole seam +split (down),102.9660,274.253,-52.813,-320.578
armhole seam +split (down),102.9660,274.343,-52.831,-321.046
armhole seam +split (down),102.9660,274.433,-52.848,-321.514
armhole seam +split (down),102.9660,274.522,-52.865,-321.983
armhole seam +split (down),102.9660,274.610,-52.882,-322.451
armhole seam +split (down),102.9660,274.699,-52.899,-322.920
armhole seam +split (down),102.9660,274.786,-52.916,-323.388
armhole seam +split (down),102.9660,274.874,-52.933,-323.856
armhole seam +split (down),102.9660,274.961,-52.950,-324.325
armhole seam +split (down),102.9660,275.047,-52.966,-324.793
armhole seam +split (down),102.9660,275.133,-52.983,-325.261
armhole seam +split (down),102.9660,275.219,-53.000,-325.730
armhole seam +split (down),102.9660,275.304,-53.016,-326.198
armhole seam +split (down),102.9660,275.389,-53.032,-326.667
armhole seam +split (down),102.9660,275.473,-53.049,-327.135
armhole seam +split (down),102.9660,275.557,-53.065,-327.603
armhole seam +split (down),102.9660,275.640,-53.081,-328.072
armhole seam +split (down),102.9660,275.723,-53.097,-328.540
armhole seam +split (down),102.9660,275.805,-53.113,-329.009
armhole seam +split (down),102.9660,275.887,-53.128,-329.477
armhole seam +split (down),102.9660,275.969,-53.144,-329.945
armhole seam +split (down),102.9660,276.050,-53.160,-330.414
armhole seam +split (down),102.9660,276.130,-53.175,-330.882
armhole seam +split (down),102.9660,276.210,-53.191,-331.351
armhole seam +split (down),102.9660,276.290,-53.206,-331.819
armhole seam +split (down),102.9660,276.369,-53.221,-332.287
armhole seam +split (down),102.9660,276.448,-53.236,-332.756
armhole seam +split (down),102.9660,276.526,-53.251,-333.224
armhole seam +split (down),102.9660,276.604,-53.266,-333.693
armhole seam +split (down),102.9660,276.681,-53.281,-334.161
armhole seam +split (down),102.9660,276.758,-53.296,-334.629
armhole seam +split (down),102.9660,276.834,-53.311,-335.098
armhole seam +split (down),102.9660,276.910,-53.325,-335.566
armhole seam +split (down),102.9660,276.985,-53.340,-336.034
armhole seam +split (down),102.9660,277.060,-53.354,-336.503
armhole seam +split (down),102.9660,277.135,-53.369,-336.971
armhole seam +split (down),102.9660,277.209,-53.383,-337.440
armhole seam +split (down),102.9660,277.282,-53.397,-337.908
armhole seam +split (down),102.9660,277.355,-53.411,-338.376
armhole seam +split (down),102.9660,277.427,-53.425,-338.845
armhole seam +split (down),102.9660,277.499,-53.439,-339.313
armhole seam +split (down),102.9660,277.571,-53.453,-339.782
armhole seam +split (down),102.9660,277.642,-53.466,-340.250
armhole seam +split (down),102.9660,277.712,-53.480,-340.718
armhole seam +split (down),102.9660,277.782,-53.494,-341.187
armhole seam +split (down),102.9660,277.852,-53.507,-341.655
armhole seam +split (down),102.9660,277.921,-53.520,-342.124
armhole seam +split (down),102.9660,277.989,-53.533,-342.592
armhole seam +split (down),102.9660,278.057,-53.547,-343.060
armhole seam +split (down),102.9660,278.125,-53.560,-343.529
armhole seam +split (down),102.9660,278.191,-53.572,-343.997
armhole seam +split (down),102.9660,278.258,-53.585,-344.466
armhole seam +split (down),102.9660,278.324,-53.598,-344.934
armhole seam +split (down),102.9660,278.389,-53.610,-345.402
armhole seam +split (down),102.9660,278.454,-53.623,-345.871
armhole seam +split (down),102.9660,278.518,-53.635,-346.339
armhole seam +split (down),102.9660,278.582,-53.648,-346.807
armhole seam +split (down),102.9660,278.645,-53.660,-347.276
armhole seam +split (down),102.9660,278.708,-53.672,-347.744
armhole seam +split (down),102.9660,278.770,-53.684,-348.213
armhole seam +split (down),102.9660,278.832,-53.696,-348.681
armhole seam +split (down),102.9660,278.893,-53.708,-349.149
armhole seam +split (down),102.9660,278.954,-53.719,-349.618
armhole seam +split (down),102.9660,279.014,-53.731,-350.086
armhole seam +split (down),102.9660,279.073,-53.742,-350.555
armhole seam +split (down),102.9660,279.132,-53.754,-351.023
armhole seam +split (down),102.9660,279.190,-53.765,-351.491
armhole seam +split (down),102.9660,279.248,-53.776,-351.960
armhole seam +split (down),102.9660,279.305,-53.787,-352.428
armhole seam +split (down),102.9660,279.362,-53.798,-352.897
armhole seam +split (down),102.9660,279.418,-53.809,-353.365
armhole seam +split (down),102.9660,279.474,-53.819,-353.833
armhole seam +split (down),102.9660,279.529,-53.830,-354.302
armhole seam +split (down),102.9660,279.583,-53.841,-354.770
armhole seam +split (down),102.9660,279.637,-53.851,-355.238
armhole seam +split (down),102.9660,279.690,-53.861,-355.707
armhole seam +split (down),102.9660,279.742,-53.871,-356.175
armhole seam +split (down),102.9660,279.794,-53.881,-356.644
armhole seam +split (down),102.9660,279.846,-53.891,-357.112
armhole seam +split (down),102.9660,279.897,-53.901,-357.580
armhole seam +split (down),102.9660,279.947,-53.911,-358.049
armhole seam +split (down),102.9660,279.996,-53.920,-358.517
armhole seam +split (down),102.9660,280.045,-53.930,-358.986
armhole seam +split (down),102.9660,280.094,-53.939,-359.454
armhole seam +split (down),102.9660,280.141,-53.948,-359.922
armhole seam +split (down),102.9660,280.188,-53.957,-360.391
armhole seam +split (down),102.9660,280.235,-53.966,-360.859
armhole seam +split (down),102.9660,280.280,-53.975,-361.328
armhole seam +split (down),102.9660,280.326,-53.984,-361.796
armhole seam +split (down),102.9660,280.370,-53.992,-362.264
armhole seam +split (down),102.9660,280.414,-54.001,-362.733
armhole seam +split (down),102.9660,280.457,-54.009,-363.201
armhole seam +split (down),102.9660,280.499,-54.017,-363.670
armhole seam +split (down),102.9660,280.541,-54.025,-364.138
armhole seam +split (down),102.9660,280.582,-54.033,-364.606
armhole seam +split (down),102.9660,280.622,-54.041,-365.075
armhole seam +split (down),102.9660,280.662,-54.049,-365.543
armhole seam +split (down),102.9660,280.701,-54.056,-366.011
armhole seam +split (down),102.9660,280.739,-54.063,-366.480
armhole seam +split (down),102.9660,280.777,-54.071,-366.948
armhole seam +split (down),102.9660,280.813,-54.078,-367.417
armhole seam +split (down),102.9660,280.849,-54.085,-367.885
armhole seam +split (down),102.9660,280.884,-54.091,-368.353
armhole seam +split (down),102.9660,280.919,-54.098,-368.822
armhole seam +split (down),102.9660,280.953,-54.104,-369.290
armhole seam +split (down),102.9660,280.985,-54.111,-369.759
armhole seam +split (down),102.9660,281.017,-54.117,-370.227
armhole seam +split (down),102.9660,281.049,-54.123,-370.695
armhole seam +split (down),102.9660,281.079,-54.129,-371.164
armhole seam +split (down),102.9660,281.108,-54.135,-371.632
armhole seam +split (down),102.9660,281.137,-54.140,-372.101
armhole seam +split (down),102.9660,281.165,-54.145,-372.569
armhole seam +split (down),102.9660,281.192,-54.151,-373.037
armhole seam +split (down),102.9660,281.217,-54.156,-373.506
armhole seam +split (down),102.9660,281.242,-54.160,-373.974
armhole seam +split (down),102.9660,281.266,-54.165,-374.443
armhole seam +split (down),102.9660,281.289,-54.169,-374.911
armhole seam +split (down),102.9660,281.311,-54.174,-375.379
armhole seam +split (down),102.9660,281.332,-54.178,-375.848
armhole seam +split (down),102.9660,281.352,-54.181,-376.316
armhole seam +split (down),102.9660,281.370,-54.185,-376.784
armhole seam +split (down),102.9660,281.388,-54.188,-377.253
armhole seam +split (down),102.9660,281.404,-54.191,-377.721
armhole seam +split (down),102.9660,281.419,-54.194,-378.190
armhole seam +split (down),102.9660,281.432,-54.197,-378.658
armhole seam +split (down),102.9660,281.444,-54.199,-379.126
armhole seam +split (down),102.9660,281.454,-54.201,-379.595
armhole seam +split (down),102.9660,281.462,-54.203,-380.063
armhole seam +split (down),102.9660,281.468,-54.204,-380.532
armhole seam +split (down),102.9660,281.471,-54.204,-381.000
hem edge,102.9660,281.471,-54.204,-381.000
hem edge,102.8801,281.618,-53.865,-381.000
hem edge,102.7943,281.763,-53.526,-381.000
hem edge,102.7084,281.908,-53.186,-381.000
hem edge,102.6226,282.052,-52.846,-381.000
hem edge,102.5368,282.195,-52.505,-381.000
hem edge,102.4509,282.338,-52.164,-381.000
hem edge,102.3651,282.479,-51.823,-381.000
hem edge,102.2792,282.619,-51.481,-381.000
hem edge,102.1934,282.759,-51.139,-381.000
hem edge,102.1076,282.898,-50.797,-381.000
hem edge,102.0217,283.036,-50.454,-381.000
hem edge,101.9359,283.173,-50.111,-381.000
hem edge,101.8500,283.309,-49.767,-381.000
hem edge,101.7642,283.445,-49.424,-381.000
hem edge,101.6784,283.579,-49.080,-381.000
hem edge,101.5925,283.713,-48.735,-381.000
hem edge,101.5067,283.846,-48.390,-381.000
hem edge,101.4208,283.977,-48.045,-381.000
hem edge,101.3350,284.108,-47.700,-381.000
hem edge,101.2491,284.238,-47.354,-381.000
hem edge,101.1633,284.368,-47.008,-381.000
hem edge,101.0775,284.496,-46.662,-381.000
hem edge,100.9916,284.624,-46.315,-381.000
hem edge,100.9058,284.750,-45.968,-381.000
hem edge,100.8199,284.876,-45.620,-381.000
hem edge,100.7341,285.001,-45.273,-381.000
hem edge,100.6483,285.125,-44.924,-381.000
hem edge,100.5624,285.248,-44.576,-381.000
hem edge,100.4766,285.370,-44.228,-381.000
hem edge,100.3907,285.491,-43.878,-381.000
hem edge,100.3049,285.611,-43.529,-381.000
hem edge,100.2191,285.731,-43.180,-381.000
hem edge,100.1332,285.849,-42.830,-381.000
hem edge,100.0474,285.967,-42.479,-381.000
hem edge,99.9615,286.083,-42.129,-381.000
hem edge,99.8757,286.199,-41.778,-381.000
hem edge,99.7899,286.314,-41.427,-381.000
hem edge,99.7040,286.428,-41.075,-381.000
hem edge,99.6182,286.541,-40.724,-381.000
hem edge,99.5323,286.653,-40.372,-381.000
hem edge,99.4465,286.764,-40.019,-381.000
hem edge,99.3607,286.874,-39.667,-381.000
hem edge,99.2748,286.983,-39.314,-381.000
hem edge,99.1890,287.092,-38.960,-381.000
hem edge,99.1031,287.199,-38.607,-381.000
hem edge,99.0173,287.306,-38.253,-381.000
hem edge,98.9314,287.411,-37.899,-381.000
hem edge,98.8456,287.516,-37.545,-381.000
hem edge,98.7598,287.620,-37.190,-381.000
hem edge,98.6739,287.722,-36.836,-381.000
hem edge,98.5881,287.824,-36.480,-381.000
hem edge,98.5022,287.925,-36.125,-381.000
hem edge,98.4164,288.025,-35.769,-381.000
hem edge,98.3306,288.124,-35.413,-381.000
hem edge,98.2447,288.222,-35.057,-381.000
hem edge,98.1589,288.319,-34.701,-381.000
hem edge,98.0730,288.415,-34.344,-381.000
hem edge,97.9872,288.510,-33.987,-381.000
hem edge,97.9014,288.604,-33.630,-381.000
hem edge,97.8155,288.697,-33.272,-381.000
hem edge,97.7297,288.790,-32.914,-381.000
hem edge,97.6438,288.881,-32.556,-381.000
hem edge,97.5580,288.971,-32.198,-381.000
hem edge,97.4722,289.061,-31.840,-381.000
hem edge,97.3863,289.149,-31.481,-381.000
hem edge,97.3005,289.236,-31.122,-381.000
hem edge,97.2146,289.323,-30.763,-381.000
hem edge,97.1288,289.408,-30.404,-381.000
hem edge,97.0430,289.493,-30.044,-381.000
hem edge,96.9571,289.576,-29.684,-381.000
hem edge,96.8713,289.659,-29.324,-381.000
hem edge,96.7854,289.741,-28.963,-381.000
hem edge,96.6996,289.821,-28.603,-381.000
hem edge,96.6137,289.901,-28.242,-381.000
hem edge,96.5279,289.979,-27.881,-381.000
hem edge,96.4421,290.057,-27.520,-381.000
hem edge,96.3562,290.134,-27.159,-381.000
hem edge,96.2704,290.209,-26.797,-381.000
hem edge,96.1845,290.284,-26.435,-381.000
hem edge,96.0987,290.358,-26.073,-381.000
hem edge,96.0129,290.430,-25.711,-381.000
hem edge,95.9270,290.502,-25.348,-381.000
hem edge,95.8412,290.573,-24.986,-381.000
hem edge,95.7553,290.642,-24.623,-381.000
hem edge,95.6695,290.711,-24.260,-381.000
hem edge,95.5837,290.779,-23.897,-381.000
hem edge,95.4978,290.845,-23.533,-381.000
hem edge,95.4120,290.911,-23.170,-381.000
hem edge,95.3261,290.976,-22.806,-381.000
hem edge,95.2403,291.039,-22.442,-381.000
hem edge,95.1545,291.102,-22.078,-381.000
hem edge,95.0686,291.164,-21.714,-381.000
hem edge,94.9828,291.224,-21.349,-381.000
hem edge,94.8969,291.284,-20.985,-381.000
hem edge,94.8111,291.342,-20.620,-381.000
hem edge,94.7253,291.400,-20.255,-381.000
hem edge,94.6394,291.457,-19.890,-381.000
hem edge,94.5536,291.512,-19.525,-381.000
hem edge,94.4677,291.567,-19.159,-381.000
hem edge,94.3819,291.620,-18.794,-381.000
hem edge,94.2960,291.673,-18.428,-381.000
hem edge,94.2102,291.724,-18.062,-381.000
hem edge,94.1244,291.775,-17.696,-381.000
hem edge,94.0385,291.824,-17.330,-381.000
hem edge,93.9527,291.873,-16.964,-381.000
hem edge,93.8668,291.920,-16.597,-381.000
hem edge,93.7810,291.966,-16.231,-381.000
hem edge,93.6952,292.012,-15.864,-381.000
hem edge,93.6093,292.056,-15.497,-381.000
hem edge,93.5235,292.099,-15.130,-381.000
hem edge,93.4376,292.142,-14.763,-381.000
hem edge,93.3518,292.183,-14.396,-381.000
hem edge,93.2660,292.223,-14.029,-381.000
hem edge,93.1801,292.262,-13.662,-381.000
hem edge,93.0943,292.300,-13.294,-381.000
hem edge,93.0084,292.337,-12.927,-381.000
hem edge,92.9226,292.373,-12.559,-381.000
hem edge,92.8368,292.408,-12.191,-381.000
hem edge,92.7509,292.442,-11.823,-381.000
hem edge,92.6651,292.475,-11.455,-381.000
hem edge,92.5792,292.507,-11.087,-381.000
hem edge,92.4934,292.538,-10.719,-381.000
hem edge,92.4076,292.568,-10.351,-381.000
hem edge,92.3217,292.597,-9.983,-381.000
hem edge,92.2359,292.625,-9.614,-381.000
hem edge,92.1500,292.651,-9.246,-381.000
hem edge,92.0642,292.677,-8.877,-381.000
hem edge,91.9783,292.702,-8.508,-381.000
hem edge,91.8925,292.725,-8.140,-381.000
hem edge,91.8067,292.748,-7.771,-381.000
hem edge,91.7208,292.769,-7.402,-381.000
hem edge,91.6350,292.790,-7.033,-381.000
hem edge,91.5491,292.809,-6.664,-381.000
hem edge,91.4633,292.827,-6.295,-381.000
hem edge,91.3775,292.845,-5.926,-381.000
hem edge,91.2916,292.861,-5.557,-381.000
hem edge,91.2058,292.876,-5.188,-381.000
hem edge,91.1199,292.890,-4.819,-381.000
hem edge,91.0341,292.904,-4.450,-381.000
hem edge,90.9483,292.916,-4.081,-381.000
hem edge,90.8624,292.927,-3.711,-381.000
hem edge,90.7766,292.937,-3.342,-381.000
hem edge,90.6907,292.946,-2.973,-381.000
hem edge,90.6049,292.954,-2.603,-381.000
hem edge,90.5191,292.961,-2.234,-381.000
hem edge,90.4332,292.966,-1.864,-381.000
hem edge,90.3474,292.971,-1.495,-381.000
hem edge,90.2615,292.975,-1.126,-381.000
hem edge,90.1757,292.977,-0.756,-381.000
hem edge,90.0899,292.979,-0.387,-381.000
hem edge,90.0040,292.980,-0.017,-381.000
hem edge,89.9182,292.979,0.352,-381.000
hem edge,89.8323,292.978,0.722,-381.000
hem edge,89.7465,292.975,1.091,-381.000
hem edge,89.6606,292.971,1.461,-381.000
hem edge,89.5748,292.967,1.830,-381.000
hem edge,89.4890,292.961,2.199,-381.000
hem edge,89.4031,292.954,2.569,-381.000
hem edge,89.3173,292.947,2.938,-381.000
hem edge,89.2314,292.938,3.307,-381.000
hem edge,89.1456,292.928,3.677,-381.000
hem edge,89.0598,292.917,4.046,-381.000
hem edge,88.9739,292.905,4.415,-381.000
hem edge,88.8881,292.892,4.785,-381.000
hem edge,88.8022,292.878,5.154,-381.000
hem edge,88.7164,292.863,5.523,-381.000
hem edge,88.6306,292.846,5.892,-381.000
hem edge,88.5447,292.829,6.261,-381.000
hem edge,88.4589,292.811,6.630,-381.000
hem edge,88.3730,292.792,6.999,-381.000
hem edge,88.2872,292.771,7.368,-381.000
hem edge,88.2014,292.750,7.737,-381.000
hem edge,88.1155,292.727,8.105,-381.000
hem edge,88.0297,292.704,8.474,-381.000
hem edge,87.9438,292.679,8.843,-381.000
hem edge,87.8580,292.654,9.211,-381.000
hem edge,87.7722,292.627,9.580,-381.000
hem edge,87.6863,292.599,9.948,-381.000
hem edge,87.6005,292.571,10.316,-381.000
hem edge,87.5146,292.541,10.685,-381.000
hem edge,87.4288,292.510,11.053,-381.000
hem edge,87.3429,292.478,11.421,-381.000
hem edge,87.2571,292.446,11.789,-381.000
hem edge,87.1713,292.412,12.157,-381.000
hem edge,87.0854,292.377,12.525,-381.000
hem edge,86.9996,292.341,12.892,-381.000
hem edge,86.9137,292.304,13.260,-381.000
hem edge,86.8279,292.266,13.627,-381.000
hem edge,86.7421,292.227,13.995,-381.000
hem edge,86.6562,292.187,14.362,-381.000
hem edge,86.5704,292.145,14.729,-381.000
hem edge,86.4845,292.103,15.096,-381.000
hem edge,86.3987,292.060,15.463,-381.000
hem edge,86.3129,292.016,15.830,-381.000
hem edge,86.2270,291.971,16.197,-381.000
hem edge,86.1412,291.924,16.563,-381.000
hem edge,86.0553,291.877,16.929,-381.000
hem edge,85.9695,291.829,17.296,-381.000
hem edge,85.8837,291.779,17.662,-381.000
hem edge,85.7978,291.729,18.028,-381.000
hem edge,85.7120,291.678,18.394,-381.000
hem edge,85.6261,291.625,18.759,-381.000
hem edge,85.5403,291.572,19.125,-381.000
hem edge,85.4545,291.517,19.491,-381.000
hem edge,85.3686,291.462,19.856,-381.000
hem edge,85.2828,291.405,20.221,-381.000
hem edge,85.1969,291.348,20.586,-381.000
hem edge,85.1111,291.289,20.951,-381.000
hem edge,85.0252,291.230,21.315,-381.000
hem edge,84.9394,291.169,21.680,-381.000
hem edge,84.8536,291.108,22.044,-381.000
hem edge,84.7677,291.045,22.408,-381.000
hem edge,84.6819,290.982,22.772,-381.000
hem edge,84.5960,290.917,23.136,-381.000
hem edge,84.5102,290.851,23.499,-381.000
hem edge,84.4244,290.785,23.863,-381.000
hem edge,84.3385,290.717,24.226,-381.000
hem edge,84.2527,290.649,24.589,-381.000
hem edge,84.1668,290.579,24.952,-381.000
hem edge,84.0810,290.509,25.314,-381.000
hem edge,83.9952,290.437,25.677,-381.000
hem edge,83.9093,290.364,26.039,-381.000
hem edge,83.8235,290.291,26.401,-381.000
hem edge,83.7376,290.216,26.763,-381.000
hem edge,83.6518,290.141,27.125,-381.000
hem edge,83.5660,290.064,27.486,-381.000
hem edge,83.4801,289.987,27.847,-381.000
hem edge,83.3943,289.908,28.208,-381.000
hem edge,83.3084,289.829,28.569,-381.000
hem edge,83.2226,289.748,28.930,-381.000
hem edge,83.1368,289.667,29.290,-381.000
hem edge,83.0509,289.584,29.650,-381.000
hem edge,82.9651,289.501,30.010,-381.000
hem edge,82.8792,289.416,30.370,-381.000
hem edge,82.7934,289.331,30.729,-381.000
hem edge,82.7075,289.245,31.088,-381.000
hem edge,82.6217,289.157,31.447,-381.000
hem edge,82.5359,289.069,31.806,-381.000
hem edge,82.4500,288.980,32.165,-381.000
hem edge,82.3642,288.889,32.523,-381.000
hem edge,82.2783,288.798,32.881,-381.000
hem edge,82.1925,288.706,33.239,-381.000
hem edge,82.1067,288.613,33.596,-381.000
hem edge,82.0208,288.519,33.953,-381.000
hem edge,81.9350,288.424,34.310,-381.000
hem edge,81.8491,288.328,34.667,-381.000
hem edge,81.7633,288.231,35.024,-381.000
hem edge,81.6775,288.133,35.380,-381.000
hem edge,81.5916,288.034,35.736,-381.000
hem edge,81.5058,287.934,36.092,-381.000
hem edge,81.4199,287.834,36.447,-381.000
hem edge,81.3341,287.732,36.802,-381.000
hem edge,81.2483,287.629,37.157,-381.000
hem edge,81.1624,287.526,37.512,-381.000
hem edge,81.0766,287.421,37.866,-381.000
hem edge,80.9907,287.316,38.220,-381.000
hem edge,80.9049,287.209,38.574,-381.000
hem edge,80.8191,287.102,38.927,-381.000
hem edge,80.7332,286.994,39.281,-381.000
hem edge,80.6474,286.884,39.634,-381.000
hem edge,80.5615,286.774,39.986,-381.000
hem edge,80.4757,286.663,40.339,-381.000
hem edge,80.3898,286.551,40.691,-381.000
hem edge,80.3040,286.438,41.043,-381.000
hem edge,80.2182,286.324,41.394,-381.000
hem edge,80.1323,286.210,41.745,-381.000
hem edge,80.0465,286.094,42.096,-381.000
hem edge,79.9606,285.977,42.447,-381.000
hem edge,79.8748,285.860,42.797,-381.000
hem edge,79.7890,285.742,43.147,-381.000
hem edge,79.7031,285.622,43.496,-381.000
hem edge,79.6173,285.502,43.846,-381.000
hem edge,79.5314,285.381,44.195,-381.000
hem edge,79.4456,285.259,44.544,-381.000
hem edge,79.3598,285.136,44.892,-381.000
hem edge,79.2739,285.012,45.240,-381.000
hem edge,79.1881,284.888,45.588,-381.000
hem edge,79.1022,284.762,45.936,-381.000
hem edge,79.0164,284.635,46.282,-381.000
hem edge,78.9306,284.508,46.629,-381.000
hem edge,78.8447,284.380,46.976,-381.000
hem edge,78.7589,284.251,47.322,-381.000
hem edge,78.6730,284.121,47.668,-381.000
hem edge,78.5872,283.990,48.013,-381.000
hem edge,78.5014,283.858,48.358,-381.000
hem edge,78.4155,283.725,48.703,-381.000
hem edge,78.3297,283.592,49.048,-381.000
hem edge,78.2438,283.457,49.392,-381.000
hem edge,78.1580,283.322,49.735,-381.000
hem edge,78.0721,283.186,50.079,-381.000
hem edge,77.9863,283.049,50.422,-381.000
hem edge,77.9005,282.911,50.765,-381.000
hem edge,77.8146,282.772,51.107,-381.000
hem edge,77.7288,282.633,51.449,-381.000
hem edge,77.6429,282.492,51.791,-381.000
hem edge,77.5571,282.351,52.132,-381.000
hem edge,77.4713,282.209,52.473,-381.000
hem edge,77.3854,282.066,52.814,-381.000
hem edge,77.2996,281.922,53.154,-381.000
hem edge,77.2137,281.777,53.494,-381.000
hem edge,77.1279,281.632,53.834,-381.000
hem edge,77.0421,281.485,54.173,-381.000
hem edge,76.9562,281.338,54.512,-381.000
hem edge,76.8704,281.190,54.851,-381.000
hem edge,76.7845,281.041,55.188,-381.000
hem edge,76.6987,280.891,55.526,-381.000
hem edge,76.6129,280.741,55.863,-381.000
hem edge,76.5270,280.589,56.201,-381.000
hem edge,76.4412,280.437,56.537,-381.000
hem edge,76.3553,280.284,56.873,-381.000
hem edge,76.2695,280.130,57.209,-381.000
hem edge,76.1837,279.975,57.545,-381.000
hem edge,76.0978,279.820,57.880,-381.000
hem edge,76.0120,279.664,58.215,-381.000
hem edge,75.9261,279.507,58.549,-381.000
hem edge,75.8403,279.349,58.883,-381.000
hem edge,75.7544,279.190,59.217,-381.000
hem edge,75.6686,279.030,59.550,-381.000
hem edge,75.5828,278.870,59.883,-381.000
hem edge,75.4969,278.709,60.215,-381.000
hem edge,75.4111,278.547,60.547,-381.000
hem edge,75.3252,278.384,60.879,-381.000
hem edge,75.2394,278.221,61.210,-381.000
hem edge,75.1536,278.057,61.541,-381.000
hem edge,75.0677,277.891,61.872,-381.000
hem edge,74.9819,277.725,62.202,-381.000
hem edge,74.8960,277.559,62.532,-381.000
hem edge,74.8102,277.392,62.861,-381.000
hem edge,74.7244,277.223,63.190,-381.000
hem edge,74.6385,277.054,63.519,-381.000
hem edge,74.5527,276.884,63.847,-381.000
hem edge,74.4668,276.714,64.174,-381.000
hem edge,74.3810,276.543,64.501,-381.000
hem edge,74.2952,276.371,64.829,-381.000
hem edge,74.2093,276.198,65.155,-381.000
hem edge,74.1235,276.024,65.481,-381.000
hem edge,74.0376,275.850,65.807,-381.000
hem edge,73.9518,275.675,66.132,-381.000
hem edge,73.8660,275.499,66.457,-381.000
hem edge,73.7801,275.322,66.782,-381.000
hem edge,73.6943,275.145,67.106,-381.000
hem edge,73.6084,274.967,67.429,-381.000
hem edge,73.5226,274.788,67.753,-381.000
hem edge,73.4367,274.608,68.076,-381.000
hem edge,73.3509,274.428,68.398,-381.000
hem edge,73.2651,274.247,68.720,-381.000
hem edge,73.1792,274.065,69.042,-381.000
hem edge,73.0934,273.882,69.363,-381.000
hem edge,73.0075,273.699,69.684,-381.000
hem edge,72.9217,273.515,70.004,-381.000
hem edge,72.8359,273.331,70.324,-381.000
hem edge,72.7500,273.145,70.644,-381.000
hem edge,72.6642,272.959,70.963,-381.000
hem edge,72.5783,272.772,71.281,-381.000
hem edge,72.4925,272.584,71.599,-381.000
hem edge,72.4067,272.396,71.918,-381.000
hem edge,72.3208,272.207,72.235,-381.000
hem edge,72.2350,272.017,72.552,-381.000
hem edge,72.1491,271.827,72.868,-381.000
hem edge,72.0633,271.636,73.185,-381.000
hem edge,71.9775,271.444,73.500,-381.000
hem edge,71.8916,271.251,73.815,-381.000
hem edge,71.8058,271.058,74.130,-381.000
hem edge,71.7199,270.864,74.445,-381.000
hem edge,71.6341,270.669,74.759,-381.000
hem edge,71.5483,270.474,75.072,-381.000
hem edge,71.4624,270.278,75.385,-381.000
hem edge,71.3766,270.081,75.698,-381.000
hem edge,71.2907,269.884,76.011,-381.000
hem edge,71.2049,269.686,76.322,-381.000
hem edge,71.1190,269.487,76.634,-381.000
hem edge,71.0332,269.287,76.945,-381.000
hem edge,70.9474,269.087,77.255,-381.000
hem edge,70.8615,268.886,77.566,-381.000
hem edge,70.7757,268.685,77.875,-381.000
hem edge,70.6898,268.483,78.184,-381.000
hem edge,70.6040,268.280,78.493,-381.000
hem edge,70.5182,268.076,78.802,-381.000
hem edge,70.4323,267.872,79.109,-381.000
hem edge,70.3465,267.668,79.417,-381.000
hem edge,70.2606,267.462,79.724,-381.000
hem edge,70.1748,267.256,80.031,-381.000
hem edge,70.0890,267.049,80.337,-381.000
hem edge,70.0031,266.842,80.642,-381.000
hem edge,69.9173,266.634,80.948,-381.000
hem edge,69.8314,266.425,81.253,-381.000
hem edge,69.7456,266.215,81.557,-381.000
hem edge,69.6598,266.006,81.861,-381.000
hem edge,69.5739,265.795,82.164,-381.000
hem edge,69.4881,265.584,82.468,-381.000
hem edge,69.4022,265.372,82.770,-381.000
hem edge,69.3164,265.159,83.072,-381.000
hem edge,69.2306,264.946,83.374,-381.000
hem edge,69.1447,264.732,83.675,-381.000
hem edge,69.0589,264.518,83.976,-381.000
hem edge,68.9730,264.303,84.277,-381.000
hem edge,68.8872,264.087,84.577,-381.000
hem edge,68.8013,263.871,84.876,-381.000
hem edge,68.7155,263.654,85.175,-381.000
hem edge,68.6297,263.436,85.474,-381.000
hem edge,68.5438,263.218,85.772,-381.000
hem edge,68.4580,263.000,86.070,-381.000
hem edge,68.3721,262.780,86.367,-381.000
hem edge,68.2863,262.560,86.664,-381.000
hem edge,68.2005,262.339,86.960,-381.000
hem edge,68.1146,262.118,87.256,-381.000
hem edge,68.0288,261.897,87.551,-381.000
hem edge,67.9429,261.674,87.847,-381.000
hem edge,67.8571,261.451,88.141,-381.000
hem edge,67.7713,261.228,88.435,-381.000
hem edge,67.6854,261.004,88.729,-381.000
hem edge,67.5996,260.779,89.022,-381.000
hem edge,67.5137,260.553,89.315,-381.000
hem edge,67.4279,260.327,89.607,-381.000
hem edge,67.3421,260.101,89.899,-381.000
hem edge,67.2562,259.874,90.191,-381.000
hem edge,67.1704,259.646,90.482,-381.000
hem edge,67.0845,259.418,90.772,-381.000
hem edge,66.9987,259.189,91.062,-381.000
hem edge,66.9129,258.960,91.352,-381.000
hem edge,66.8270,258.730,91.641,-381.000
hem edge,66.7412,258.499,91.930,-381.000
hem edge,66.6553,258.268,92.218,-381.000
hem edge,66.5695,258.036,92.505,-381.000
hem edge,66.4836,257.804,92.793,-381.000
hem edge,66.3978,257.571,93.080,-381.000
hem edge,66.3120,257.338,93.366,-381.000
hem edge,66.2261,257.104,93.652,-381.000
hem edge,66.1403,256.870,93.938,-381.000
hem edge,66.0544,256.634,94.223,-381.000
hem edge,65.9686,256.399,94.508,-381.000
hem edge,65.8828,256.163,94.791,-381.000
hem edge,65.7969,255.926,95.075,-381.000
hem edge,65.7111,255.689,95.358,-381.000
hem edge,65.6252,255.451,95.642,-381.000
hem edge,65.5394,255.213,95.924,-381.000
hem edge,65.4536,254.974,96.205,-381.000
hem edge,65.3677,254.735,96.487,-381.000
hem edge,65.2819,254.495,96.768,-381.000
hem edge,65.1960,254.254,97.048,-381.000
hem edge,65.1102,254.013,97.328,-381.000
hem edge,65.0244,253.772,97.608,-381.000
hem edge,64.9385,253.530,97.887,-381.000
hem edge,64.8527,253.287,98.166,-381.000
hem edge,64.7668,253.044,98.444,-381.000
hem edge,64.6810,252.801,98.722,-381.000
hem edge,64.5952,252.557,98.999,-381.000
hem edge,64.5093,252.312,99.276,-381.000
hem edge,64.4235,252.067,99.552,-381.000
hem edge,64.3376,251.821,99.828,-381.000
hem edge,64.2518,251.575,100.104,-381.000
hem edge,64.1659,251.328,100.379,-381.000
hem edge,64.0801,251.081,100.653,-381.000
hem edge,63.9943,250.833,100.927,-381.000
hem edge,63.9084,250.585,101.201,-381.000
hem edge,63.8226,250.336,101.474,-381.000
hem edge,63.7367,250.087,101.747,-381.000
hem edge,63.6509,249.837,102.019,-381.000
hem edge,63.5651,249.587,102.291,-381.000
hem edge,63.4792,249.337,102.562,-381.000
hem edge,63.3934,249.085,102.834,-381.000
hem edge,63.3075,248.834,103.104,-381.000
hem edge,63.2217,248.582,103.374,-381.000
hem edge,63.1359,248.329,103.643,-381.000
hem edge,63.0500,248.076,103.913,-381.000
hem edge,62.9642,247.822,104.181,-381.000
hem edge,62.8783,247.568,104.449,-381.000
hem edge,62.7925,247.313,104.717,-381.000
hem edge,62.7067,247.058,104.984,-381.000
hem edge,62.6208,246.802,105.251,-381.000
hem edge,62.5350,246.547,105.517,-381.000
hem edge,62.4491,246.290,105.783,-381.000
hem edge,62.3633,246.033,106.049,-381.000
hem edge,62.2775,245.775,106.314,-381.000
hem edge,62.1916,245.518,106.578,-381.000
hem edge,62.1058,245.259,106.842,-381.000
hem edge,62.0199,245.001,107.106,-381.000
hem edge,61.9341,244.741,107.369,-381.000
hem edge,61.8482,244.481,107.632,-381.000
hem edge,61.7624,244.221,107.894,-381.000
hem edge,61.6766,243.961,108.156,-381.000
hem edge,61.5907,243.699,108.417,-381.000
hem edge,61.5049,243.437,108.678,-381.000
hem edge,61.4190,243.176,108.938,-381.000
hem edge,61.3332,242.913,109.198,-381.000
hem edge,61.2474,242.650,109.458,-381.000
hem edge,61.1615,242.387,109.717,-381.000
hem edge,61.0757,242.123,109.976,-381.000
hem edge,60.9898,241.859,110.234,-381.000
hem edge,60.9040,241.594,110.491,-381.000
hem edge,60.8182,241.329,110.749,-381.000
hem edge,60.7323,241.063,111.006,-381.000
hem edge,60.6465,240.797,111.262,-381.000
hem edge,60.5606,240.531,111.518,-381.000
hem edge,60.4748,240.264,111.773,-381.000
hem edge,60.3890,239.996,112.028,-381.000
hem edge,60.3031,239.729,112.283,-381.000
hem edge,60.2173,239.460,112.537,-381.000
hem edge,60.1314,239.192,112.790,-381.000
hem edge,60.0456,238.923,113.044,-381.000
hem edge,59.9598,238.653,113.296,-381.000
hem edge,59.8739,238.383,113.549,-381.000
hem edge,59.7881,238.113,113.800,-381.000
hem edge,59.7022,237.842,114.052,-381.000
hem edge,59.6164,237.571,114.303,-381.000
hem edge,59.5305,237.299,114.553,-381.000
hem edge,59.4447,237.027,114.803,-381.000
hem edge,59.3589,236.755,115.053,-381.000
hem edge,59.2730,236.482,115.302,-381.000
hem edge,59.1872,236.209,115.551,-381.000
hem edge,59.1013,235.935,115.799,-381.000
hem edge,59.0155,235.661,116.046,-381.000
hem edge,58.9297,235.387,116.294,-381.000
hem edge,58.8438,235.112,116.541,-381.000
hem edge,58.7580,234.837,116.787,-381.000
hem edge,58.6721,234.561,117.033,-381.000
hem edge,58.5863,234.285,117.278,-381.000
hem edge,58.5005,234.008,117.524,-381.000
hem edge,58.4146,233.731,117.768,-381.000
hem edge,58.3288,233.454,118.012,-381.000
hem edge,58.2429,233.177,118.256,-381.000
hem edge,58.1571,232.898,118.499,-381.000
hem edge,58.0713,232.620,118.742,-381.000
hem edge,57.9854,232.341,118.984,-381.000
hem edge,57.8996,232.062,119.226,-381.000
hem edge,57.8137,231.782,119.468,-381.000
hem edge,57.7279,231.502,119.709,-381.000
hem edge,57.6421,231.222,119.950,-381.000
hem edge,57.5562,230.941,120.190,-381.000
hem edge,57.4704,230.660,120.429,-381.000
hem edge,57.3845,230.378,120.669,-381.000
hem edge,57.2987,230.097,120.908,-381.000
hem edge,57.2128,229.814,121.146,-381.000
hem edge,57.1270,229.532,121.384,-381.000
hem edge,57.0412,229.249,121.621,-381.000
hem edge,56.9553,228.965,121.858,-381.000
hem edge,56.8695,228.682,122.095,-381.000
hem edge,56.7836,228.398,122.331,-381.000
hem edge,56.6978,228.113,122.567,-381.000
hem edge,56.6120,227.828,122.802,-381.000
hem edge,56.5261,227.543,123.037,-381.000
hem edge,56.4403,227.257,123.271,-381.000
hem edge,56.3544,226.971,123.505,-381.000
hem edge,56.2686,226.685,123.739,-381.000
hem edge,56.1828,226.398,123.972,-381.000
hem edge,56.0969,226.111,124.204,-381.000
hem edge,56.0111,225.824,124.436,-381.000
hem edge,55.9252,225.536,124.668,-381.000
hem edge,55.8394,225.248,124.899,-381.000
hem edge,55.7536,224.960,125.130,-381.000
hem edge,55.6677,224.671,125.361,-381.000
hem edge,55.5819,224.382,125.591,-381.000
hem edge,55.4960,224.092,125.820,-381.000
hem edge,55.4102,223.802,126.049,-381.000
hem edge,55.3244,223.512,126.278,-381.000
hem edge,55.2385,223.221,126.506,-381.000
hem edge,55.1527,222.930,126.734,-381.000
hem edge,55.0668,222.639,126.961,-381.000
hem edge,54.9810,222.348,127.188,-381.000
hem edge,54.8951,222.056,127.414,-381.000
hem edge,54.8093,221.763,127.641,-381.000
hem edge,54.7235,221.471,127.866,-381.000
hem edge,54.6376,221.178,128.091,-381.000
hem edge,54.5518,220.885,128.316,-381.000
hem edge,54.4659,220.591,128.540,-381.000
hem edge,54.3801,220.297,128.764,-381.000
hem edge,54.2943,220.003,128.987,-381.000
hem edge,54.2084,219.709,129.210,-381.000
hem edge,54.1226,219.414,129.433,-381.000
hem edge,54.0367,219.118,129.655,-381.000
hem edge,53.9509,218.823,129.877,-381.000
hem edge,53.8651,218.527,130.098,-381.000
hem edge,53.7792,218.231,130.319,-381.000
hem edge,53.6934,217.934,130.539,-381.000
hem edge,53.6075,217.637,130.759,-381.000
hem edge,53.5217,217.340,130.978,-381.000
hem edge,53.4359,217.043,131.197,-381.000
hem edge,53.3500,216.745,131.416,-381.000
hem edge,53.2642,216.446,131.635,-381.000
hem edge,53.1783,216.148,131.852,-381.000
hem edge,53.0925,215.849,132.069,-381.000
hem edge,53.0067,215.550,132.286,-381.000
hem edge,52.9208,215.251,132.503,-381.000
hem edge,52.8350,214.951,132.719,-381.000
hem edge,52.7491,214.651,132.934,-381.000
hem edge,52.6633,214.351,133.150,-381.000
hem edge,52.5775,214.050,133.364,-381.000
hem edge,52.4916,213.749,133.579,-381.000
hem edge,52.4058,213.448,133.793,-381.000
hem edge,52.3199,213.147,134.006,-381.000
hem edge,52.2341,212.845,134.219,-381.000
hem edge,52.1482,212.542,134.432,-381.000
hem edge,52.0624,212.240,134.644,-381.000
hem edge,51.9766,211.938,134.856,-381.000
hem edge,51.8907,211.634,135.067,-381.000
hem edge,51.8049,211.331,135.278,-381.000
hem edge,51.7190,211.027,135.489,-381.000
hem edge,51.6332,210.724,135.699,-381.000
hem edge,51.5474,210.419,135.908,-381.000
hem edge,51.4615,210.115,136.117,-381.000
hem edge,51.3757,209.810,136.326,-381.000
hem edge,51.2898,209.505,136.535,-381.000
hem edge,51.2040,209.200,136.743,-381.000
hem edge,51.1182,208.894,136.950,-381.000
hem edge,51.0323,208.588,137.157,-381.000
hem edge,50.9465,208.282,137.364,-381.000
hem edge,50.8606,207.975,137.570,-381.000
hem edge,50.7748,207.668,137.776,-381.000
hem edge,50.6890,207.361,137.981,-381.000
hem edge,50.6031,207.054,138.187,-381.000
hem edge,50.5173,206.746,138.391,-381.000
hem edge,50.4314,206.438,138.595,-381.000
hem edge,50.3456,206.130,138.799,-381.000
hem edge,50.2598,205.821,139.002,-381.000
hem edge,50.1739,205.513,139.205,-381.000
hem edge,50.0881,205.204,139.407,-381.000
hem edge,50.0022,204.895,139.609,-381.000
hem edge,49.9164,204.585,139.811,-381.000
hem edge,49.8305,204.275,140.012,-381.000
hem edge,49.7447,203.965,140.213,-381.000
hem edge,49.6589,203.655,140.413,-381.000
hem edge,49.5730,203.344,140.614,-381.000
hem edge,49.4872,203.033,140.813,-381.000
hem edge,49.4013,202.722,141.012,-381.000
hem edge,49.3155,202.410,141.211,-381.000
hem edge,49.2297,202.099,141.409,-381.000
hem edge,49.1438,201.786,141.607,-381.000
hem edge,49.0580,201.474,141.805,-381.000
hem edge,48.9721,201.162,142.001,-381.000
hem edge,48.8863,200.849,142.198,-381.000
hem edge,48.8005,200.536,142.394,-381.000
hem edge,48.7146,200.223,142.590,-381.000
hem edge,48.6288,199.909,142.786,-381.000
hem edge,48.5429,199.595,142.981,-381.000
hem edge,48.4571,199.281,143.175,-381.000
hem edge,48.3713,198.967,143.369,-381.000
hem edge,48.2854,198.652,143.563,-381.000
hem edge,48.1996,198.338,143.756,-381.000
hem edge,48.1137,198.023,143.949,-381.000
hem edge,48.0279,197.707,144.142,-381.000
hem edge,47.9421,197.391,144.334,-381.000
hem edge,47.8562,197.076,144.526,-381.000
hem edge,47.7704,196.760,144.717,-381.000
hem edge,47.6845,196.443,144.908,-381.000
hem edge,47.5987,196.127,145.098,-381.000
hem edge,47.5128,195.810,145.288,-381.000
hem edge,47.4270,195.493,145.478,-381.000
hem edge,47.3412,195.176,145.667,-381.000
hem edge,47.2553,194.858,145.856,-381.000
hem edge,47.1695,194.540,146.044,-381.000
hem edge,47.0836,194.222,146.232,-381.000
hem edge,46.9978,193.904,146.420,-381.000
hem edge,46.9120,193.585,146.607,-381.000
hem edge,46.8261,193.266,146.794,-381.000
hem edge,46.7403,192.948,146.980,-381.000
hem edge,46.6544,192.628,147.166,-381.000
hem edge,46.5686,192.309,147.352,-381.000
hem edge,46.4828,191.989,147.537,-381.000
hem edge,46.3969,191.669,147.722,-381.000
hem edge,46.3111,191.349,147.906,-381.000
hem edge,46.2252,191.029,148.090,-381.000
hem edge,46.1394,190.708,148.274,-381.000
hem edge,46.0536,190.387,148.457,-381.000
hem edge,45.9677,190.066,148.639,-381.000
hem edge,45.8819,189.745,148.822,-381.000
hem edge,45.7960,189.423,149.004,-381.000
hem edge,45.7102,189.101,149.185,-381.000
hem edge,45.6244,188.780,149.366,-381.000
hem edge,45.5385,188.457,149.547,-381.000
hem edge,45.4527,188.135,149.728,-381.000
hem edge,45.3668,187.812,149.908,-381.000
hem edge,45.2810,187.489,150.087,-381.000
hem edge,45.1951,187.166,150.266,-381.000
hem edge,45.1093,186.843,150.445,-381.000
hem edge,45.0235,186.519,150.623,-381.000
hem edge,44.9376,186.195,150.801,-381.000
hem edge,44.8518,185.871,150.979,-381.000
hem edge,44.7659,185.547,151.156,-381.000
hem edge,44.6801,185.223,151.333,-381.000
hem edge,44.5943,184.898,151.509,-381.000
hem edge,44.5084,184.573,151.685,-381.000
hem edge,44.4226,184.248,151.860,-381.000
hem edge,44.3367,183.923,152.036,-381.000
hem edge,44.2509,183.597,152.210,-381.000
hem edge,44.1651,183.272,152.385,-381.000
hem edge,44.0792,182.946,152.559,-381.000
hem edge,43.9934,182.620,152.732,-381.000
hem edge,43.9075,182.293,152.905,-381.000
hem edge,43.8217,181.967,153.078,-381.000
hem edge,43.7359,181.640,153.250,-381.000
hem edge,43.6500,181.313,153.422,-381.000
hem edge,43.5642,180.986,153.594,-381.000
hem edge,43.4783,180.658,153.765,-381.000
hem edge,43.3925,180.331,153.936,-381.000
hem edge,43.3067,180.003,154.106,-381.000
hem edge,43.2208,179.675,154.277,-381.000
hem edge,43.1350,179.346,154.446,-381.000
hem edge,43.0491,179.018,154.615,-381.000
hem edge,42.9633,178.690,154.784,-381.000
hem edge,42.8774,178.361,154.953,-381.000
hem edge,42.7916,178.032,155.121,-381.000
hem edge,42.7058,177.703,155.289,-381.000
hem edge,42.6199,177.373,155.456,-381.000
hem edge,42.5341,177.044,155.623,-381.000
hem edge,42.4482,176.714,155.789,-381.000
hem edge,42.3624,176.384,155.955,-381.000
hem edge,42.2766,176.054,156.121,-381.000
hem edge,42.1907,175.723,156.286,-381.000
hem edge,42.1049,175.393,156.451,-381.000
hem edge,42.0190,175.062,156.616,-381.000
hem edge,41.9332,174.731,156.780,-381.000
hem edge,41.8474,174.400,156.944,-381.000
hem edge,41.7615,174.068,157.107,-381.000
hem edge,41.6757,173.737,157.270,-381.000
hem edge,41.5898,173.405,157.433,-381.000
hem edge,41.5040,173.073,157.595,-381.000
hem edge,41.4182,172.741,157.757,-381.000
hem edge,41.3323,172.409,157.918,-381.000
hem edge,41.2465,172.076,158.080,-381.000
hem edge,41.1606,171.744,158.240,-381.000
hem edge,41.0748,171.411,158.401,-381.000
hem edge,40.9890,171.078,158.561,-381.000
hem edge,40.9031,170.744,158.720,-381.000
hem edge,40.8173,170.411,158.879,-381.000
hem edge,40.7314,170.078,159.038,-381.000
hem edge,40.6456,169.744,159.196,-381.000
hem edge,40.5597,169.410,159.354,-381.000
hem edge,40.4739,169.075,159.512,-381.000
hem edge,40.3881,168.741,159.669,-381.000
hem edge,40.3022,168.407,159.826,-381.000
hem edge,40.2164,168.072,159.983,-381.000
hem edge,40.1305,167.737,160.139,-381.000
hem edge,40.0447,167.402,160.295,-381.000
hem edge,39.9589,167.067,160.450,-381.000
hem edge,39.8730,166.732,160.605,-381.000
hem edge,39.7872,166.396,160.760,-381.000
hem edge,39.7013,166.060,160.914,-381.000
hem edge,39.6155,165.725,161.067,-381.000
hem edge,39.5297,165.389,161.221,-381.000
hem edge,39.4438,165.052,161.374,-381.000
hem edge,39.3580,164.716,161.527,-381.000
hem edge,39.2721,164.379,161.679,-381.000
hem edge,39.1863,164.043,161.831,-381.000
hem edge,39.1005,163.706,161.983,-381.000
hem edge,39.0146,163.368,162.134,-381.000
hem edge,38.9288,163.031,162.285,-381.000
hem edge,38.8429,162.694,162.435,-381.000
hem edge,38.7571,162.356,162.585,-381.000
hem edge,38.6713,162.018,162.735,-381.000
hem edge,38.5854,161.680,162.884,-381.000
hem edge,38.4996,161.342,163.033,-381.000
hem edge,38.4137,161.004,163.181,-381.000
hem edge,38.3279,160.666,163.330,-381.000
hem edge,38.2420,160.327,163.478,-381.000
hem edge,38.1562,159.988,163.625,-381.000
hem edge,38.0704,159.649,163.772,-381.000
hem edge,37.9845,159.310,163.919,-381.000
hem edge,37.8987,158.971,164.065,-381.000
hem edge,37.8128,158.631,164.211,-381.000
hem edge,37.7270,158.292,164.356,-381.000
hem edge,37.6412,157.952,164.502,-381.000
hem edge,37.5553,157.612,164.647,-381.000
hem edge,37.4695,157.272,164.791,-381.000
hem edge,37.3836,156.932,164.935,-381.000
hem edge,37.2978,156.592,165.079,-381.000
hem edge,37.2120,156.251,165.222,-381.000
hem edge,37.1261,155.910,165.365,-381.000
hem edge,37.0403,155.570,165.508,-381.000
hem edge,36.9544,155.229,165.650,-381.000
hem edge,36.8686,154.888,165.792,-381.000
hem edge,36.7828,154.546,165.933,-381.000
hem edge,36.6969,154.205,166.074,-381.000
hem edge,36.6111,153.863,166.215,-381.000
hem edge,36.5252,153.522,166.355,-381.000
hem edge,36.4394,153.180,166.496,-381.000
hem edge,36.3536,152.837,166.635,-381.000
hem edge,36.2677,152.495,166.774,-381.000
hem edge,36.1819,152.153,166.913,-381.000
hem edge,36.0960,151.811,167.052,-381.000
hem edge,36.0102,151.468,167.190,-381.000
hem edge,35.9243,151.125,167.328,-381.000
hem edge,35.8385,150.782,167.465,-381.000
hem edge,35.7527,150.439,167.602,-381.000
hem edge,35.6668,150.096,167.739,-381.000
hem edge,35.5810,149.752,167.875,-381.000
hem edge,35.4951,149.409,168.011,-381.000
hem edge,35.4093,149.065,168.147,-381.000
hem edge,35.3235,148.722,168.282,-381.000
hem edge,35.2376,148.377,168.417,-381.000
hem edge,35.1518,148.034,168.552,-381.000
hem edge,35.0659,147.689,168.686,-381.000
hem edge,34.9801,147.345,168.820,-381.000
hem edge,34.8943,147.000,168.953,-381.000
hem edge,34.8084,146.656,169.086,-381.000
hem edge,34.7226,146.311,169.219,-381.000
hem edge,34.6367,145.966,169.351,-381.000
hem edge,34.5509,145.621,169.483,-381.000
hem edge,34.4651,145.276,169.615,-381.000
hem edge,34.3792,144.930,169.746,-381.000
hem edge,34.2934,144.585,169.877,-381.000
hem edge,34.2075,144.239,170.007,-381.000
hem edge,34.1217,143.893,170.138,-381.000
hem edge,34.0359,143.548,170.267,-381.000
hem edge,33.9500,143.202,170.397,-381.000
hem edge,33.8642,142.855,170.526,-381.000
hem edge,33.7783,142.509,170.655,-381.000
hem edge,33.6925,142.163,170.783,-381.000
hem edge,33.6066,141.816,170.911,-381.000
hem edge,33.5208,141.469,171.039,-381.000
hem edge,33.4350,141.122,171.166,-381.000
hem edge,33.3491,140.775,171.293,-381.000
hem edge,33.2633,140.429,171.420,-381.000
hem edge,33.1774,140.081,171.546,-381.000
hem edge,33.0916,139.734,171.672,-381.000
hem edge,33.0058,139.386,171.797,-381.000
hem edge,32.9199,139.039,171.922,-381.000
hem edge,32.8341,138.691,172.047,-381.000
hem edge,32.7482,138.343,172.171,-381.000
hem edge,32.6624,137.995,172.296,-381.000
hem edge,32.5766,137.647,172.419,-381.000
hem edge,32.4907,137.299,172.543,-381.000
hem edge,32.4049,136.951,172.666,-381.000
hem edge,32.3190,136.602,172.788,-381.000
hem edge,32.2332,136.253,172.911,-381.000
hem edge,32.1474,135.905,173.032,-381.000
hem edge,32.0615,135.556,173.154,-381.000
hem edge,31.9757,135.207,173.275,-381.000
hem edge,31.8898,134.857,173.396,-381.000
hem edge,31.8040,134.508,173.517,-381.000
hem edge,31.7182,134.159,173.637,-381.000
hem edge,31.6323,133.810,173.757,-381.000
hem edge,31.5465,133.460,173.876,-381.000
hem edge,31.4606,133.110,173.995,-381.000
hem edge,31.3748,132.760,174.114,-381.000
hem edge,31.2889,132.410,174.232,-381.000
hem edge,31.2031,132.060,174.350,-381.000
hem edge,31.1173,131.710,174.468,-381.000
hem edge,31.0314,131.360,174.585,-381.000
hem edge,30.9456,131.009,174.702,-381.000
hem edge,30.8597,130.659,174.819,-381.000
hem edge,30.7739,130.308,174.935,-381.000
hem edge,30.6881,129.957,175.051,-381.000
hem edge,30.6022,129.606,175.167,-381.000
hem edge,30.5164,129.255,175.282,-381.000
hem edge,30.4305,128.904,175.397,-381.000
hem edge,30.3447,128.553,175.512,-381.000
hem edge,30.2589,128.202,175.626,-381.000
hem edge,30.1730,127.850,175.740,-381.000
hem edge,30.0872,127.499,175.853,-381.000
hem edge,30.0013,127.147,175.966,-381.000
hem edge,29.9155,126.795,176.079,-381.000
hem edge,29.8297,126.443,176.191,-381.000
hem edge,29.7438,126.091,176.304,-381.000
hem edge,29.6580,125.739,176.415,-381.000
hem edge,29.5721,125.387,176.527,-381.000
hem edge,29.4863,125.034,176.638,-381.000
hem edge,29.4005,124.682,176.748,-381.000
hem edge,29.3146,124.329,176.859,-381.000
hem edge,29.2288,123.976,176.969,-381.000
hem edge,29.1429,123.624,177.078,-381.000
hem edge,29.0571,123.271,177.188,-381.000
hem edge,28.9712,122.918,177.297,-381.000
hem edge,28.8854,122.564,177.405,-381.000
hem edge,28.7996,122.211,177.514,-381.000
hem edge,28.7137,121.858,177.621,-381.000
hem edge,28.6279,121.505,177.729,-381.000
hem edge,28.5420,121.151,177.836,-381.000
hem edge,28.4562,120.797,177.943,-381.000
hem edge,28.3704,120.444,178.050,-381.000
hem edge,28.2845,120.090,178.156,-381.000
hem edge,28.1987,119.736,178.262,-381.000
hem edge,28.1128,119.382,178.367,-381.000
hem edge,28.0270,119.028,178.472,-381.000
hem edge,27.9412,118.673,178.577,-381.000
hem edge,27.8553,118.319,178.682,-381.000
hem edge,27.7695,117.964,178.786,-381.000
hem edge,27.6836,117.610,178.890,-381.000
hem edge,27.5978,117.255,178.993,-381.000
hem edge,27.5120,116.901,179.096,-381.000
hem edge,27.4261,116.546,179.199,-381.000
hem edge,27.3403,116.191,179.301,-381.000
hem edge,27.2544,115.836,179.403,-381.000
hem edge,27.1686,115.480,179.505,-381.000
hem edge,27.0828,115.125,179.607,-381.000
hem edge,26.9969,114.770,179.708,-381.000
hem edge,26.9111,114.414,179.808,-381.000
hem edge,26.8252,114.059,179.909,-381.000
hem edge,26.7394,113.703,180.009,-381.000
hem edge,26.6535,113.347,180.108,-381.000
hem edge,26.5677,112.991,180.208,-381.000
hem edge,26.4819,112.636,180.307,-381.000
hem edge,26.3960,112.280,180.405,-381.000
hem edge,26.3102,111.923,180.504,-381.000
hem edge,26.2243,111.567,180.602,-381.000
hem edge,26.1385,111.211,180.699,-381.000
hem edge,26.0527,110.854,180.797,-381.000
hem edge,25.9668,110.498,180.894,-381.000
hem edge,25.8810,110.141,180.990,-381.000
hem edge,25.7951,109.785,181.087,-381.000
hem edge,25.7093,109.428,181.183,-381.000
hem edge,25.6235,109.071,181.278,-381.000
hem edge,25.5376,108.714,181.373,-381.000
hem edge,25.4518,108.357,181.468,-381.000
hem edge,25.3659,108.000,181.563,-381.000
hem edge,25.2801,107.643,181.657,-381.000
hem edge,25.1943,107.285,181.751,-381.000
hem edge,25.1084,106.928,181.845,-381.000
hem edge,25.0226,106.570,181.938,-381.000
hem edge,24.9367,106.213,182.031,-381.000
hem edge,24.8509,105.855,182.123,-381.000
hem edge,24.7651,105.497,182.216,-381.000
hem edge,24.6792,105.140,182.308,-381.000
hem edge,24.5934,104.782,182.399,-381.000
hem edge,24.5075,104.424,182.490,-381.000
hem edge,24.4217,104.065,182.581,-381.000
hem edge,24.3358,103.707,182.672,-381.000
hem edge,24.2500,103.349,182.762,-381.000
hem edge,24.1642,102.991,182.852,-381.000
hem edge,24.0783,102.632,182.941,-381.000
hem edge,23.9925,102.274,183.031,-381.000
hem edge,23.9066,101.915,183.120,-381.000
hem edge,23.8208,101.557,183.208,-381.000
hem edge,23.7350,101.198,183.296,-381.000
hem edge,23.6491,100.839,183.384,-381.000
hem edge,23.5633,100.480,183.472,-381.000
hem edge,23.4774,100.121,183.559,-381.000
hem edge,23.3916,99.762,183.646,-381.000
hem edge,23.3058,99.403,183.732,-381.000
hem edge,23.2199,99.043,183.819,-381.000
hem edge,23.1341,98.684,183.904,-381.000
hem edge,23.0482,98.325,183.990,-381.000
hem edge,22.9624,97.965,184.075,-381.000
hem edge,22.8766,97.605,184.160,-381.000
hem edge,22.7907,97.246,184.245,-381.000
hem edge,22.7049,96.886,184.329,-381.000
hem edge,22.6190,96.526,184.413,-381.000
hem edge,22.5332,96.166,184.496,-381.000
hem edge,22.4474,95.807,184.579,-381.000
hem edge,22.3615,95.447,184.662,-381.000
hem edge,22.2757,95.086,184.745,-381.000
hem edge,22.1898,94.726,184.827,-381.000
hem edge,22.1040,94.366,184.909,-381.000
hem edge,22.0181,94.006,184.990,-381.000
hem edge,21.9323,93.645,185.072,-381.000
hem edge,21.8465,93.285,185.153,-381.000
hem edge,21.7606,92.924,185.233,-381.000
hem edge,21.6748,92.563,185.313,-381.000
hem edge,21.5889,92.203,185.393,-381.000
hem edge,21.5031,91.842,185.473,-381.000
hem edge,21.4173,91.481,185.552,-381.000
hem edge,21.3314,91.120,185.631,-381.000
hem edge,21.2456,90.759,185.710,-381.000
hem edge,21.1597,90.398,185.788,-381.000
hem edge,21.0739,90.037,185.866,-381.000
hem edge,20.9881,89.676,185.943,-381.000
hem edge,20.9022,89.315,186.021,-381.000
hem edge,20.8164,88.953,186.098,-381.000
hem edge,20.7305,88.592,186.174,-381.000
hem edge,20.6447,88.230,186.250,-381.000
hem edge,20.5589,87.869,186.326,-381.000
hem edge,20.4730,87.507,186.402,-381.000
hem edge,20.3872,87.145,186.477,-381.000
hem edge,20.3013,86.784,186.552,-381.000
hem edge,20.2155,86.422,186.627,-381.000
hem edge,20.1297,86.060,186.701,-381.000
hem edge,20.0438,85.698,186.775,-381.000
hem edge,19.9580,85.336,186.849,-381.000
hem edge,19.8721,84.974,186.922,-381.000
hem edge,19.7863,84.612,186.995,-381.000
hem edge,19.7004,84.249,187.068,-381.000
hem edge,19.6146,83.887,187.140,-381.000
hem edge,19.5288,83.525,187.212,-381.000
hem edge,19.4429,83.162,187.284,-381.000
hem edge,19.3571,82.800,187.355,-381.000
hem edge,19.2712,82.437,187.426,-381.000
hem edge,19.1854,82.075,187.497,-381.000
hem edge,19.0996,81.712,187.567,-381.000
hem edge,19.0137,81.349,187.638,-381.000
hem edge,18.9279,80.986,187.707,-381.000
hem edge,18.8420,80.623,187.777,-381.000
hem edge,18.7562,80.260,187.846,-381.000
hem edge,18.6704,79.898,187.915,-381.000
hem edge,18.5845,79.535,187.983,-381.000
hem edge,18.4987,79.171,188.051,-381.000
hem edge,18.4128,78.808,188.119,-381.000
hem edge,18.3270,78.445,188.186,-381.000
hem edge,18.2412,78.082,188.253,-381.000
hem edge,18.1553,77.718,188.320,-381.000
hem edge,18.0695,77.355,188.387,-381.000
hem edge,17.9836,76.991,188.453,-381.000
hem edge,17.8978,76.628,188.519,-381.000
hem edge,17.8120,76.264,188.584,-381.000
hem edge,17.7261,75.901,188.649,-381.000
hem edge,17.6403,75.537,188.714,-381.000
hem edge,17.5544,75.173,188.779,-381.000
hem edge,17.4686,74.809,188.843,-381.000
hem edge,17.3827,74.445,188.907,-381.000
hem edge,17.2969,74.081,188.971,-381.000
hem edge,17.2111,73.717,189.034,-381.000
hem edge,17.1252,73.353,189.097,-381.000
hem edge,17.0394,72.989,189.159,-381.000
hem edge,16.9535,72.625,189.222,-381.000
hem edge,16.8677,72.261,189.284,-381.000
hem edge,16.7819,71.897,189.345,-381.000
hem edge,16.6960,71.532,189.407,-381.000
hem edge,16.6102,71.168,189.468,-381.000
hem edge,16.5243,70.803,189.528,-381.000
hem edge,16.4385,70.439,189.589,-381.000
hem edge,16.3527,70.074,189.649,-381.000
hem edge,16.2668,69.710,189.708,-381.000
hem edge,16.1810,69.345,189.768,-381.000
hem edge,16.0951,68.980,189.827,-381.000
hem edge,16.0093,68.616,189.886,-381.000
hem edge,15.9235,68.251,189.944,-381.000
hem edge,15.8376,67.886,190.002,-381.000
hem edge,15.7518,67.521,190.060,-381.000
hem edge,15.6659,67.156,190.117,-381.000
hem edge,15.5801,66.791,190.174,-381.000
hem edge,15.4943,66.426,190.231,-381.000
hem edge,15.4084,66.061,190.288,-381.000
hem edge,15.3226,65.696,190.344,-381.000
hem edge,15.2367,65.331,190.400,-381.000
hem edge,15.1509,64.965,190.455,-381.000
hem edge,15.0650,64.600,190.511,-381.000
hem edge,14.9792,64.235,190.565,-381.000
hem edge,14.8934,63.869,190.620,-381.000
hem edge,14.8075,63.504,190.674,-381.000
hem edge,14.7217,63.138,190.728,-381.000
hem edge,14.6358,62.773,190.782,-381.000
hem edge,14.5500,62.407,190.835,-381.000
hem edge,14.4642,62.042,190.888,-381.000
hem edge,14.3783,61.676,190.941,-381.000
hem edge,14.2925,61.310,190.993,-381.000
hem edge,14.2066,60.944,191.045,-381.000
hem edge,14.1208,60.579,191.097,-381.000
hem edge,14.0350,60.213,191.148,-381.000
hem edge,13.9491,59.847,191.199,-381.000
hem edge,13.8633,59.481,191.250,-381.000
hem edge,13.7774,59.115,191.300,-381.000
hem edge,13.6916,58.749,191.351,-381.000
hem edge,13.6058,58.383,191.400,-381.000
hem edge,13.5199,58.017,191.450,-381.000
hem edge,13.4341,57.651,191.499,-381.000
hem edge,13.3482,57.284,191.548,-381.000
hem edge,13.2624,56.918,191.596,-381.000
hem edge,13.1766,56.552,191.645,-381.000
hem edge,13.0907,56.185,191.692,-381.000
hem edge,13.0049,55.819,191.740,-381.000
hem edge,12.9190,55.453,191.787,-381.000
hem edge,12.8332,55.086,191.834,-381.000
hem edge,12.7473,54.720,191.881,-381.000
hem edge,12.6615,54.353,191.927,-381.000
hem edge,12.5757,53.987,191.973,-381.000
hem edge,12.4898,53.620,192.019,-381.000
hem edge,12.4040,53.253,192.064,-381.000
hem edge,12.3181,52.887,192.109,-381.000
hem edge,12.2323,52.520,192.154,-381.000
hem edge,12.1465,52.153,192.198,-381.000
hem edge,12.0606,51.786,192.242,-381.000
hem edge,11.9748,51.419,192.286,-381.000
hem edge,11.8889,51.053,192.329,-381.000
hem edge,11.8031,50.686,192.373,-381.000
hem edge,11.7173,50.319,192.415,-381.000
hem edge,11.6314,49.952,192.458,-381.000
hem edge,11.5456,49.585,192.500,-381.000
hem edge,11.4597,49.218,192.542,-381.000
hem edge,11.3739,48.850,192.583,-381.000
hem edge,11.2881,48.483,192.625,-381.000
hem edge,11.2022,48.116,192.666,-381.000
hem edge,11.1164,47.749,192.706,-381.000
hem edge,11.0305,47.382,192.746,-381.000
hem edge,10.9447,47.014,192.786,-381.000
hem edge,10.8589,46.647,192.826,-381.000
hem edge,10.7730,46.280,192.865,-381.000
hem edge,10.6872,45.912,192.904,-381.000
hem edge,10.6013,45.545,192.943,-381.000
hem edge,10.5155,45.177,192.982,-381.000
hem edge,10.4296,44.810,193.020,-381.000
hem edge,10.3438,44.442,193.057,-381.000
hem edge,10.2580,44.075,193.095,-381.000
hem edge,10.1721,43.707,193.132,-381.000
hem edge,10.0863,43.340,193.169,-381.000
hem edge,10.0004,42.972,193.205,-381.000
hem edge,9.9146,42.604,193.241,-381.000
hem edge,9.8288,42.237,193.277,-381.000
hem edge,9.7429,41.869,193.313,-381.000
hem edge,9.6571,41.501,193.348,-381.000
hem edge,9.5712,41.133,193.383,-381.000
hem edge,9.4854,40.765,193.418,-381.000
hem edge,9.3996,40.398,193.452,-381.000
hem edge,9.3137,40.030,193.486,-381.000
hem edge,9.2279,39.662,193.520,-381.000
hem edge,9.1420,39.294,193.553,-381.000
hem edge,9.0562,38.926,193.586,-381.000
hem edge,8.9704,38.558,193.619,-381.000
hem edge,8.8845,38.190,193.651,-381.000
hem edge,8.7987,37.822,193.683,-381.000
hem edge,8.7128,37.454,193.715,-381.000
hem edge,8.6270,37.086,193.747,-381.000
hem edge,8.5412,36.717,193.778,-381.000
hem edge,8.4553,36.349,193.809,-381.000
hem edge,8.3695,35.981,193.839,-381.000
hem edge,8.2836,35.613,193.869,-381.000
hem edge,8.1978,35.245,193.899,-381.000
hem edge,8.1119,34.876,193.929,-381.000
hem edge,8.0261,34.508,193.958,-381.000
hem edge,7.9403,34.140,193.987,-381.000
hem edge,7.8544,33.771,194.016,-381.000
hem edge,7.7686,33.403,194.044,-381.000
hem edge,7.6827,33.035,194.072,-381.000
hem edge,7.5969,32.666,194.100,-381.000
hem edge,7.5111,32.298,194.127,-381.000
hem edge,7.4252,31.929,194.154,-381.000
hem edge,7.3394,31.561,194.181,-381.000
hem edge,7.2535,31.192,194.208,-381.000
hem edge,7.1677,30.824,194.234,-381.000
hem edge,7.0819,30.455,194.259,-381.000
hem edge,6.9960,30.087,194.285,-381.000
hem edge,6.9102,29.718,194.310,-381.000
hem edge,6.8243,29.350,194.335,-381.000
hem edge,6.7385,28.981,194.360,-381.000
hem edge,6.6527,28.612,194.384,-381.000
hem edge,6.5668,28.244,194.408,-381.000
hem edge,6.4810,27.875,194.432,-381.000
hem edge,6.3951,27.506,194.455,-381.000
hem edge,6.3093,27.137,194.478,-381.000
hem edge,6.2235,26.769,194.501,-381.000
hem edge,6.1376,26.400,194.523,-381.000
hem edge,6.0518,26.031,194.545,-381.000
hem edge,5.9659,25.662,194.567,-381.000
hem edge,5.8801,25.294,194.588,-381.000
hem edge,5.7942,24.925,194.610,-381.000
hem edge,5.7084,24.556,194.630,-381.000
hem edge,5.6226,24.187,194.651,-381.000
hem edge,5.5367,23.818,194.671,-381.000
hem edge,5.4509,23.449,194.691,-381.000
hem edge,5.3650,23.080,194.711,-381.000
hem edge,5.2792,22.711,194.730,-381.000
hem edge,5.1934,22.342,194.749,-381.000
hem edge,5.1075,21.973,194.768,-381.000
hem edge,5.0217,21.604,194.786,-381.000
hem edge,4.9358,21.235,194.804,-381.000
hem edge,4.8500,20.866,194.822,-381.000
hem edge,4.7642,20.497,194.839,-381.000
hem edge,4.6783,20.128,194.856,-381.000
hem edge,4.5925,19.759,194.873,-381.000
hem edge,4.5066,19.390,194.889,-381.000
hem edge,4.4208,19.021,194.906,-381.000
hem edge,4.3350,18.652,194.921,-381.000
hem edge,4.2491,18.283,194.937,-381.000
hem edge,4.1633,17.913,194.952,-381.000
hem edge,4.0774,17.544,194.967,-381.000
hem edge,3.9916,17.175,194.982,-381.000
hem edge,3.9058,16.806,194.996,-381.000
hem edge,3.8199,16.437,195.010,-381.000
hem edge,3.7341,16.068,195.024,-381.000
hem edge,3.6482,15.698,195.037,-381.000
hem edge,3.5624,15.329,195.050,-381.000
hem edge,3.4765,14.960,195.063,-381.000
hem edge,3.3907,14.591,195.075,-381.000
hem edge,3.3049,14.221,195.087,-381.000
hem edge,3.2190,13.852,195.099,-381.000
hem edge,3.1332,13.483,195.111,-381.000
hem edge,3.0473,13.114,195.122,-381.000
hem edge,2.9615,12.744,195.133,-381.000
hem edge,2.8757,12.375,195.143,-381.000
hem edge,2.7898,12.006,195.154,-381.000
hem edge,2.7040,11.636,195.164,-381.000
hem edge,2.6181,11.267,195.173,-381.000
hem edge,2.5323,10.898,195.182,-381.000
hem edge,2.4465,10.528,195.191,-381.000
hem edge,2.3606,10.159,195.200,-381.000
hem edge,2.2748,9.790,195.209,-381.000
hem edge,2.1889,9.420,195.217,-381.000
hem edge,2.1031,9.051,195.224,-381.000
hem edge,2.0173,8.682,195.232,-381.000
hem edge,1.9314,8.312,195.239,-381.000
hem edge,1.8456,7.943,195.246,-381.000
hem edge,1.7597,7.573,195.252,-381.000
hem edge,1.6739,7.204,195.259,-381.000
hem edge,1.5881,6.835,195.264,-381.000
hem edge,1.5022,6.465,195.270,-381.000
hem edge,1.4164,6.096,195.275,-381.000
hem edge,1.3305,5.726,195.280,-381.000
hem edge,1.2447,5.357,195.285,-381.000
hem edge,1.1588,4.988,195.289,-381.000
hem edge,1.0730,4.618,195.293,-381.000
hem edge,0.9872,4.249,195.297,-381.000
hem edge,0.9013,3.879,195.301,-381.000
hem edge,0.8155,3.510,195.304,-381.000
hem edge,0.7296,3.140,195.306,-381.000
hem edge,0.6438,2.771,195.309,-381.000
hem edge,0.5580,2.401,195.311,-381.000
hem edge,0.4721,2.032,195.313,-381.000
hem edge,0.3863,1.663,195.314,-381.000
hem edge,0.3004,1.293,195.316,-381.000
hem edge,0.2146,0.924,195.317,-381.000
hem edge,0.1288,0.554,195.317,-381.000
hem edge,0.0429,0.185,195.318,-381.000
hem edge,-0.0429,-0.185,195.318,-381.000
hem edge,-0.1288,-0.554,195.317,-381.000
hem edge,-0.2146,-0.924,195.317,-381.000
hem edge,-0.3004,-1.293,195.316,-381.000
hem edge,-0.3863,-1.663,195.314,-381.000
hem edge,-0.4721,-2.032,195.313,-381.000
hem edge,-0.5580,-2.401,195.311,-381.000
hem edge,-0.6438,-2.771,195.309,-381.000
hem edge,-0.7296,-3.140,195.306,-381.000
hem edge,-0.8155,-3.510,195.304,-381.000
hem edge,-0.9013,-3.879,195.301,-381.000
hem edge,-0.9872,-4.249,195.297,-381.000
hem edge,-1.0730,-4.618,195.293,-381.000
hem edge,-1.1588,-4.988,195.289,-381.000
hem edge,-1.2447,-5.357,195.285,-381.000
hem edge,-1.3305,-5.726,195.280,-381.000
hem edge,-1.4164,-6.096,195.275,-381.000
hem edge,-1.5022,-6.465,195.270,-381.000
hem edge,-1.5881,-6.835,195.264,-381.000
hem edge,-1.6739,-7.204,195.259,-381.000
hem edge,-1.7597,-7.573,195.252,-381.000
hem edge,-1.8456,-7.943,195.246,-381.000
hem edge,-1.9314,-8.312,195.239,-381.000
hem edge,-2.0173,-8.682,195.232,-381.000
hem edge,-2.1031,-9.051,195.224,-381.000
hem edge,-2.1889,-9.420,195.217,-381.000
hem edge,-2.2748,-9.790,195.209,-381.000
hem edge,-2.3606,-10.159,195.200,-381.000
hem edge,-2.4465,-10.528,195.191,-381.000
hem edge,-2.5323,-10.898,195.182,-381.000
hem edge,-2.6181,-11.267,195.173,-381.000
hem edge,-2.7040,-11.636,195.164,-381.000
hem edge,-2.7898,-12.006,195.154,-381.000
hem edge,-2.8757,-12.375,195.143,-381.000
hem edge,-2.9615,-12.744,195.133,-381.000
hem edge,-3.0473,-13.114,195.122,-381.000
hem edge,-3.1332,-13.483,195.111,-381.000
hem edge,-3.2190,-13.852,195.099,-381.000
hem edge,-3.3049,-14.221,195.087,-381.000
hem edge,-3.3907,-14.591,195.075,-381.000
hem edge,-3.4765,-14.960,195.063,-381.000
hem edge,-3.5624,-15.329,195.050,-381.000
hem edge,-3.6482,-15.698,195.037,-381.000
hem edge,-3.7341,-16.068,195.024,-381.000
hem edge,-3.8199,-16.437,195.010,-381.000
hem edge,-3.9058,-16.806,194.996,-381.000
hem edge,-3.9916,-17.175,194.982,-381.000
hem edge,-4.0774,-17.544,194.967,-381.000
hem edge,-4.1633,-17.913,194.952,-381.000
hem edge,-4.2491,-18.283,194.937,-381.000
hem edge,-4.3350,-18.652,194.921,-381.000
hem edge,-4.4208,-19.021,194.906,-381.000
hem edge,-4.5066,-19.390,194.889,-381.000
hem edge,-4.5925,-19.759,194.873,-381.000
hem edge,-4.6783,-20.128,194.856,-381.000
hem edge,-4.7642,-20.497,194.839,-381.000
hem edge,-4.8500,-20.866,194.822,-381.000
hem edge,-4.9358,-21.235,194.804,-381.000
hem edge,-5.0217,-21.604,194.786,-381.000
hem edge,-5.1075,-21.973,194.768,-381.000
hem edge,-5.1934,-22.342,194.749,-381.000
hem edge,-5.2792,-22.711,194.730,-381.000
hem edge,-5.3650,-23.080,194.711,-381.000
hem edge,-5.4509,-23.449,194.691,-381.000
hem edge,-5.5367,-23.818,194.671,-381.000
hem edge,-5.6226,-24.187,194.651,-381.000
hem edge,-5.7084,-24.556,194.630,-381.000
hem edge,-5.7942,-24.925,194.610,-381.000
hem edge,-5.8801,-25.294,194.588,-381.000
hem edge,-5.9659,-25.662,194.567,-381.000
hem edge,-6.0518,-26.031,194.545,-381.000
hem edge,-6.1376,-26.400,194.523,-381.000
hem edge,-6.2235,-26.769,194.501,-381.000
hem edge,-6.3093,-27.137,194.478,-381.000
hem edge,-6.3951,-27.506,194.455,-381.000
hem edge,-6.4810,-27.875,194.432,-381.000
hem edge,-6.5668,-28.244,194.408,-381.000
hem edge,-6.6527,-28.612,194.384,-381.000
hem edge,-6.7385,-28.981,194.360,-381.000
hem edge,-6.8243,-29.350,194.335,-381.000
hem edge,-6.9102,-29.718,194.310,-381.000
hem edge,-6.9960,-30.087,194.285,-381.000
hem edge,-7.0819,-30.455,194.259,-381.000
hem edge,-7.1677,-30.824,194.234,-381.000
hem edge,-7.2535,-31.192,194.208,-381.000
hem edge,-7.3394,-31.561,194.181,-381.000
hem edge,-7.4252,-31.929,194.154,-381.000
hem edge,-7.5111,-32.298,194.127,-381.000
hem edge,-7.5969,-32.666,194.100,-381.000
hem edge,-7.6827,-33.035,194.072,-381.000
hem edge,-7.7686,-33.403,194.044,-381.000
hem edge,-7.8544,-33.771,194.016,-381.000
hem edge,-7.9403,-34.140,193.987,-381.000
hem edge,-8.0261,-34.508,193.958,-381.000
hem edge,-8.1119,-34.876,193.929,-381.000
hem edge,-8.1978,-35.245,193.899,-381.000
hem edge,-8.2836,-35.613,193.869,-381.000
hem edge,-8.3695,-35.981,193.839,-381.000
hem edge,-8.4553,-36.349,193.809,-381.000
hem edge,-8.5412,-36.717,193.778,-381.000
hem edge,-8.6270,-37.086,193.747,-381.000
hem edge,-8.7128,-37.454,193.715,-381.000
hem edge,-8.7987,-37.822,193.683,-381.000
hem edge,-8.8845,-38.190,193.651,-381.000
hem edge,-8.9704,-38.558,193.619,-381.000
hem edge,-9.0562,-38.926,193.586,-381.000
hem edge,-9.1420,-39.294,193.553,-381.000
hem edge,-9.2279,-39.662,193.520,-381.000
hem edge,-9.3137,-40.030,193.486,-381.000
hem edge,-9.3996,-40.398,193.452,-381.000
hem edge,-9.4854,-40.765,193.418,-381.000
hem edge,-9.5712,-41.133,193.383,-381.000
hem edge,-9.6571,-41.501,193.348,-381.000
hem edge,-9.7429,-41.869,193.313,-381.000
hem edge,-9.8288,-42.237,193.277,-381.000
hem edge,-9.9146,-42.604,193.241,-381.000
hem edge,-10.0004,-42.972,193.205,-381.000
hem edge,-10.0863,-43.340,193.169,-381.000
hem edge,-10.1721,-43.707,193.132,-381.000
hem edge,-10.2580,-44.075,193.095,-381.000
hem edge,-10.3438,-44.442,193.057,-381.000
hem edge,-10.4296,-44.810,193.020,-381.000
hem edge,-10.5155,-45.177,192.982,-381.000
hem edge,-10.6013,-45.545,192.943,-381.000
hem edge,-10.6872,-45.912,192.904,-381.000
hem edge,-10.7730,-46.280,192.865,-381.000
hem edge,-10.8589,-46.647,192.826,-381.000
hem edge,-10.9447,-47.014,192.786,-381.000
hem edge,-11.0305,-47.382,192.746,-381.000
hem edge,-11.1164,-47.749,192.706,-381.000
hem edge,-11.2022,-48.116,192.666,-381.000
hem edge,-11.2881,-48.483,192.625,-381.000
hem edge,-11.3739,-48.850,192.583,-381.000
hem edge,-11.4597,-49.218,192.542,-381.000
hem edge,-11.5456,-49.585,192.500,-381.000
hem edge,-11.6314,-49.952,192.458,-381.000
hem edge,-11.7173,-50.319,192.415,-381.000
hem edge,-11.8031,-50.686,192.373,-381.000
hem edge,-11.8889,-51.053,192.329,-381.000
hem edge,-11.9748,-51.419,192.286,-381.000
hem edge,-12.0606,-51.786,192.242,-381.000
hem edge,-12.1465,-52.153,192.198,-381.000
hem edge,-12.2323,-52.520,192.154,-381.000
hem edge,-12.3181,-52.887,192.109,-381.000
hem edge,-12.4040,-53.253,192.064,-381.000
hem edge,-12.4898,-53.620,192.019,-381.000
hem edge,-12.5757,-53.987,191.973,-381.000
hem edge,-12.6615,-54.353,191.927,-381.000
hem edge,-12.7473,-54.720,191.881,-381.000
hem edge,-12.8332,-55.086,191.834,-381.000
hem edge,-12.9190,-55.453,191.787,-381.000
hem edge,-13.0049,-55.819,191.740,-381.000
hem edge,-13.0907,-56.185,191.692,-381.000
hem edge,-13.1766,-56.552,191.645,-381.000
hem edge,-13.2624,-56.918,191.596,-381.000
hem edge,-13.3482,-57.284,191.548,-381.000
hem edge,-13.4341,-57.651,191.499,-381.000
hem edge,-13.5199,-58.017,191.450,-381.000
hem edge,-13.6058,-58.383,191.400,-381.000
hem edge,-13.6916,-58.749,191.351,-381.000
hem edge,-13.7774,-59.115,191.300,-381.000
hem edge,-13.8633,-59.481,191.250,-381.000
hem edge,-13.9491,-59.847,191.199,-381.000
hem edge,-14.0350,-60.213,191.148,-381.000
hem edge,-14.1208,-60.579,191.097,-381.000
hem edge,-14.2066,-60.944,191.045,-381.000
hem edge,-14.2925,-61.310,190.993,-381.000
hem edge,-14.3783,-61.676,190.941,-381.000
hem edge,-14.4642,-62.042,190.888,-381.000
hem edge,-14.5500,-62.407,190.835,-381.000
hem edge,-14.6358,-62.773,190.782,-381.000
hem edge,-14.7217,-63.138,190.728,-381.000
hem edge,-14.8075,-63.504,190.674,-381.000
hem edge,-14.8934,-63.869,190.620,-381.000
hem edge,-14.9792,-64.235,190.565,-381.000
hem edge,-15.0650,-64.600,190.511,-381.000
hem edge,-15.1509,-64.965,190.455,-381.000
hem edge,-15.2367,-65.331,190.400,-381.000
hem edge,-15.3226,-65.696,190.344,-381.000
hem edge,-15.4084,-66.061,190.288,-381.000
hem edge,-15.4943,-66.426,190.231,-381.000
hem edge,-15.5801,-66.791,190.174,-381.000
hem edge,-15.6659,-67.156,190.117,-381.000
hem edge,-15.7518,-67.521,190.060,-381.000
hem edge,-15.8376,-67.886,190.002,-381.000
hem edge,-15.9235,-68.251,189.944,-381.000
hem edge,-16.0093,-68.616,189.886,-381.000
hem edge,-16.0951,-68.980,189.827,-381.000
hem edge,-16.1810,-69.345,189.768,-381.000
hem edge,-16.2668,-69.710,189.708,-381.000
hem edge,-16.3527,-70.074,189.649,-381.000
hem edge,-16.4385,-70.439,189.589,-381.000
hem edge,-16.5243,-70.803,189.528,-381.000
hem edge,-16.6102,-71.168,189.468,-381.000
hem edge,-16.6960,-71.532,189.407,-381.000
hem edge,-16.7819,-71.897,189.345,-381.000
hem edge,-16.8677,-72.261,189.284,-381.000
hem edge,-16.9535,-72.625,189.222,-381.000
hem edge,-17.0394,-72.989,189.159,-381.000
hem edge,-17.1252,-73.353,189.097,-381.000
hem edge,-17.2111,-73.717,189.034,-381.000
hem edge,-17.2969,-74.081,188.971,-381.000
hem edge,-17.3827,-74.445,188.907,-381.000
hem edge,-17.4686,-74.809,188.843,-381.000
hem edge,-17.5544,-75.173,188.779,-381.000
hem edge,-17.6403,-75.537,188.714,-381.000
hem edge,-17.7261,-75.901,188.649,-381.000
hem edge,-17.8120,-76.264,188.584,-381.000
hem edge,-17.8978,-76.628,188.519,-381.000
hem edge,-17.9836,-76.991,188.453,-381.000
hem edge,-18.0695,-77.355,188.387,-381.000
hem edge,-18.1553,-77.718,188.320,-381.000
hem edge,-18.2412,-78.082,188.253,-381.000
hem edge,-18.3270,-78.445,188.186,-381.000
hem edge,-18.4128,-78.808,188.119,-381.000
hem edge,-18.4987,-79.171,188.051,-381.000
hem edge,-18.5845,-79.535,187.983,-381.000
hem edge,-18.6704,-79.898,187.915,-381.000
hem edge,-18.7562,-80.260,187.846,-381.000
hem edge,-18.8420,-80.623,187.777,-381.000
hem edge,-18.9279,-80.986,187.707,-381.000
hem edge,-19.0137,-81.349,187.638,-381.000
hem edge,-19.0996,-81.712,187.567,-381.000
hem edge,-19.1854,-82.075,187.497,-381.000
hem edge,-19.2712,-82.437,187.426,-381.000
hem edge,-19.3571,-82.800,187.355,-381.000
hem edge,-19.4429,-83.162,187.284,-381.000
hem edge,-19.5288,-83.525,187.212,-381.000
hem edge,-19.6146,-83.887,187.140,-381.000
hem edge,-19.7004,-84.249,187.068,-381.000
hem edge,-19.7863,-84.612,186.995,-381.000
hem edge,-19.8721,-84.974,186.922,-381.000
hem edge,-19.9580,-85.336,186.849,-381.000
hem edge,-20.0438,-85.698,186.775,-381.000
hem edge,-20.1297,-86.060,186.701,-381.000
hem edge,-20.2155,-86.422,186.627,-381.000
hem edge,-20.3013,-86.784,186.552,-381.000
hem edge,-20.3872,-87.145,186.477,-381.000
hem edge,-20.4730,-87.507,186.402,-381.000
hem edge,-20.5589,-87.869,186.326,-381.000
hem edge,-20.6447,-88.230,186.250,-381.000
hem edge,-20.7305,-88.592,186.174,-381.000
hem edge,-20.8164,-88.953,186.098,-381.000
hem edge,-20.9022,-89.315,186.021,-381.000
hem edge,-20.9881,-89.676,185.943,-381.000
hem edge,-21.0739,-90.037,185.866,-381.000
hem edge,-21.1597,-90.398,185.788,-381.000
hem edge,-21.2456,-90.759,185.710,-381.000
hem edge,-21.3314,-91.120,185.631,-381.000
hem edge,-21.4173,-91.481,185.552,-381.000
hem edge,-21.5031,-91.842,185.473,-381.000
hem edge,-21.5889,-92.203,185.393,-381.000
hem edge,-21.6748,-92.563,185.313,-381.000
hem edge,-21.7606,-92.924,185.233,-381.000
hem edge,-21.8465,-93.285,185.153,-381.000
hem edge,-21.9323,-93.645,185.072,-381.000
hem edge,-22.0181,-94.006,184.990,-381.000
hem edge,-22.1040,-94.366,184.909,-381.000
hem edge,-22.1898,-94.726,184.827,-381.000
hem edge,-22.2757,-95.086,184.745,-381.000
hem edge,-22.3615,-95.447,184.662,-381.000
hem edge,-22.4474,-95.807,184.579,-381.000
hem edge,-22.5332,-96.166,184.496,-381.000
hem edge,-22.6190,-96.526,184.413,-381.000
hem edge,-22.7049,-96.886,184.329,-381.000
hem edge,-22.7907,-97.246,184.245,-381.000
hem edge,-22.8766,-97.605,184.160,-381.000
hem edge,-22.9624,-97.965,184.075,-381.000
hem edge,-23.0482,-98.325,183.990,-381.000
hem edge,-23.1341,-98.684,183.904,-381.000
hem edge,-23.2199,-99.043,183.819,-381.000
hem edge,-23.3058,-99.403,183.732,-381.000
hem edge,-23.3916,-99.762,183.646,-381.000
hem edge,-23.4774,-100.121,183.559,-381.000
hem edge,-23.5633,-100.480,183.472,-381.000
hem edge,-23.6491,-100.839,183.384,-381.000
hem edge,-23.7350,-101.198,183.296,-381.000
hem edge,-23.8208,-101.557,183.208,-381.000
hem edge,-23.9066,-101.915,183.120,-381.000
hem edge,-23.9925,-102.274,183.031,-381.000
hem edge,-24.0783,-102.632,182.941,-381.000
hem edge,-24.1642,-102.991,182.852,-381.000
hem edge,-24.2500,-103.349,182.762,-381.000
hem edge,-24.3358,-103.707,182.672,-381.000
hem edge,-24.4217,-104.065,182.581,-381.000
hem edge,-24.5075,-104.424,182.490,-381.000
hem edge,-24.5934,-104.782,182.399,-381.000
hem edge,-24.6792,-105.140,182.308,-381.000
hem edge,-24.7651,-105.497,182.216,-381.000
hem edge,-24.8509,-105.855,182.123,-381.000
hem edge,-24.9367,-106.213,182.031,-381.000
hem edge,-25.0226,-106.570,181.938,-381.000
hem edge,-25.1084,-106.928,181.845,-381.000
hem edge,-25.1943,-107.285,181.751,-381.000
hem edge,-25.2801,-107.643,181.657,-381.000
hem edge,-25.3659,-108.000,181.563,-381.000
hem edge,-25.4518,-108.357,181.468,-381.000
hem edge,-25.5376,-108.714,181.373,-381.000
hem edge,-25.6235,-109.071,181.278,-381.000
hem edge,-25.7093,-109.428,181.183,-381.000
hem edge,-25.7951,-109.785,181.087,-381.000
hem edge,-25.8810,-110.141,180.990,-381.000
hem edge,-25.9668,-110.498,180.894,-381.000
hem edge,-26.0527,-110.854,180.797,-381.000
hem edge,-26.1385,-111.211,180.699,-381.000
hem edge,-26.2243,-111.567,180.602,-381.000
hem edge,-26.3102,-111.923,180.504,-381.000
hem edge,-26.3960,-112.280,180.405,-381.000
hem edge,-26.4819,-112.636,180.307,-381.000
hem edge,-26.5677,-112.991,180.208,-381.000
hem edge,-26.6535,-113.347,180.108,-381.000
hem edge,-26.7394,-113.703,180.009,-381.000
hem edge,-26.8252,-114.059,179.909,-381.000
hem edge,-26.9111,-114.414,179.808,-381.000
hem edge,-26.9969,-114.770,179.708,-381.000
hem edge,-27.0828,-115.125,179.607,-381.000
hem edge,-27.1686,-115.480,179.505,-381.000
hem edge,-27.2544,-115.836,179.403,-381.000
hem edge,-27.3403,-116.191,179.301,-381.000
hem edge,-27.4261,-116.546,179.199,-381.000
hem edge,-27.5120,-116.901,179.096,-381.000
hem edge,-27.5978,-117.255,178.993,-381.000
hem edge,-27.6836,-117.610,178.890,-381.000
hem edge,-27.7695,-117.964,178.786,-381.000
hem edge,-27.8553,-118.319,178.682,-381.000
hem edge,-27.9412,-118.673,178.577,-381.000
hem edge,-28.0270,-119.028,178.472,-381.000
hem edge,-28.1128,-119.382,178.367,-381.000
hem edge,-28.1987,-119.736,178.262,-381.000
hem edge,-28.2845,-120.090,178.156,-381.000
hem edge,-28.3704,-120.444,178.050,-381.000
hem edge,-28.4562,-120.797,177.943,-381.000
hem edge,-28.5420,-121.151,177.836,-381.000
hem edge,-28.6279,-121.505,177.729,-381.000
hem edge,-28.7137,-121.858,177.621,-381.000
hem edge,-28.7996,-122.211,177.514,-381.000
hem edge,-28.8854,-122.564,177.405,-381.000
hem edge,-28.9712,-122.918,177.297,-381.000
hem edge,-29.0571,-123.271,177.188,-381.000
hem edge,-29.1429,-123.624,177.078,-381.000
hem edge,-29.2288,-123.976,176.969,-381.000
hem edge,-29.3146,-124.329,176.859,-381.000
hem edge,-29.4005,-124.682,176.748,-381.000
hem edge,-29.4863,-125.034,176.638,-381.000
hem edge,-29.5721,-125.387,176.527,-381.000
hem edge,-29.6580,-125.739,176.415,-381.000
hem edge,-29.7438,-126.091,176.304,-381.000
hem edge,-29.8297,-126.443,176.191,-381.000
hem edge,-29.9155,-126.795,176.079,-381.000
hem edge,-30.0013,-127.147,175.966,-381.000
hem edge,-30.0872,-127.499,175.853,-381.000
hem edge,-30.1730,-127.850,175.740,-381.000
hem edge,-30.2589,-128.202,175.626,-381.000
hem edge,-30.3447,-128.553,175.512,-381.000
hem edge,-30.4305,-128.904,175.397,-381.000
hem edge,-30.5164,-129.255,175.282,-381.000
hem edge,-30.6022,-129.606,175.167,-381.000
hem edge,-30.6881,-129.957,175.051,-381.000
hem edge,-30.7739,-130.308,174.935,-381.000
hem edge,-30.8597,-130.659,174.819,-381.000
hem edge,-30.9456,-131.009,174.702,-381.000
hem edge,-31.0314,-131.360,174.585,-381.000
hem edge,-31.1173,-131.710,174.468,-381.000
hem edge,-31.2031,-132.060,174.350,-381.000
hem edge,-31.2889,-132.410,174.232,-381.000
hem edge,-31.3748,-132.760,174.114,-381.000
hem edge,-31.4606,-133.110,173.995,-381.000
hem edge,-31.5465,-133.460,173.876,-381.000
hem edge,-31.6323,-133.810,173.757,-381.000
hem edge,-31.7182,-134.159,173.637,-381.000
hem edge,-31.8040,-134.508,173.517,-381.000
hem edge,-31.8898,-134.857,173.396,-381.000
hem edge,-31.9757,-135.207,173.275,-381.000
hem edge,-32.0615,-135.556,173.154,-381.000
hem edge,-32.1474,-135.905,173.032,-381.000
hem edge,-32.2332,-136.253,172.911,-381.000
hem edge,-32.3190,-136.602,172.788,-381.000
hem edge,-32.4049,-136.951,172.666,-381.000
hem edge,-32.4907,-137.299,172.543,-381.000
hem edge,-32.5766,-137.647,172.419,-381.000
hem edge,-32.6624,-137.995,172.296,-381.000
hem edge,-32.7482,-138.343,172.171,-381.000
hem edge,-32.8341,-138.691,172.047,-381.000
hem edge,-32.9199,-139.039,171.922,-381.000
hem edge,-33.0058,-139.386,171.797,-381.000
hem edge,-33.0916,-139.734,171.672,-381.000
hem edge,-33.1774,-140.081,171.546,-381.000
hem edge,-33.2633,-140.429,171.420,-381.000
hem edge,-33.3491,-140.775,171.293,-381.000
hem edge,-33.4350,-141.122,171.166,-381.000
hem edge,-33.5208,-141.469,171.039,-381.000
hem edge,-33.6066,-141.816,170.911,-381.000
hem edge,-33.6925,-142.163,170.783,-381.000
hem edge,-33.7783,-142.509,170.655,-381.000
hem edge,-33.8642,-142.855,170.526,-381.000
hem edge,-33.9500,-143.202,170.397,-381.000
hem edge,-34.0359,-143.548,170.267,-381.000
hem edge,-34.1217,-143.893,170.138,-381.000
hem edge,-34.2075,-144.239,170.007,-381.000
hem edge,-34.2934,-144.585,169.877,-381.000
hem edge,-34.3792,-144.930,169.746,-381.000
hem edge,-34.4651,-145.276,169.615,-381.000
hem edge,-34.5509,-145.621,169.483,-381.000
hem edge,-34.6367,-145.966,169.351,-381.000
hem edge,-34.7226,-146.311,169.219,-381.000
hem edge,-34.8084,-146.656,169.086,-381.000
hem edge,-34.8943,-147.000,168.953,-381.000
hem edge,-34.9801,-147.345,168.820,-381.000
hem edge,-35.0659,-147.689,168.686,-381.000
hem edge,-35.1518,-148.034,168.552,-381.000
hem edge,-35.2376,-148.377,168.417,-381.000
hem edge,-35.3235,-148.722,168.282,-381.000
hem edge,-35.4093,-149.065,168.147,-381.000
hem edge,-35.4951,-149.409,168.011,-381.000
hem edge,-35.5810,-149.752,167.875,-381.000
hem edge,-35.6668,-150.096,167.739,-381.000
hem edge,-35.7527,-150.439,167.602,-381.000
hem edge,-35.8385,-150.782,167.465,-381.000
hem edge,-35.9243,-151.125,167.328,-381.000
hem edge,-36.0102,-151.468,167.190,-381.000
hem edge,-36.0960,-151.811,167.052,-381.000
hem edge,-36.1819,-152.153,166.913,-381.000
hem edge,-36.2677,-152.495,166.774,-381.000
hem edge,-36.3536,-152.837,166.635,-381.000
hem edge,-36.4394,-153.180,166.496,-381.000
hem edge,-36.5252,-153.522,166.355,-381.000
hem edge,-36.6111,-153.863,166.215,-381.000
hem edge,-36.6969,-154.205,166.074,-381.000
hem edge,-36.7828,-154.546,165.933,-381.000
hem edge,-36.8686,-154.888,165.792,-381.000
hem edge,-36.9544,-155.229,165.650,-381.000
hem edge,-37.0403,-155.570,165.508,-381.000
hem edge,-37.1261,-155.910,165.365,-381.000
hem edge,-37.2120,-156.251,165.222,-381.000
hem edge,-37.2978,-156.592,165.079,-381.000
hem edge,-37.3836,-156.932,164.935,-381.000
hem edge,-37.4695,-157.272,164.791,-381.000
hem edge,-37.5553,-157.612,164.647,-381.000
hem edge,-37.6412,-157.952,164.502,-381.000
hem edge,-37.7270,-158.292,164.356,-381.000
hem edge,-37.8128,-158.631,164.211,-381.000
hem edge,-37.8987,-158.971,164.065,-381.000
hem edge,-37.9845,-159.310,163.919,-381.000
hem edge,-38.0704,-159.649,163.772,-381.000
hem edge,-38.1562,-159.988,163.625,-381.000
hem edge,-38.2420,-160.327,163.478,-381.000
hem edge,-38.3279,-160.666,163.330,-381.000
hem edge,-38.4137,-161.004,163.181,-381.000
hem edge,-38.4996,-161.342,163.033,-381.000
hem edge,-38.5854,-161.680,162.884,-381.000
hem edge,-38.6713,-162.018,162.735,-381.000
hem edge,-38.7571,-162.356,162.585,-381.000
hem edge,-38.8429,-162.694,162.435,-381.000
hem edge,-38.9288,-163.031,162.285,-381.000
hem edge,-39.0146,-163.368,162.134,-381.000
hem edge,-39.1005,-163.706,161.983,-381.000
hem edge,-39.1863,-164.043,161.831,-381.000
hem edge,-39.2721,-164.379,161.679,-381.000
hem edge,-39.3580,-164.716,161.527,-381.000
hem edge,-39.4438,-165.052,161.374,-381.000
hem edge,-39.5297,-165.389,161.221,-381.000
hem edge,-39.6155,-165.725,161.067,-381.000
hem edge,-39.7013,-166.060,160.914,-381.000
hem edge,-39.7872,-166.396,160.760,-381.000
hem edge,-39.8730,-166.732,160.605,-381.000
hem edge,-39.9589,-167.067,160.450,-381.000
hem edge,-40.0447,-167.402,160.295,-381.000
hem edge,-40.1305,-167.737,160.139,-381.000
hem edge,-40.2164,-168.072,159.983,-381.000
hem edge,-40.3022,-168.407,159.826,-381.000
hem edge,-40.3881,-168.741,159.669,-381.000
hem edge,-40.4739,-169.075,159.512,-381.000
hem edge,-40.5597,-169.410,159.354,-381.000
hem edge,-40.6456,-169.744,159.196,-381.000
hem edge,-40.7314,-170.078,159.038,-381.000
hem edge,-40.8173,-170.411,158.879,-381.000
hem edge,-40.9031,-170.744,158.720,-381.000
hem edge,-40.9890,-171.078,158.561,-381.000
hem edge,-41.0748,-171.411,158.401,-381.000
hem edge,-41.1606,-171.744,158.240,-381.000
hem edge,-41.2465,-172.076,158.080,-381.000
hem edge,-41.3323,-172.409,157.918,-381.000
hem edge,-41.4182,-172.741,157.757,-381.000
hem edge,-41.5040,-173.073,157.595,-381.000
hem edge,-41.5898,-173.405,157.433,-381.000
hem edge,-41.6757,-173.737,157.270,-381.000
hem edge,-41.7615,-174.068,157.107,-381.000
hem edge,-41.8474,-174.400,156.944,-381.000
hem edge,-41.9332,-174.731,156.780,-381.000
hem edge,-42.0190,-175.062,156.616,-381.000
hem edge,-42.1049,-175.393,156.451,-381.000
hem edge,-42.1907,-175.723,156.286,-381.000
hem edge,-42.2766,-176.054,156.121,-381.000
hem edge,-42.3624,-176.384,155.955,-381.000
hem edge,-42.4482,-176.714,155.789,-381.000
hem edge,-42.5341,-177.044,155.623,-381.000
hem edge,-42.6199,-177.373,155.456,-381.000
hem edge,-42.7058,-177.703,155.289,-381.000
hem edge,-42.7916,-178.032,155.121,-381.000
hem edge,-42.8774,-178.361,154.953,-381.000
hem edge,-42.9633,-178.690,154.784,-381.000
hem edge,-43.0491,-179.018,154.615,-381.000
hem edge,-43.1350,-179.346,154.446,-381.000
hem edge,-43.2208,-179.675,154.277,-381.000
hem edge,-43.3067,-180.003,154.106,-381.000
hem edge,-43.3925,-180.331,153.936,-381.000
hem edge,-43.4783,-180.658,153.765,-381.000
hem edge,-43.5642,-180.986,153.594,-381.000
hem edge,-43.6500,-181.313,153.422,-381.000
hem edge,-43.7359,-181.640,153.250,-381.000
hem edge,-43.8217,-181.967,153.078,-381.000
hem edge,-43.9075,-182.293,152.905,-381.000
hem edge,-43.9934,-182.620,152.732,-381.000
hem edge,-44.0792,-182.946,152.559,-381.000
hem edge,-44.1651,-183.272,152.385,-381.000
hem edge,-44.2509,-183.597,152.210,-381.000
hem edge,-44.3367,-183.923,152.036,-381.000
hem edge,-44.4226,-184.248,151.860,-381.000
hem edge,-44.5084,-184.573,151.685,-381.000
hem edge,-44.5943,-184.898,151.509,-381.000
hem edge,-44.6801,-185.223,151.333,-381.000
hem edge,-44.7659,-185.547,151.156,-381.000
hem edge,-44.8518,-185.871,150.979,-381.000
hem edge,-44.9376,-186.195,150.801,-381.000
hem edge,-45.0235,-186.519,150.623,-381.000
hem edge,-45.1093,-186.843,150.445,-381.000
hem edge,-45.1951,-187.166,150.266,-381.000
hem edge,-45.2810,-187.489,150.087,-381.000
hem edge,-45.3668,-187.812,149.908,-381.000
hem edge,-45.4527,-188.135,149.728,-381.000
hem edge,-45.5385,-188.457,149.547,-381.000
hem edge,-45.6244,-188.780,149.366,-381.000
hem edge,-45.7102,-189.101,149.185,-381.000
hem edge,-45.7960,-189.423,149.004,-381.000
hem edge,-45.8819,-189.745,148.822,-381.000
hem edge,-45.9677,-190.066,148.639,-381.000
hem edge,-46.0536,-190.387,148.457,-381.000
hem edge,-46.1394,-190.708,148.274,-381.000
hem edge,-46.2252,-191.029,148.090,-381.000
hem edge,-46.3111,-191.349,147.906,-381.000
hem edge,-46.3969,-191.669,147.722,-381.000
hem edge,-46.4828,-191.989,147.537,-381.000
hem edge,-46.5686,-192.309,147.352,-381.000
hem edge,-46.6544,-192.628,147.166,-381.000
hem edge,-46.7403,-192.948,146.980,-381.000
hem edge,-46.8261,-193.266,146.794,-381.000
hem edge,-46.9120,-193.585,146.607,-381.000
hem edge,-46.9978,-193.904,146.420,-381.000
hem edge,-47.0836,-194.222,146.232,-381.000
hem edge,-47.1695,-194.540,146.044,-381.000
hem edge,-47.2553,-194.858,145.856,-381.000
hem edge,-47.3412,-195.176,145.667,-381.000
hem edge,-47.4270,-195.493,145.478,-381.000
hem edge,-47.5128,-195.810,145.288,-381.000
hem edge,-47.5987,-196.127,145.098,-381.000
hem edge,-47.6845,-196.443,144.908,-381.000
hem edge,-47.7704,-196.760,144.717,-381.000
hem edge,-47.8562,-197.076,144.526,-381.000
hem edge,-47.9421,-197.391,144.334,-381.000
hem edge,-48.0279,-197.707,144.142,-381.000
hem edge,-48.1137,-198.023,143.949,-381.000
hem edge,-48.1996,-198.338,143.756,-381.000
hem edge,-48.2854,-198.652,143.563,-381.000
hem edge,-48.3713,-198.967,143.369,-381.000
hem edge,-48.4571,-199.281,143.175,-381.000
hem edge,-48.5429,-199.595,142.981,-381.000
hem edge,-48.6288,-199.909,142.786,-381.000
hem edge,-48.7146,-200.223,142.590,-381.000
hem edge,-48.8005,-200.536,142.394,-381.000
hem edge,-48.8863,-200.849,142.198,-381.000
hem edge,-48.9721,-201.162,142.001,-381.000
hem edge,-49.0580,-201.474,141.805,-381.000
hem edge,-49.1438,-201.786,141.607,-381.000
hem edge,-49.2297,-202.099,141.409,-381.000
hem edge,-49.3155,-202.410,141.211,-381.000
hem edge,-49.4013,-202.722,141.012,-381.000
hem edge,-49.4872,-203.033,140.813,-381.000
hem edge,-49.5730,-203.344,140.614,-381.000
hem edge,-49.6589,-203.655,140.413,-381.000
hem edge,-49.7447,-203.965,140.213,-381.000
hem edge,-49.8305,-204.275,140.012,-381.000
hem edge,-49.9164,-204.585,139.811,-381.000
hem edge,-50.0022,-204.895,139.609,-381.000
hem edge,-50.0881,-205.204,139.407,-381.000
hem edge,-50.1739,-205.513,139.205,-381.000
hem edge,-50.2598,-205.821,139.002,-381.000
hem edge,-50.3456,-206.130,138.799,-381.000
hem edge,-50.4314,-206.438,138.595,-381.000
hem edge,-50.5173,-206.746,138.391,-381.000
hem edge,-50.6031,-207.054,138.187,-381.000
hem edge,-50.6890,-207.361,137.981,-381.000
hem edge,-50.7748,-207.668,137.776,-381.000
hem edge,-50.8606,-207.975,137.570,-381.000
hem edge,-50.9465,-208.282,137.364,-381.000
hem edge,-51.0323,-208.588,137.157,-381.000
hem edge,-51.1182,-208.894,136.950,-381.000
hem edge,-51.2040,-209.200,136.743,-381.000
hem edge,-51.2898,-209.505,136.535,-381.000
hem edge,-51.3757,-209.810,136.326,-381.000
hem edge,-51.4615,-210.115,136.117,-381.000
hem edge,-51.5474,-210.419,135.908,-381.000
hem edge,-51.6332,-210.724,135.699,-381.000
hem edge,-51.7190,-211.027,135.489,-381.000
hem edge,-51.8049,-211.331,135.278,-381.000
hem edge,-51.8907,-211.634,135.067,-381.000
hem edge,-51.9766,-211.938,134.856,-381.000
hem edge,-52.0624,-212.240,134.644,-381.000
hem edge,-52.1482,-212.542,134.432,-381.000
hem edge,-52.2341,-212.845,134.219,-381.000
hem edge,-52.3199,-213.147,134.006,-381.000
hem edge,-52.4058,-213.448,133.793,-381.000
hem edge,-52.4916,-213.749,133.579,-381.000
hem edge,-52.5775,-214.050,133.364,-381.000
hem edge,-52.6633,-214.351,133.150,-381.000
hem edge,-52.7491,-214.651,132.934,-381.000
hem edge,-52.8350,-214.951,132.719,-381.000
hem edge,-52.9208,-215.251,132.503,-381.000
hem edge,-53.0067,-215.550,132.286,-381.000
hem edge,-53.0925,-215.849,132.069,-381.000
hem edge,-53.1783,-216.148,131.852,-381.000
hem edge,-53.2642,-216.446,131.635,-381.000
hem edge,-53.3500,-216.745,131.416,-381.000
hem edge,-53.4359,-217.043,131.197,-381.000
hem edge,-53.5217,-217.340,130.978,-381.000
hem edge,-53.6075,-217.637,130.759,-381.000
hem edge,-53.6934,-217.934,130.539,-381.000
hem edge,-53.7792,-218.231,130.319,-381.000
hem edge,-53.8651,-218.527,130.098,-381.000
hem edge,-53.9509,-218.823,129.877,-381.000
hem edge,-54.0367,-219.118,129.655,-381.000
hem edge,-54.1226,-219.414,129.433,-381.000
hem edge,-54.2084,-219.709,129.210,-381.000
hem edge,-54.2943,-220.003,128.987,-381.000
hem edge,-54.3801,-220.297,128.764,-381.000
hem edge,-54.4659,-220.591,128.540,-381.000
hem edge,-54.5518,-220.885,128.316,-381.000
hem edge,-54.6376,-221.178,128.091,-381.000
hem edge,-54.7235,-221.471,127.866,-381.000
hem edge,-54.8093,-221.763,127.641,-381.000
hem edge,-54.8951,-222.056,127.414,-381.000
hem edge,-54.9810,-222.348,127.188,-381.000
hem edge,-55.0668,-222.639,126.961,-381.000
hem edge,-55.1527,-222.930,126.734,-381.000
hem edge,-55.2385,-223.221,126.506,-381.000
hem edge,-55.3244,-223.512,126.278,-381.000
hem edge,-55.4102,-223.802,126.049,-381.000
hem edge,-55.4960,-224.092,125.820,-381.000
hem edge,-55.5819,-224.382,125.591,-381.000
hem edge,-55.6677,-224.671,125.361,-381.000
hem edge,-55.7536,-224.960,125.130,-381.000
hem edge,-55.8394,-225.248,124.899,-381.000
hem edge,-55.9252,-225.536,124.668,-381.000
hem edge,-56.0111,-225.824,124.436,-381.000
hem edge,-56.0969,-226.111,124.204,-381.000
hem edge,-56.1828,-226.398,123.972,-381.000
hem edge,-56.2686,-226.685,123.739,-381.000
hem edge,-56.3544,-226.971,123.505,-381.000
hem edge,-56.4403,-227.257,123.271,-381.000
hem edge,-56.5261,-227.543,123.037,-381.000
hem edge,-56.6120,-227.828,122.802,-381.000
hem edge,-56.6978,-228.113,122.567,-381.000
hem edge,-56.7836,-228.398,122.331,-381.000
hem edge,-56.8695,-228.682,122.095,-381.000
hem edge,-56.9553,-228.965,121.858,-381.000
hem edge,-57.0412,-229.249,121.621,-381.000
hem edge,-57.1270,-229.532,121.384,-381.000
hem edge,-57.2128,-229.814,121.146,-381.000
hem edge,-57.2987,-230.097,120.908,-381.000
hem edge,-57.3845,-230.378,120.669,-381.000
hem edge,-57.4704,-230.660,120.429,-381.000
hem edge,-57.5562,-230.941,120.190,-381.000
hem edge,-57.6421,-231.222,119.950,-381.000
hem edge,-57.7279,-231.502,119.709,-381.000
hem edge,-57.8137,-231.782,119.468,-381.000
hem edge,-57.8996,-232.062,119.226,-381.000
hem edge,-57.9854,-232.341,118.984,-381.000
hem edge,-58.0713,-232.620,118.742,-381.000
hem edge,-58.1571,-232.898,118.499,-381.000
hem edge,-58.2429,-233.177,118.256,-381.000
hem edge,-58.3288,-233.454,118.012,-381.000
hem edge,-58.4146,-233.731,117.768,-381.000
hem edge,-58.5005,-234.008,117.524,-381.000
hem edge,-58.5863,-234.285,117.278,-381.000
hem edge,-58.6721,-234.561,117.033,-381.000
hem edge,-58.7580,-234.837,116.787,-381.000
hem edge,-58.8438,-235.112,116.541,-381.000
hem edge,-58.9297,-235.387,116.294,-381.000
hem edge,-59.0155,-235.661,116.046,-381.000
hem edge,-59.1013,-235.935,115.799,-381.000
hem edge,-59.1872,-236.209,115.551,-381.000
hem edge,-59.2730,-236.482,115.302,-381.000
hem edge,-59.3589,-236.755,115.053,-381.000
hem edge,-59.4447,-237.027,114.803,-381.000
hem edge,-59.5305,-237.299,114.553,-381.000
hem edge,-59.6164,-237.571,114.303,-381.000
hem edge,-59.7022,-237.842,114.052,-381.000
hem edge,-59.7881,-238.113,113.800,-381.000
hem edge,-59.8739,-238.383,113.549,-381.000
hem edge,-59.9598,-238.653,113.296,-381.000
hem edge,-60.0456,-238.923,113.044,-381.000
hem edge,-60.1314,-239.192,112.790,-381.000
hem edge,-60.2173,-239.460,112.537,-381.000
hem edge,-60.3031,-239.729,112.283,-381.000
hem edge,-60.3890,-239.996,112.028,-381.000
hem edge,-60.4748,-240.264,111.773,-381.000
hem edge,-60.5606,-240.531,111.518,-381.000
hem edge,-60.6465,-240.797,111.262,-381.000
hem edge,-60.7323,-241.063,111.006,-381.000
hem edge,-60.8182,-241.329,110.749,-381.000
hem edge,-60.9040,-241.594,110.491,-381.000
hem edge,-60.9898,-241.859,110.234,-381.000
hem edge,-61.0757,-242.123,109.976,-381.000
hem edge,-61.1615,-242.387,109.717,-381.000
hem edge,-61.2474,-242.650,109.458,-381.000
hem edge,-61.3332,-242.913,109.198,-381.000
hem edge,-61.4190,-243.176,108.938,-381.000
hem edge,-61.5049,-243.437,108.678,-381.000
hem edge,-61.5907,-243.699,108.417,-381.000
hem edge,-61.6766,-243.961,108.156,-381.000
hem edge,-61.7624,-244.221,107.894,-381.000
hem edge,-61.8482,-244.481,107.632,-381.000
hem edge,-61.9341,-244.741,107.369,-381.000
hem edge,-62.0199,-245.001,107.106,-381.000
hem edge,-62.1058,-245.259,106.842,-381.000
hem edge,-62.1916,-245.518,106.578,-381.000
hem edge,-62.2775,-245.775,106.314,-381.000
hem edge,-62.3633,-246.033,106.049,-381.000
hem edge,-62.4491,-246.290,105.783,-381.000
hem edge,-62.5350,-246.547,105.517,-381.000
hem edge,-62.6208,-246.802,105.251,-381.000
hem edge,-62.7067,-247.058,104.984,-381.000
hem edge,-62.7925,-247.313,104.717,-381.000
hem edge,-62.8783,-247.568,104.449,-381.000
hem edge,-62.9642,-247.822,104.181,-381.000
hem edge,-63.0500,-248.076,103.913,-381.000
hem edge,-63.1359,-248.329,103.643,-381.000
hem edge,-63.2217,-248.582,103.374,-381.000
hem edge,-63.3075,-248.834,103.104,-381.000
hem edge,-63.3934,-249.085,102.834,-381.000
hem edge,-63.4792,-249.337,102.562,-381.000
hem edge,-63.5651,-249.587,102.291,-381.000
hem edge,-63.6509,-249.837,102.019,-381.000
hem edge,-63.7367,-250.087,101.747,-381.000
hem edge,-63.8226,-250.336,101.474,-381.000
hem edge,-63.9084,-250.585,101.201,-381.000
hem edge,-63.9943,-250.833,100.927,-381.000
hem edge,-64.0801,-251.081,100.653,-381.000
hem edge,-64.1659,-251.328,100.379,-381.000
hem edge,-64.2518,-251.575,100.104,-381.000
hem edge,-64.3376,-251.821,99.828,-381.000
hem edge,-64.4235,-252.067,99.552,-381.000
hem edge,-64.5093,-252.312,99.276,-381.000
hem edge,-64.5952,-252.557,98.999,-381.000
hem edge,-64.6810,-252.801,98.722,-381.000
hem edge,-64.7668,-253.044,98.444,-381.000
hem edge,-64.8527,-253.287,98.166,-381.000
hem edge,-64.9385,-253.530,97.887,-381.000
hem edge,-65.0244,-253.772,97.608,-381.000
hem edge,-65.1102,-254.013,97.328,-381.000
hem edge,-65.1960,-254.254,97.048,-381.000
hem edge,-65.2819,-254.495,96.768,-381.000
hem edge,-65.3677,-254.735,96.487,-381.000
hem edge,-65.4536,-254.974,96.205,-381.000
hem edge,-65.5394,-255.213,95.924,-381.000
hem edge,-65.6252,-255.451,95.642,-381.000
hem edge,-65.7111,-255.689,95.358,-381.000
hem edge,-65.7969,-255.926,95.075,-381.000
hem edge,-65.8828,-256.163,94.791,-381.000
hem edge,-65.9686,-256.399,94.508,-381.000
hem edge,-66.0544,-256.634,94.223,-381.000
hem edge,-66.1403,-256.870,93.938,-381.000
hem edge,-66.2261,-257.104,93.652,-381.000
hem edge,-66.3120,-257.338,93.366,-381.000
hem edge,-66.3978,-257.571,93.080,-381.000
hem edge,-66.4836,-257.804,92.793,-381.000
hem edge,-66.5695,-258.036,92.505,-381.000
hem edge,-66.6553,-258.268,92.218,-381.000
hem edge,-66.7412,-258.499,91.930,-381.000
hem edge,-66.8270,-258.730,91.641,-381.000
hem edge,-66.9129,-258.960,91.352,-381.000
hem edge,-66.9987,-259.189,91.062,-381.000
hem edge,-67.0845,-259.418,90.772,-381.000
hem edge,-67.1704,-259.646,90.482,-381.000
hem edge,-67.2562,-259.874,90.191,-381.000
hem edge,-67.3421,-260.101,89.899,-381.000
hem edge,-67.4279,-260.327,89.607,-381.000
hem edge,-67.5137,-260.553,89.315,-381.000
hem edge,-67.5996,-260.779,89.022,-381.000
hem edge,-67.6854,-261.004,88.729,-381.000
hem edge,-67.7713,-261.228,88.435,-381.000
hem edge,-67.8571,-261.451,88.141,-381.000
hem edge,-67.9429,-261.674,87.847,-381.000
hem edge,-68.0288,-261.897,87.551,-381.000
hem edge,-68.1146,-262.118,87.256,-381.000
hem edge,-68.2005,-262.339,86.960,-381.000
hem edge,-68.2863,-262.560,86.664,-381.000
hem edge,-68.3721,-262.780,86.367,-381.000
hem edge,-68.4580,-263.000,86.070,-381.000
hem edge,-68.5438,-263.218,85.772,-381.000
hem edge,-68.6297,-263.436,85.474,-381.000
hem edge,-68.7155,-263.654,85.175,-381.000
hem edge,-68.8013,-263.871,84.876,-381.000
hem edge,-68.8872,-264.087,84.577,-381.000
hem edge,-68.9730,-264.303,84.277,-381.000
hem edge,-69.0589,-264.518,83.976,-381.000
hem edge,-69.1447,-264.732,83.675,-381.000
hem edge,-69.2306,-264.946,83.374,-381.000
hem edge,-69.3164,-265.159,83.072,-381.000
hem edge,-69.4022,-265.372,82.770,-381.000
hem edge,-69.4881,-265.584,82.468,-381.000
hem edge,-69.5739,-265.795,82.164,-381.000
hem edge,-69.6598,-266.006,81.861,-381.000
hem edge,-69.7456,-266.215,81.557,-381.000
hem edge,-69.8314,-266.425,81.253,-381.000
hem edge,-69.9173,-266.634,80.948,-381.000
hem edge,-70.0031,-266.842,80.642,-381.000
hem edge,-70.0890,-267.049,80.337,-381.000
hem edge,-70.1748,-267.256,80.031,-381.000
hem edge,-70.2606,-267.462,79.724,-381.000
hem edge,-70.3465,-267.668,79.417,-381.000
hem edge,-70.4323,-267.872,79.109,-381.000
hem edge,-70.5182,-268.076,78.802,-381.000
hem edge,-70.6040,-268.280,78.493,-381.000
hem edge,-70.6898,-268.483,78.184,-381.000
hem edge,-70.7757,-268.685,77.875,-381.000
hem edge,-70.8615,-268.886,77.566,-381.000
hem edge,-70.9474,-269.087,77.255,-381.000
hem edge,-71.0332,-269.287,76.945,-381.000
hem edge,-71.1190,-269.487,76.634,-381.000
hem edge,-71.2049,-269.686,76.322,-381.000
hem edge,-71.2907,-269.884,76.011,-381.000
hem edge,-71.3766,-270.081,75.698,-381.000
hem edge,-71.4624,-270.278,75.385,-381.000
hem edge,-71.5483,-270.474,75.072,-381.000
hem edge,-71.6341,-270.669,74.759,-381.000
hem edge,-71.7199,-270.864,74.445,-381.000
hem edge,-71.8058,-271.058,74.130,-381.000
hem edge,-71.8916,-271.251,73.815,-381.000
hem edge,-71.9775,-271.444,73.500,-381.000
hem edge,-72.0633,-271.636,73.185,-381.000
hem edge,-72.1491,-271.827,72.868,-381.000
hem edge,-72.2350,-272.017,72.552,-381.000
hem edge,-72.3208,-272.207,72.235,-381.000
hem edge,-72.4067,-272.396,71.918,-381.000
hem edge,-72.4925,-272.584,71.599,-381.000
hem edge,-72.5783,-272.772,71.281,-381.000
hem edge,-72.6642,-272.959,70.963,-381.000
hem edge,-72.7500,-273.145,70.644,-381.000
hem edge,-72.8359,-273.331,70.324,-381.000
hem edge,-72.9217,-273.515,70.004,-381.000
hem edge,-73.0075,-273.699,69.684,-381.000
hem edge,-73.0934,-273.882,69.363,-381.000
hem edge,-73.1792,-274.065,69.042,-381.000
hem edge,-73.2651,-274.247,68.720,-381.000
hem edge,-73.3509,-274.428,68.398,-381.000
hem edge,-73.4367,-274.608,68.076,-381.000
hem edge,-73.5226,-274.788,67.753,-381.000
hem edge,-73.6084,-274.967,67.429,-381.000
hem edge,-73.6943,-275.145,67.106,-381.000
hem edge,-73.7801,-275.322,66.782,-381.000
hem edge,-73.8660,-275.499,66.457,-381.000
hem edge,-73.9518,-275.675,66.132,-381.000
hem edge,-74.0376,-275.850,65.807,-381.000
hem edge,-74.1235,-276.024,65.481,-381.000
hem edge,-74.2093,-276.198,65.155,-381.000
hem edge,-74.2952,-276.371,64.829,-381.000
hem edge,-74.3810,-276.543,64.501,-381.000
hem edge,-74.4668,-276.714,64.174,-381.000
hem edge,-74.5527,-276.884,63.847,-381.000
hem edge,-74.6385,-277.054,63.519,-381.000
hem edge,-74.7244,-277.223,63.190,-381.000
hem edge,-74.8102,-277.392,62.861,-381.000
hem edge,-74.8960,-277.559,62.532,-381.000
hem edge,-74.9819,-277.725,62.202,-381.000
hem edge,-75.0677,-277.891,61.872,-381.000
hem edge,-75.1536,-278.057,61.541,-381.000
hem edge,-75.2394,-278.221,61.210,-381.000
hem edge,-75.3252,-278.384,60.879,-381.000
hem edge,-75.4111,-278.547,60.547,-381.000
hem edge,-75.4969,-278.709,60.215,-381.000
hem edge,-75.5828,-278.870,59.883,-381.000
hem edge,-75.6686,-279.030,59.550,-381.000
hem edge,-75.7544,-279.190,59.217,-381.000
hem edge,-75.8403,-279.349,58.883,-381.000
hem edge,-75.9261,-279.507,58.549,-381.000
hem edge,-76.0120,-279.664,58.215,-381.000
hem edge,-76.0978,-279.820,57.880,-381.000
hem edge,-76.1837,-279.975,57.545,-381.000
hem edge,-76.2695,-280.130,57.209,-381.000
hem edge,-76.3553,-280.284,56.873,-381.000
hem edge,-76.4412,-280.437,56.537,-381.000
hem edge,-76.5270,-280.589,56.201,-381.000
hem edge,-76.6129,-280.741,55.863,-381.000
hem edge,-76.6987,-280.891,55.526,-381.000
hem edge,-76.7845,-281.041,55.188,-381.000
hem edge,-76.8704,-281.190,54.851,-381.000
hem edge,-76.9562,-281.338,54.512,-381.000
hem edge,-77.0421,-281.485,54.173,-381.000
hem edge,-77.1279,-281.632,53.834,-381.000
hem edge,-77.2137,-281.777,53.494,-381.000
hem edge,-77.2996,-281.922,53.154,-381.000
hem edge,-77.3854,-282.066,52.814,-381.000
hem edge,-77.4713,-282.209,52.473,-381.000
hem edge,-77.5571,-282.351,52.132,-381.000
hem edge,-77.6429,-282.492,51.791,-381.000
hem edge,-77.7288,-282.633,51.449,-381.000
hem edge,-77.8146,-282.772,51.107,-381.000
hem edge,-77.9005,-282.911,50.765,-381.000
hem edge,-77.9863,-283.049,50.422,-381.000
hem edge,-78.0721,-283.186,50.079,-381.000
hem edge,-78.1580,-283.322,49.735,-381.000
hem edge,-78.2438,-283.457,49.392,-381.000
hem edge,-78.3297,-283.592,49.048,-381.000
hem edge,-78.4155,-283.725,48.703,-381.000
hem edge,-78.5014,-283.858,48.358,-381.000
hem edge,-78.5872,-283.990,48.013,-381.000
hem edge,-78.6730,-284.121,47.668,-381.000
hem edge,-78.7589,-284.251,47.322,-381.000
hem edge,-78.8447,-284.380,46.976,-381.000
hem edge,-78.9306,-284.508,46.629,-381.000
hem edge,-79.0164,-284.635,46.282,-381.000
hem edge,-79.1022,-284.762,45.936,-381.000
hem edge,-79.1881,-284.888,45.588,-381.000
hem edge,-79.2739,-285.012,45.240,-381.000
hem edge,-79.3598,-285.136,44.892,-381.000
hem edge,-79.4456,-285.259,44.544,-381.000
hem edge,-79.5314,-285.381,44.195,-381.000
hem edge,-79.6173,-285.502,43.846,-381.000
hem edge,-79.7031,-285.622,43.496,-381.000
hem edge,-79.7890,-285.742,43.147,-381.000
hem edge,-79.8748,-285.860,42.797,-381.000
hem edge,-79.9606,-285.977,42.447,-381.000
hem edge,-80.0465,-286.094,42.096,-381.000
hem edge,-80.1323,-286.210,41.745,-381.000
hem edge,-80.2182,-286.324,41.394,-381.000
hem edge,-80.3040,-286.438,41.043,-381.000
hem edge,-80.3898,-286.551,40.691,-381.000
hem edge,-80.4757,-286.663,40.339,-381.000
hem edge,-80.5615,-286.774,39.986,-381.000
hem edge,-80.6474,-286.884,39.634,-381.000
hem edge,-80.7332,-286.994,39.281,-381.000
hem edge,-80.8191,-287.102,38.927,-381.000
hem edge,-80.9049,-287.209,38.574,-381.000
hem edge,-80.9907,-287.316,38.220,-381.000
hem edge,-81.0766,-287.421,37.866,-381.000
hem edge,-81.1624,-287.526,37.512,-381.000
hem edge,-81.2483,-287.629,37.157,-381.000
hem edge,-81.3341,-287.732,36.802,-381.000
hem edge,-81.4199,-287.834,36.447,-381.000
hem edge,-81.5058,-287.934,36.092,-381.000
hem edge,-81.5916,-288.034,35.736,-381.000
hem edge,-81.6775,-288.133,35.380,-381.000
hem edge,-81.7633,-288.231,35.024,-381.000
hem edge,-81.8491,-288.328,34.667,-381.000
hem edge,-81.9350,-288.424,34.310,-381.000
hem edge,-82.0208,-288.519,33.953,-381.000
hem edge,-82.1067,-288.613,33.596,-381.000
hem edge,-82.1925,-288.706,33.239,-381.000
hem edge,-82.2783,-288.798,32.881,-381.000
hem edge,-82.3642,-288.889,32.523,-381.000
hem edge,-82.4500,-288.980,32.165,-381.000
hem edge,-82.5359,-289.069,31.806,-381.000
hem edge,-82.6217,-289.157,31.447,-381.000
hem edge,-82.7075,-289.245,31.088,-381.000
hem edge,-82.7934,-289.331,30.729,-381.000
hem edge,-82.8792,-289.416,30.370,-381.000
hem edge,-82.9651,-289.501,30.010,-381.000
hem edge,-83.0509,-289.584,29.650,-381.000
hem edge,-83.1368,-289.667,29.290,-381.000
hem edge,-83.2226,-289.748,28.930,-381.000
hem edge,-83.3084,-289.829,28.569,-381.000
hem edge,-83.3943,-289.908,28.208,-381.000
hem edge,-83.4801,-289.987,27.847,-381.000
hem edge,-83.5660,-290.064,27.486,-381.000
hem edge,-83.6518,-290.141,27.125,-381.000
hem edge,-83.7376,-290.216,26.763,-381.000
hem edge,-83.8235,-290.291,26.401,-381.000
hem edge,-83.9093,-290.364,26.039,-381.000
hem edge,-83.9952,-290.437,25.677,-381.000
hem edge,-84.0810,-290.509,25.314,-381.000
hem edge,-84.1668,-290.579,24.952,-381.000
hem edge,-84.2527,-290.649,24.589,-381.000
hem edge,-84.3385,-290.717,24.226,-381.000
hem edge,-84.4244,-290.785,23.863,-381.000
hem edge,-84.5102,-290.851,23.499,-381.000
hem edge,-84.5960,-290.917,23.136,-381.000
hem edge,-84.6819,-290.982,22.772,-381.000
hem edge,-84.7677,-291.045,22.408,-381.000
hem edge,-84.8536,-291.108,22.044,-381.000
hem edge,-84.9394,-291.169,21.680,-381.000
hem edge,-85.0252,-291.230,21.315,-381.000
hem edge,-85.1111,-291.289,20.951,-381.000
hem edge,-85.1969,-291.348,20.586,-381.000
hem edge,-85.2828,-291.405,20.221,-381.000
hem edge,-85.3686,-291.462,19.856,-381.000
hem edge,-85.4545,-291.517,19.491,-381.000
hem edge,-85.5403,-291.572,19.125,-381.000
hem edge,-85.6261,-291.625,18.759,-381.000
hem edge,-85.7120,-291.678,18.394,-381.000
hem edge,-85.7978,-291.729,18.028,-381.000
hem edge,-85.8837,-291.779,17.662,-381.000
hem edge,-85.9695,-291.829,17.296,-381.000
hem edge,-86.0553,-291.877,16.929,-381.000
hem edge,-86.1412,-291.924,16.563,-381.000
hem edge,-86.2270,-291.971,16.197,-381.000
hem edge,-86.3129,-292.016,15.830,-381.000
hem edge,-86.3987,-292.060,15.463,-381.000
hem edge,-86.4845,-292.103,15.096,-381.000
hem edge,-86.5704,-292.145,14.729,-381.000
hem edge,-86.6562,-292.187,14.362,-381.000
hem edge,-86.7421,-292.227,13.995,-381.000
hem edge,-86.8279,-292.266,13.627,-381.000
hem edge,-86.9137,-292.304,13.260,-381.000
hem edge,-86.9996,-292.341,12.892,-381.000
hem edge,-87.0854,-292.377,12.525,-381.000
hem edge,-87.1713,-292.412,12.157,-381.000
hem edge,-87.2571,-292.446,11.789,-381.000
hem edge,-87.3429,-292.478,11.421,-381.000
hem edge,-87.4288,-292.510,11.053,-381.000
hem edge,-87.5146,-292.541,10.685,-381.000
hem edge,-87.6005,-292.571,10.316,-381.000
hem edge,-87.6863,-292.599,9.948,-381.000
hem edge,-87.7722,-292.627,9.580,-381.000
hem edge,-87.8580,-292.654,9.211,-381.000
hem edge,-87.9438,-292.679,8.843,-381.000
hem edge,-88.0297,-292.704,8.474,-381.000
hem edge,-88.1155,-292.727,8.105,-381.000
hem edge,-88.2014,-292.750,7.737,-381.000
hem edge,-88.2872,-292.771,7.368,-381.000
hem edge,-88.3730,-292.792,6.999,-381.000
hem edge,-88.4589,-292.811,6.630,-381.000
hem edge,-88.5447,-292.829,6.261,-381.000
hem edge,-88.6306,-292.846,5.892,-381.000
hem edge,-88.7164,-292.863,5.523,-381.000
hem edge,-88.8022,-292.878,5.154,-381.000
hem edge,-88.8881,-292.892,4.785,-381.000
hem edge,-88.9739,-292.905,4.415,-381.000
hem edge,-89.0598,-292.917,4.046,-381.000
hem edge,-89.1456,-292.928,3.677,-381.000
hem edge,-89.2314,-292.938,3.307,-381.000
hem edge,-89.3173,-292.947,2.938,-381.000
hem edge,-89.4031,-292.954,2.569,-381.000
hem edge,-89.4890,-292.961,2.199,-381.000
hem edge,-89.5748,-292.967,1.830,-381.000
hem edge,-89.6606,-292.971,1.461,-381.000
hem edge,-89.7465,-292.975,1.091,-381.000
hem edge,-89.8323,-292.978,0.722,-381.000
hem edge,-89.9182,-292.979,0.352,-381.000
hem edge,-90.0040,-292.980,-0.017,-381.000
hem edge,-90.0899,-292.979,-0.387,-381.000
hem edge,-90.1757,-292.977,-0.756,-381.000
hem edge,-90.2615,-292.975,-1.126,-381.000
hem edge,-90.3474,-292.971,-1.495,-381.000
hem edge,-90.4332,-292.966,-1.864,-381.000
hem edge,-90.5191,-292.961,-2.234,-381.000
hem edge,-90.6049,-292.954,-2.603,-381.000
hem edge,-90.6907,-292.946,-2.973,-381.000
hem edge,-90.7766,-292.937,-3.342,-381.000
hem edge,-90.8624,-292.927,-3.711,-381.000
hem edge,-90.9483,-292.916,-4.081,-381.000
hem edge,-91.0341,-292.904,-4.450,-381.000
hem edge,-91.1199,-292.890,-4.819,-381.000
hem edge,-91.2058,-292.876,-5.188,-381.000
hem edge,-91.2916,-292.861,-5.557,-381.000
hem edge,-91.3775,-292.845,-5.926,-381.000
hem edge,-91.4633,-292.827,-6.295,-381.000
hem edge,-91.5491,-292.809,-6.664,-381.000
hem edge,-91.6350,-292.790,-7.033,-381.000
hem edge,-91.7208,-292.769,-7.402,-381.000
hem edge,-91.8067,-292.748,-7.771,-381.000
hem edge,-91.8925,-292.725,-8.140,-381.000
hem edge,-91.9783,-292.702,-8.508,-381.000
hem edge,-92.0642,-292.677,-8.877,-381.000
hem edge,-92.1500,-292.651,-9.246,-381.000
hem edge,-92.2359,-292.625,-9.614,-381.000
hem edge,-92.3217,-292.597,-9.983,-381.000
hem edge,-92.4076,-292.568,-10.351,-381.000
hem edge,-92.4934,-292.538,-10.719,-381.000
hem edge,-92.5792,-292.507,-11.087,-381.000
hem edge,-92.6651,-292.475,-11.455,-381.000
hem edge,-92.7509,-292.442,-11.823,-381.000
hem edge,-92.8368,-292.408,-12.191,-381.000
hem edge,-92.9226,-292.373,-12.559,-381.000
hem edge,-93.0084,-292.337,-12.927,-381.000
hem edge,-93.0943,-292.300,-13.294,-381.000
hem edge,-93.1801,-292.262,-13.662,-381.000
hem edge,-93.2660,-292.223,-14.029,-381.000
hem edge,-93.3518,-292.183,-14.396,-381.000
hem edge,-93.4376,-292.142,-14.763,-381.000
hem edge,-93.5235,-292.099,-15.130,-381.000
hem edge,-93.6093,-292.056,-15.497,-381.000
hem edge,-93.6952,-292.012,-15.864,-381.000
hem edge,-93.7810,-291.966,-16.231,-381.000
hem edge,-93.8668,-291.920,-16.597,-381.000
hem edge,-93.9527,-291.873,-16.964,-381.000
hem edge,-94.0385,-291.824,-17.330,-381.000
hem edge,-94.1244,-291.775,-17.696,-381.000
hem edge,-94.2102,-291.724,-18.062,-381.000
hem edge,-94.2960,-291.673,-18.428,-381.000
hem edge,-94.3819,-291.620,-18.794,-381.000
hem edge,-94.4677,-291.567,-19.159,-381.000
hem edge,-94.5536,-291.512,-19.525,-381.000
hem edge,-94.6394,-291.457,-19.890,-381.000
hem edge,-94.7253,-291.400,-20.255,-381.000
hem edge,-94.8111,-291.342,-20.620,-381.000
hem edge,-94.8969,-291.284,-20.985,-381.000
hem edge,-94.9828,-291.224,-21.349,-381.000
hem edge,-95.0686,-291.164,-21.714,-381.000
hem edge,-95.1545,-291.102,-22.078,-381.000
hem edge,-95.2403,-291.039,-22.442,-381.000
hem edge,-95.3261,-290.976,-22.806,-381.000
hem edge,-95.4120,-290.911,-23.170,-381.000
hem edge,-95.4978,-290.845,-23.533,-381.000
hem edge,-95.5837,-290.779,-23.897,-381.000
hem edge,-95.6695,-290.711,-24.260,-381.000
hem edge,-95.7553,-290.642,-24.623,-381.000
hem edge,-95.8412,-290.573,-24.986,-381.000
hem edge,-95.9270,-290.502,-25.348,-381.000
hem edge,-96.0129,-290.430,-25.711,-381.000
hem edge,-96.0987,-290.358,-26.073,-381.000
hem edge,-96.1845,-290.284,-26.435,-381.000
hem edge,-96.2704,-290.209,-26.797,-381.000
hem edge,-96.3562,-290.134,-27.159,-381.000
hem edge,-96.4421,-290.057,-27.520,-381.000
hem edge,-96.5279,-289.979,-27.881,-381.000
hem edge,-96.6137,-289.901,-28.242,-381.000
hem edge,-96.6996,-289.821,-28.603,-381.000
hem edge,-96.7854,-289.741,-28.963,-381.000
hem edge,-96.8713,-289.659,-29.324,-381.000
hem edge,-96.9571,-289.576,-29.684,-381.000
hem edge,-97.0430,-289.493,-30.044,-381.000
hem edge,-97.1288,-289.408,-30.404,-381.000
hem edge,-97.2146,-289.323,-30.763,-381.000
hem edge,-97.3005,-289.236,-31.122,-381.000
hem edge,-97.3863,-289.149,-31.481,-381.000
hem edge,-97.4722,-289.061,-31.840,-381.000
hem edge,-97.5580,-288.971,-32.198,-381.000
hem edge,-97.6438,-288.881,-32.556,-381.000
hem edge,-97.7297,-288.790,-32.914,-381.000
hem edge,-97.8155,-288.697,-33.272,-381.000
hem edge,-97.9014,-288.604,-33.630,-381.000
hem edge,-97.9872,-288.510,-33.987,-381.000
hem edge,-98.0730,-288.415,-34.344,-381.000
hem edge,-98.1589,-288.319,-34.701,-381.000
hem edge,-98.2447,-288.222,-35.057,-381.000
hem edge,-98.3306,-288.124,-35.413,-381.000
hem edge,-98.4164,-288.025,-35.769,-381.000
hem edge,-98.5022,-287.925,-36.125,-381.000
hem edge,-98.5881,-287.824,-36.480,-381.000
hem edge,-98.6739,-287.722,-36.836,-381.000
hem edge,-98.7598,-287.620,-37.190,-381.000
hem edge,-98.8456,-287.516,-37.545,-381.000
hem edge,-98.9314,-287.411,-37.899,-381.000
hem edge,-99.0173,-287.306,-38.253,-381.000
hem edge,-99.1031,-287.199,-38.607,-381.000
hem edge,-99.1890,-287.092,-38.960,-381.000
hem edge,-99.2748,-286.983,-39.314,-381.000
hem edge,-99.3607,-286.874,-39.667,-381.000
hem edge,-99.4465,-286.764,-40.019,-381.000
hem edge,-99.5323,-286.653,-40.372,-381.000
hem edge,-99.6182,-286.541,-40.724,-381.000
hem edge,-99.7040,-286.428,-41.075,-381.000
hem edge,-99.7899,-286.314,-41.427,-381.000
hem edge,-99.8757,-286.199,-41.778,-381.000
hem edge,-99.9615,-286.083,-42.129,-381.000
hem edge,-100.0474,-285.967,-42.479,-381.000
hem edge,-100.1332,-285.849,-42.830,-381.000
hem edge,-100.2191,-285.731,-43.180,-381.000
hem edge,-100.3049,-285.611,-43.529,-381.000
hem edge,-100.3907,-285.491,-43.878,-381.000
hem edge,-100.4766,-285.370,-44.228,-381.000
hem edge,-100.5624,-285.248,-44.576,-381.000
hem edge,-100.6483,-285.125,-44.924,-381.000
hem edge,-100.7341,-285.001,-45.273,-381.000
hem edge,-100.8199,-284.876,-45.620,-381.000
hem edge,-100.9058,-284.750,-45.968,-381.000
hem edge,-100.9916,-284.624,-46.315,-381.000
hem edge,-101.0775,-284.496,-46.662,-381.000
hem edge,-101.1633,-284.368,-47.008,-381.000
hem edge,-101.2491,-284.238,-47.354,-381.000
hem edge,-101.3350,-284.108,-47.700,-381.000
hem edge,-101.4208,-283.977,-48.045,-381.000
hem edge,-101.5067,-283.846,-48.390,-381.000
hem edge,-101.5925,-283.713,-48.735,-381.000
hem edge,-101.6784,-283.579,-49.080,-381.000
hem edge,-101.7642,-283.445,-49.424,-381.000
hem edge,-101.8500,-283.309,-49.767,-381.000
hem edge,-101.9359,-283.173,-50.111,-381.000
hem edge,-102.0217,-283.036,-50.454,-381.000
hem edge,-102.1076,-282.898,-50.797,-381.000
hem edge,-102.1934,-282.759,-51.139,-381.000
hem edge,-102.2792,-282.619,-51.481,-381.000
hem edge,-102.3651,-282.479,-51.823,-381.000
hem edge,-102.4509,-282.338,-52.164,-381.000
hem edge,-102.5368,-282.195,-52.505,-381.000
hem edge,-102.6226,-282.052,-52.846,-381.000
hem edge,-102.7084,-281.908,-53.186,-381.000
hem edge,-102.7943,-281.763,-53.526,-381.000
hem edge,-102.8801,-281.618,-53.865,-381.000
hem edge,-102.9660,-281.471,-54.204,-381.000
armhole seam -split (up),-102.9660,-281.471,-54.204,-381.000
armhole seam -split (up),-102.9660,-281.468,-54.204,-380.532
armhole seam -split (up),-102.9660,-281.462,-54.203,-380.063
armhole seam -split (up),-102.9660,-281.454,-54.201,-379.595
armhole seam -split (up),-102.9660,-281.444,-54.199,-379.126
armhole seam -split (up),-102.9660,-281.432,-54.197,-378.658
armhole seam -split (up),-102.9660,-281.419,-54.194,-378.190
armhole seam -split (up),-102.9660,-281.404,-54.191,-377.721
armhole seam -split (up),-102.9660,-281.388,-54.188,-377.253
armhole seam -split (up),-102.9660,-281.370,-54.185,-376.784
armhole seam -split (up),-102.9660,-281.352,-54.181,-376.316
armhole seam -split (up),-102.9660,-281.332,-54.178,-375.848
armhole seam -split (up),-102.9660,-281.311,-54.174,-375.379
armhole seam -split (up),-102.9660,-281.289,-54.169,-374.911
armhole seam -split (up),-102.9660,-281.266,-54.165,-374.443
armhole seam -split (up),-102.9660,-281.242,-54.160,-373.974
armhole seam -split (up),-102.9660,-281.217,-54.156,-373.506
armhole seam -split (up),-102.9660,-281.192,-54.151,-373.037
armhole seam -split (up),-102.9660,-281.165,-54.145,-372.569
armhole seam -split (up),-102.9660,-281.137,-54.140,-372.101
armhole seam -split (up),-102.9660,-281.108,-54.135,-371.632
armhole seam -split (up),-102.9660,-281.079,-54.129,-371.164
armhole seam -split (up),-102.9660,-281.049,-54.123,-370.695
armhole seam -split (up),-102.9660,-281.017,-54.117,-370.227
armhole seam -split (up),-102.9660,-280.985,-54.111,-369.759
armhole seam -split (up),-102.9660,-280.953,-54.104,-369.290
armhole seam -split (up),-102.9660,-280.919,-54.098,-368.822
armhole seam -split (up),-102.9660,-280.884,-54.091,-368.353
armhole seam -split (up),-102.9660,-280.849,-54.085,-367.885
armhole seam -split (up),-102.9660,-280.813,-54.078,-367.417
armhole seam -split (up),-102.9660,-280.777,-54.071,-366.948
armhole seam -split (up),-102.9660,-280.739,-54.063,-366.480
armhole seam -split (up),-102.9660,-280.701,-54.056,-366.011
armhole seam -split (up),-102.9660,-280.662,-54.049,-365.543
armhole seam -split (up),-102.9660,-280.622,-54.041,-365.075
armhole seam -split (up),-102.9660,-280.582,-54.033,-364.606
armhole seam -split (up),-102.9660,-280.541,-54.025,-364.138
armhole seam -split (up),-102.9660,-280.499,-54.017,-363.670
armhole seam -split (up),-102.9660,-280.457,-54.009,-363.201
armhole seam -split (up),-102.9660,-280.414,-54.001,-362.733
armhole seam -split (up),-102.9660,-280.370,-53.992,-362.264
armhole seam -split (up),-102.9660,-280.326,-53.984,-361.796
armhole seam -split (up),-102.9660,-280.280,-53.975,-361.328
armhole seam -split (up),-102.9660,-280.235,-53.966,-360.859
armhole seam -split (up),-102.9660,-280.188,-53.957,-360.391
armhole seam -split (up),-102.9660,-280.141,-53.948,-359.922
armhole seam -split (up),-102.9660,-280.094,-53.939,-359.454
armhole seam -split (up),-102.9660,-280.045,-53.930,-358.986
armhole seam -split (up),-102.9660,-279.996,-53.920,-358.517
armhole seam -split (up),-102.9660,-279.947,-53.911,-358.049
armhole seam -split (up),-102.9660,-279.897,-53.901,-357.580
armhole seam -split (up),-102.9660,-279.846,-53.891,-357.112
armhole seam -split (up),-102.9660,-279.794,-53.881,-356.644
armhole seam -split (up),-102.9660,-279.742,-53.871,-356.175
armhole seam -split (up),-102.9660,-279.690,-53.861,-355.707
armhole seam -split (up),-102.9660,-279.637,-53.851,-355.238
armhole seam -split (up),-102.9660,-279.583,-53.841,-354.770
armhole seam -split (up),-102.9660,-279.529,-53.830,-354.302
armhole seam -split (up),-102.9660,-279.474,-53.819,-353.833
armhole seam -split (up),-102.9660,-279.418,-53.809,-353.365
armhole seam -split (up),-102.9660,-279.362,-53.798,-352.897
armhole seam -split (up),-102.9660,-279.305,-53.787,-352.428
armhole seam -split (up),-102.9660,-279.248,-53.776,-351.960
armhole seam -split (up),-102.9660,-279.190,-53.765,-351.491
armhole seam -split (up),-102.9660,-279.132,-53.754,-351.023
armhole seam -split (up),-102.9660,-279.073,-53.742,-350.555
armhole seam -split (up),-102.9660,-279.014,-53.731,-350.086
armhole seam -split (up),-102.9660,-278.954,-53.719,-349.618
armhole seam -split (up),-102.9660,-278.893,-53.708,-349.149
armhole seam -split (up),-102.9660,-278.832,-53.696,-348.681
armhole seam -split (up),-102.9660,-278.770,-53.684,-348.213
armhole seam -split (up),-102.9660,-278.708,-53.672,-347.744
armhole seam -split (up),-102.9660,-278.645,-53.660,-347.276
armhole seam -split (up),-102.9660,-278.582,-53.648,-346.807
armhole seam -split (up),-102.9660,-278.518,-53.635,-346.339
armhole seam -split (up),-102.9660,-278.454,-53.623,-345.871
armhole seam -split (up),-102.9660,-278.389,-53.610,-345.402
armhole seam -split (up),-102.9660,-278.324,-53.598,-344.934
armhole seam -split (up),-102.9660,-278.258,-53.585,-344.466
armhole seam -split (up),-102.9660,-278.191,-53.572,-343.997
armhole seam -split (up),-102.9660,-278.125,-53.560,-343.529
armhole seam -split (up),-102.9660,-278.057,-53.547,-343.060
armhole seam -split (up),-102.9660,-277.989,-53.533,-342.592
armhole seam -split (up),-102.9660,-277.921,-53.520,-342.124
armhole seam -split (up),-102.9660,-277.852,-53.507,-341.655
armhole seam -split (up),-102.9660,-277.782,-53.494,-341.187
armhole seam -split (up),-102.9660,-277.712,-53.480,-340.718
armhole seam -split (up),-102.9660,-277.642,-53.466,-340.250
armhole seam -split (up),-102.9660,-277.571,-53.453,-339.782
armhole seam -split (up),-102.9660,-277.499,-53.439,-339.313
armhole seam -split (up),-102.9660,-277.427,-53.425,-338.845
armhole seam -split (up),-102.9660,-277.355,-53.411,-338.376
armhole seam -split (up),-102.9660,-277.282,-53.397,-337.908
armhole seam -split (up),-102.9660,-277.209,-53.383,-337.440
armhole seam -split (up),-102.9660,-277.135,-53.369,-336.971
armhole seam -split (up),-102.9660,-277.060,-53.354,-336.503
armhole seam -split (up),-102.9660,-276.985,-53.340,-336.034
armhole seam -split (up),-102.9660,-276.910,-53.325,-335.566
armhole seam -split (up),-102.9660,-276.834,-53.311,-335.098
armhole seam -split (up),-102.9660,-276.758,-53.296,-334.629
armhole seam -split (up),-102.9660,-276.681,-53.281,-334.161
armhole seam -split (up),-102.9660,-276.604,-53.266,-333.693
armhole seam -split (up),-102.9660,-276.526,-53.251,-333.224
armhole seam -split (up),-102.9660,-276.448,-53.236,-332.756
armhole seam -split (up),-102.9660,-276.369,-53.221,-332.287
armhole seam -split (up),-102.9660,-276.290,-53.206,-331.819
armhole seam -split (up),-102.9660,-276.210,-53.191,-331.351
armhole seam -split (up),-102.9660,-276.130,-53.175,-330.882
armhole seam -split (up),-102.9660,-276.050,-53.160,-330.414
armhole seam -split (up),-102.9660,-275.969,-53.144,-329.945
armhole seam -split (up),-102.9660,-275.887,-53.128,-329.477
armhole seam -split (up),-102.9660,-275.805,-53.113,-329.009
armhole seam -split (up),-102.9660,-275.723,-53.097,-328.540
armhole seam -split (up),-102.9660,-275.640,-53.081,-328.072
armhole seam -split (up),-102.9660,-275.557,-53.065,-327.603
armhole seam -split (up),-102.9660,-275.473,-53.049,-327.135
armhole seam -split (up),-102.9660,-275.389,-53.032,-326.667
armhole seam -split (up),-102.9660,-275.304,-53.016,-326.198
armhole seam -split (up),-102.9660,-275.219,-53.000,-325.730
armhole seam -split (up),-102.9660,-275.133,-52.983,-325.261
armhole seam -split (up),-102.9660,-275.047,-52.966,-324.793
armhole seam -split (up),-102.9660,-274.961,-52.950,-324.325
armhole seam -split (up),-102.9660,-274.874,-52.933,-323.856
armhole seam -split (up),-102.9660,-274.786,-52.916,-323.388
armhole seam -split (up),-102.9660,-274.699,-52.899,-322.920
armhole seam -split (up),-102.9660,-274.610,-52.882,-322.451
armhole seam -split (up),-102.9660,-274.522,-52.865,-321.983
armhole seam -split (up),-102.9660,-274.433,-52.848,-321.514
armhole seam -split (up),-102.9660,-274.343,-52.831,-321.046
armhole seam -split (up),-102.9660,-274.253,-52.813,-320.578
armhole seam -split (up),-102.9660,-274.162,-52.796,-320.109
armhole seam -split (up),-102.9660,-274.072,-52.778,-319.641
armhole seam -split (up),-102.9660,-273.980,-52.761,-319.172
armhole seam -split (up),-102.9660,-273.888,-52.743,-318.704
armhole seam -split (up),-102.9660,-273.796,-52.725,-318.236
armhole seam -split (up),-102.9660,-273.704,-52.708,-317.767
armhole seam -split (up),-102.9660,-273.611,-52.690,-317.299
armhole seam -split (up),-102.9660,-273.517,-52.672,-316.830
armhole seam -split (up),-102.9660,-273.423,-52.654,-316.362
armhole seam -split (up),-102.9660,-273.329,-52.635,-315.894
armhole seam -split (up),-102.9660,-273.234,-52.617,-315.425
armhole seam -split (up),-102.9660,-273.139,-52.599,-314.957
armhole seam -split (up),-102.9660,-273.043,-52.580,-314.488
armhole seam -split (up),-102.9660,-272.947,-52.562,-314.020
armhole seam -split (up),-102.9660,-272.851,-52.543,-313.552
armhole seam -split (up),-102.9660,-272.754,-52.525,-313.083
armhole seam -split (up),-102.9660,-272.656,-52.506,-312.615
armhole seam -split (up),-102.9660,-272.559,-52.487,-312.147
armhole seam -split (up),-102.9660,-272.461,-52.468,-311.678
armhole seam -split (up),-102.9660,-272.362,-52.449,-311.210
armhole seam -split (up),-102.9660,-272.263,-52.430,-310.741
armhole seam -split (up),-102.9660,-272.164,-52.411,-310.273
armhole seam -split (up),-102.9660,-272.064,-52.392,-309.805
armhole seam -split (up),-102.9660,-271.963,-52.372,-309.336
armhole seam -split (up),-102.9660,-271.863,-52.353,-308.868
armhole seam -split (up),-102.9660,-271.762,-52.333,-308.399
armhole seam -split (up),-102.9660,-271.660,-52.314,-307.931
armhole seam -split (up),-102.9660,-271.558,-52.294,-307.463
armhole seam -split (up),-102.9660,-271.456,-52.274,-306.994
armhole seam -split (up),-102.9660,-271.353,-52.255,-306.526
armhole seam -split (up),-102.9660,-271.250,-52.235,-306.057
armhole seam -split (up),-102.9660,-271.146,-52.215,-305.589
armhole seam -split (up),-102.9660,-271.042,-52.195,-305.121
armhole seam -split (up),-102.9660,-270.938,-52.175,-304.652
armhole seam -split (up),-102.9660,-270.833,-52.154,-304.184
armhole seam -split (up),-102.9660,-270.728,-52.134,-303.715
armhole seam -split (up),-102.9660,-270.622,-52.114,-303.247
armhole seam -split (up),-102.9660,-270.516,-52.093,-302.779
armhole seam -split (up),-102.9660,-270.410,-52.073,-302.310
armhole seam -split (up),-102.9660,-270.303,-52.052,-301.842
armhole seam -split (up),-102.9660,-270.196,-52.032,-301.374
armhole seam -split (up),-102.9660,-270.088,-52.011,-300.905
armhole seam -split (up),-102.9660,-269.980,-51.990,-300.437
armhole seam -split (up),-102.9660,-269.872,-51.969,-299.968
armhole seam -split (up),-102.9660,-269.763,-51.948,-299.500
armhole seam -split (up),-102.9660,-269.654,-51.927,-299.032
armhole seam -split (up),-102.9660,-269.544,-51.906,-298.563
armhole seam -split (up),-102.9660,-269.434,-51.885,-298.095
armhole seam -split (up),-102.9660,-269.323,-51.863,-297.626
armhole seam -split (up),-102.9660,-269.213,-51.842,-297.158
armhole seam -split (up),-102.9660,-269.101,-51.821,-296.690
armhole seam -split (up),-102.9660,-268.990,-51.799,-296.221
armhole seam -split (up),-102.9660,-268.878,-51.778,-295.753
armhole seam -split (up),-102.9660,-268.765,-51.756,-295.284
armhole seam -split (up),-102.9660,-268.652,-51.734,-294.816
armhole seam -split (up),-102.9660,-268.539,-51.712,-294.348
armhole seam -split (up),-102.9660,-268.425,-51.690,-293.879
armhole seam -split (up),-102.9660,-268.311,-51.668,-293.411
armhole seam -split (up),-102.9660,-268.197,-51.646,-292.943
armhole seam -split (up),-102.9660,-268.082,-51.624,-292.474
armhole seam -split (up),-102.9660,-267.967,-51.602,-292.006
armhole seam -split (up),-102.9660,-267.851,-51.580,-291.537
armhole seam -split (up),-102.9660,-267.735,-51.557,-291.069
armhole seam -split (up),-102.9660,-267.619,-51.535,-290.601
armhole seam -split (up),-102.9660,-267.502,-51.512,-290.132
armhole seam -split (up),-102.9660,-267.385,-51.490,-289.664
armhole seam -split (up),-102.9660,-267.267,-51.467,-289.195
armhole seam -split (up),-102.9660,-267.149,-51.444,-288.727
armhole seam -split (up),-102.9660,-267.031,-51.422,-288.259
armhole seam -split (up),-102.9660,-266.912,-51.399,-287.790
armhole seam -split (up),-102.9660,-266.793,-51.376,-287.322
armhole seam -split (up),-102.9660,-266.673,-51.353,-286.853
armhole seam -split (up),-102.9660,-266.553,-51.330,-286.385
armhole seam -split (up),-102.9660,-266.433,-51.306,-285.917
armhole seam -split (up),-102.9660,-266.312,-51.283,-285.448
armhole seam -split (up),-102.9660,-266.191,-51.260,-284.980
armhole seam -split (up),-102.9660,-266.070,-51.236,-284.511
armhole seam -split (up),-102.9660,-265.948,-51.213,-284.043
armhole seam -split (up),-102.9660,-265.826,-51.189,-283.575
armhole seam -split (up),-102.9660,-265.703,-51.166,-283.106
armhole seam -split (up),-102.9660,-265.580,-51.142,-282.638
armhole seam -split (up),-102.9660,-265.456,-51.118,-282.170
armhole seam -split (up),-102.9660,-265.333,-51.094,-281.701
armhole seam -split (up),-102.9660,-265.208,-51.070,-281.233
armhole seam -split (up),-102.9660,-265.084,-51.046,-280.764
armhole seam -split (up),-102.9660,-264.959,-51.022,-280.296
armhole seam -split (up),-102.9660,-264.834,-50.998,-279.828
armhole seam -split (up),-102.9660,-264.708,-50.974,-279.359
armhole seam -split (up),-102.9660,-264.582,-50.950,-278.891
armhole seam -split (up),-102.9660,-264.455,-50.925,-278.422
armhole seam -split (up),-102.9660,-264.328,-50.901,-277.954
armhole seam -split (up),-102.9660,-264.201,-50.876,-277.486
armhole seam -split (up),-102.9660,-264.073,-50.852,-277.017
armhole seam -split (up),-102.9660,-263.945,-50.827,-276.549
armhole seam -split (up),-102.9660,-263.817,-50.802,-276.080
armhole seam -split (up),-102.9660,-263.688,-50.777,-275.612
armhole seam -split (up),-102.9660,-263.559,-50.753,-275.144
armhole seam -split (up),-102.9660,-263.429,-50.728,-274.675
armhole seam -split (up),-102.9660,-263.299,-50.703,-274.207
armhole seam -split (up),-102.9660,-263.169,-50.677,-273.738
armhole seam -split (up),-102.9660,-263.038,-50.652,-273.270
armhole seam -split (up),-102.9660,-262.907,-50.627,-272.802
armhole seam -split (up),-102.9660,-262.776,-50.602,-272.333
armhole seam -split (up),-102.9660,-262.644,-50.576,-271.865
armhole seam -split (up),-102.9660,-262.512,-50.551,-271.397
armhole seam -split (up),-102.9660,-262.379,-50.525,-270.928
armhole seam -split (up),-102.9660,-262.246,-50.500,-270.460
armhole seam -split (up),-102.9660,-262.113,-50.474,-269.991
armhole seam -split (up),-102.9660,-261.979,-50.448,-269.523
armhole seam -split (up),-102.9660,-261.845,-50.422,-269.055
armhole seam -split (up),-102.9660,-261.710,-50.396,-268.586
armhole seam -split (up),-102.9660,-261.575,-50.370,-268.118
armhole seam -split (up),-102.9660,-261.440,-50.344,-267.649
armhole seam -split (up),-102.9660,-261.305,-50.318,-267.181
armhole seam -split (up),-102.9660,-261.169,-50.292,-266.713
armhole seam -split (up),-102.9660,-261.032,-50.266,-266.244
armhole seam -split (up),-102.9660,-260.895,-50.239,-265.776
armhole seam -split (up),-102.9660,-260.758,-50.213,-265.307
armhole seam -split (up),-102.9660,-260.621,-50.186,-264.839
armhole seam -split (up),-102.9660,-260.483,-50.160,-264.371
armhole seam -split (up),-102.9660,-260.345,-50.133,-263.902
armhole seam -split (up),-102.9660,-260.206,-50.106,-263.434
armhole seam -split (up),-102.9660,-260.067,-50.080,-262.965
armhole seam -split (up),-102.9660,-259.927,-50.053,-262.497
armhole seam -split (up),-102.9660,-259.788,-50.026,-262.029
armhole seam -split (up),-102.9660,-259.647,-49.999,-261.560
armhole seam -split (up),-102.9660,-259.507,-49.972,-261.092
armhole seam -split (up),-102.9660,-259.366,-49.945,-260.624
armhole seam -split (up),-102.9660,-259.225,-49.917,-260.155
armhole seam -split (up),-102.9660,-259.083,-49.890,-259.687
armhole seam -split (up),-102.9660,-258.941,-49.863,-259.218
armhole seam -split (up),-102.9660,-258.799,-49.835,-258.750
armhole seam -split (up),-102.9660,-258.656,-49.808,-258.282
armhole seam -split (up),-102.9660,-258.513,-49.780,-257.813
armhole seam -split (up),-102.9660,-258.369,-49.752,-257.345
armhole seam -split (up),-102.9660,-258.225,-49.725,-256.876
armhole seam -split (up),-102.9660,-258.081,-49.697,-256.408
armhole seam -split (up),-102.9660,-257.936,-49.669,-255.940
armhole seam -split (up),-102.9660,-257.791,-49.641,-255.471
armhole seam -split (up),-102.9660,-257.646,-49.613,-255.003
armhole seam -split (up),-102.9660,-257.500,-49.585,-254.534
armhole seam -split (up),-102.9660,-257.354,-49.557,-254.066
armhole seam -split (up),-102.9660,-257.207,-49.529,-253.598
armhole seam -split (up),-102.9660,-257.060,-49.500,-253.129
armhole seam -split (up),-102.9660,-256.913,-49.472,-252.661
armhole seam -split (up),-102.9660,-256.765,-49.443,-252.192
armhole seam -split (up),-102.9660,-256.617,-49.415,-251.724
armhole seam -split (up),-102.9660,-256.469,-49.386,-251.256
armhole seam -split (up),-102.9660,-256.320,-49.358,-250.787
armhole seam -split (up),-102.9660,-256.171,-49.329,-250.319
armhole seam -split (up),-102.9660,-256.022,-49.300,-249.851
armhole seam -split (up),-102.9660,-255.872,-49.271,-249.382
armhole seam -split (up),-102.9660,-255.721,-49.242,-248.914
armhole seam -split (up),-102.9660,-255.571,-49.213,-248.445
armhole seam -split (up),-102.9660,-255.420,-49.184,-247.977
armhole seam -split (up),-102.9660,-255.268,-49.155,-247.509
armhole seam -split (up),-102.9660,-255.117,-49.126,-247.040
armhole seam -split (up),-102.9660,-254.964,-49.096,-246.572
armhole seam -split (up),-102.9660,-254.812,-49.067,-246.103
armhole seam -split (up),-102.9660,-254.659,-49.037,-245.635
armhole seam -split (up),-102.9660,-254.506,-49.008,-245.167
armhole seam -split (up),-102.9660,-254.352,-48.978,-244.698
armhole seam -split (up),-102.9660,-254.198,-48.949,-244.230
armhole seam -split (up),-102.9660,-254.044,-48.919,-243.761
armhole seam -split (up),-102.9660,-253.889,-48.889,-243.293
armhole seam -split (up),-102.9660,-253.734,-48.859,-242.825
armhole seam -split (up),-102.9660,-253.579,-48.829,-242.356
armhole seam -split (up),-102.9660,-253.423,-48.799,-241.888
armhole seam -split (up),-102.9660,-253.266,-48.769,-241.420
armhole seam -split (up),-102.9660,-253.110,-48.739,-240.951
armhole seam -split (up),-102.9660,-252.953,-48.709,-240.483
armhole seam -split (up),-102.9660,-252.795,-48.678,-240.014
armhole seam -split (up),-102.9660,-252.638,-48.648,-239.546
armhole seam -split (up),-102.9660,-252.480,-48.617,-239.078
armhole seam -split (up),-102.9660,-252.321,-48.587,-238.609
armhole seam -split (up),-102.9660,-252.162,-48.556,-238.141
armhole seam -split (up),-102.9660,-252.003,-48.526,-237.672
armhole seam -split (up),-102.9660,-251.843,-48.495,-237.204
armhole seam -split (up),-102.9660,-251.684,-48.464,-236.736
armhole seam -split (up),-102.9660,-251.523,-48.433,-236.267
armhole seam -split (up),-102.9660,-251.362,-48.402,-235.799
armhole seam -split (up),-102.9660,-251.201,-48.371,-235.330
armhole seam -split (up),-102.9660,-251.040,-48.340,-234.862
armhole seam -split (up),-102.9660,-250.878,-48.309,-234.394
armhole seam -split (up),-102.9660,-250.716,-48.278,-233.925
armhole seam -split (up),-102.9660,-250.553,-48.246,-233.457
armhole seam -split (up),-102.9660,-250.390,-48.215,-232.988
armhole seam -split (up),-102.9660,-250.227,-48.183,-232.520
armhole seam -split (up),-102.9660,-250.063,-48.152,-232.052
armhole seam -split (up),-102.9660,-249.899,-48.120,-231.583
armhole seam -split (up),-102.9660,-249.735,-48.088,-231.115
armhole seam -split (up),-102.9660,-249.570,-48.057,-230.647
armhole seam -split (up),-102.9660,-249.405,-48.025,-230.178
armhole seam -split (up),-102.9660,-249.239,-47.993,-229.710
armhole seam -split (up),-102.9660,-249.073,-47.961,-229.241
armhole seam -split (up),-102.9660,-248.907,-47.929,-228.773
armhole seam -split (up),-102.9660,-248.740,-47.897,-228.305
armhole seam -split (up),-102.9660,-248.573,-47.865,-227.836
armhole seam -split (up),-102.9660,-248.406,-47.832,-227.368
armhole seam -split (up),-102.9660,-248.238,-47.800,-226.899
armhole seam -split (up),-102.9660,-248.070,-47.768,-226.431
armhole seam -split (up),-102.9660,-247.901,-47.735,-225.963
armhole seam -split (up),-102.9660,-247.732,-47.703,-225.494
armhole seam -split (up),-102.9660,-247.563,-47.670,-225.026
armhole seam -split (up),-102.9660,-247.393,-47.637,-224.557
armhole seam -split (up),-102.9660,-247.223,-47.604,-224.089
armhole seam -split (up),-102.9660,-247.053,-47.572,-223.621
armhole seam -split (up),-102.9660,-246.882,-47.539,-223.152
armhole seam -split (up),-102.9660,-246.711,-47.506,-222.684
armhole seam -split (up),-102.9660,-246.539,-47.473,-222.215
armhole seam -split (up),-102.9660,-246.367,-47.440,-221.747
armhole seam -split (up),-102.9660,-246.195,-47.406,-221.279
armhole seam -split (up),-102.9660,-246.022,-47.373,-220.810
armhole seam -split (up),-102.9660,-245.849,-47.340,-220.342
armhole seam -split (up),-102.9660,-245.676,-47.306,-219.874
armhole seam -split (up),-102.9660,-245.502,-47.273,-219.405
armhole seam -split (up),-102.9660,-245.328,-47.239,-218.937
armhole seam -split (up),-102.9660,-245.153,-47.206,-218.468
armhole seam -split (up),-102.9660,-244.978,-47.172,-218.000
armhole seam -split (up),-102.9660,-244.803,-47.138,-217.532
armhole seam -split (up),-102.9660,-244.627,-47.104,-217.063
armhole seam -split (up),-102.9660,-244.451,-47.070,-216.595
armhole seam -split (up),-102.9660,-244.275,-47.036,-216.126
armhole seam -split (up),-102.9660,-244.098,-47.002,-215.658
armhole seam -split (up),-102.9660,-243.921,-46.968,-215.190
armhole seam -split (up),-102.9660,-243.743,-46.934,-214.721
armhole seam -split (up),-102.9660,-243.565,-46.899,-214.253
armhole seam -split (up),-102.9660,-243.387,-46.865,-213.784
armhole seam -split (up),-102.9660,-243.208,-46.831,-213.316
armhole seam -split (up),-102.9660,-243.029,-46.796,-212.848
armhole seam -split (up),-102.9660,-242.849,-46.762,-212.379
armhole seam -split (up),-102.9660,-242.669,-46.727,-211.911
armhole seam -split (up),-102.9660,-242.489,-46.692,-211.442
armhole seam -split (up),-102.9660,-242.308,-46.657,-210.974
armhole seam -split (up),-102.9660,-242.127,-46.622,-210.506
armhole seam -split (up),-102.9660,-241.946,-46.587,-210.037
armhole seam -split (up),-102.9660,-241.764,-46.552,-209.569
armhole seam -split (up),-102.9660,-241.582,-46.517,-209.101
armhole seam -split (up),-102.9660,-241.400,-46.482,-208.632
armhole seam -split (up),-102.9660,-241.217,-46.447,-208.164
armhole seam -split (up),-102.9660,-241.033,-46.412,-207.695
armhole seam -split (up),-102.9660,-240.850,-46.376,-207.227
armhole seam -split (up),-102.9660,-240.666,-46.341,-206.759
armhole seam -split (up),-102.9660,-240.481,-46.305,-206.290
armhole seam -split (up),-102.9660,-240.296,-46.270,-205.822
armhole seam -split (up),-102.9660,-240.111,-46.234,-205.353
armhole seam -split (up),-102.9660,-239.926,-46.198,-204.885
armhole seam -split (up),-102.9660,-239.740,-46.162,-204.417
armhole seam -split (up),-102.9660,-239.553,-46.126,-203.948
armhole seam -split (up),-102.9660,-239.367,-46.090,-203.480
armhole seam -split (up),-102.9660,-239.180,-46.054,-203.011
armhole seam -split (up),-102.9660,-238.992,-46.018,-202.543
armhole seam -split (up),-102.9660,-238.804,-45.982,-202.075
armhole seam -split (up),-102.9660,-238.616,-45.946,-201.606
armhole seam -split (up),-102.9660,-238.427,-45.909,-201.138
armhole seam -split (up),-102.9660,-238.238,-45.873,-200.669
armhole seam -split (up),-102.9660,-238.049,-45.836,-200.201
armhole seam -split (up),-102.9660,-237.859,-45.800,-199.733
armhole seam -split (up),-102.9660,-237.669,-45.763,-199.264
armhole seam -split (up),-102.9660,-237.478,-45.726,-198.796
armhole seam -split (up),-102.9660,-237.287,-45.690,-198.328
armhole seam -split (up),-102.9660,-237.096,-45.653,-197.859
armhole seam -split (up),-102.9660,-236.904,-45.616,-197.391
armhole seam -split (up),-102.9660,-236.712,-45.579,-196.922
armhole seam -split (up),-102.9660,-236.520,-45.542,-196.454
armhole seam -split (up),-102.9660,-236.327,-45.504,-195.986
armhole seam -split (up),-102.9660,-236.133,-45.467,-195.517
armhole seam -split (up),-102.9660,-235.940,-45.430,-195.049
armhole seam -split (up),-102.9660,-235.746,-45.393,-194.580
armhole seam -split (up),-102.9660,-235.551,-45.355,-194.112
armhole seam -split (up),-102.9660,-235.356,-45.317,-193.644
armhole seam -split (up),-102.9660,-235.161,-45.280,-193.175
armhole seam -split (up),-102.9660,-234.965,-45.242,-192.707
armhole seam -split (up),-102.9660,-234.769,-45.204,-192.238
armhole seam -split (up),-102.9660,-234.573,-45.167,-191.770
armhole seam -split (up),-102.9660,-234.376,-45.129,-191.302
armhole seam -split (up),-102.9660,-234.179,-45.091,-190.833
armhole seam -split (up),-102.9660,-233.981,-45.053,-190.365
armhole seam -split (up),-102.9660,-233.783,-45.014,-189.897
armhole seam -split (up),-102.9660,-233.585,-44.976,-189.428
armhole seam -split (up),-102.9660,-233.386,-44.938,-188.960
armhole seam -split (up),-102.9660,-233.187,-44.899,-188.491
armhole seam -split (up),-102.9660,-232.988,-44.861,-188.023
armhole seam -split (up),-102.9660,-232.788,-44.822,-187.555
armhole seam -split (up),-102.9660,-232.587,-44.784,-187.086
armhole seam -split (up),-102.9660,-232.387,-44.745,-186.618
armhole seam -split (up),-102.9660,-232.186,-44.706,-186.149
armhole seam -split (up),-102.9660,-231.984,-44.668,-185.681
armhole seam -split (up),-102.9660,-231.782,-44.629,-185.213
armhole seam -split (up),-102.9660,-231.580,-44.590,-184.744
armhole seam -split (up),-102.9660,-231.377,-44.551,-184.276
armhole seam -split (up),-102.9660,-231.174,-44.511,-183.807
armhole seam -split (up),-102.9660,-230.971,-44.472,-183.339
armhole seam -split (up),-102.9660,-230.767,-44.433,-182.871
armhole seam -split (up),-102.9660,-230.562,-44.394,-182.402
armhole seam -split (up),-102.9660,-230.358,-44.354,-181.934
armhole seam -split (up),-102.9660,-230.153,-44.315,-181.465
armhole seam -split (up),-102.9660,-229.947,-44.275,-180.997
armhole seam -split (up),-102.9660,-229.741,-44.235,-180.529
armhole seam -split (up),-102.9660,-229.535,-44.196,-180.060
armhole seam -split (up),-102.9660,-229.328,-44.156,-179.592
armhole seam -split (up),-102.9660,-229.121,-44.116,-179.124
armhole seam -split (up),-102.9660,-228.914,-44.076,-178.655
armhole seam -split (up),-102.9660,-228.706,-44.036,-178.187
armhole seam -split (up),-102.9660,-228.498,-43.996,-177.718
armhole seam -split (up),-102.9660,-228.289,-43.955,-177.250
armhole seam -split (up),-102.9660,-228.080,-43.915,-176.782
armhole seam -split (up),-102.9660,-227.870,-43.875,-176.313
armhole seam -split (up),-102.9660,-227.660,-43.834,-175.845
armhole seam -split (up),-102.9660,-227.450,-43.794,-175.376
armhole seam -split (up),-102.9660,-227.239,-43.753,-174.908
armhole seam -split (up),-102.9660,-227.028,-43.712,-174.440
armhole seam -split (up),-102.9660,-226.817,-43.672,-173.971
armhole seam -split (up),-102.9660,-226.605,-43.631,-173.503
armhole seam -split (up),-102.9660,-226.392,-43.590,-173.034
armhole seam -split (up),-102.9660,-226.180,-43.549,-172.566
armhole seam -split (up),-102.9660,-225.967,-43.508,-172.098
armhole seam -split (up),-102.9660,-225.753,-43.467,-171.629
armhole seam -split (up),-102.9660,-225.539,-43.425,-171.161
armhole seam -split (up),-102.9660,-225.325,-43.384,-170.692
armhole seam -split (up),-102.9660,-225.110,-43.343,-170.224
armhole seam -split (up),-102.9660,-224.895,-43.301,-169.756
armhole seam -split (up),-102.9660,-224.679,-43.260,-169.287
armhole seam -split (up),-102.9660,-224.463,-43.218,-168.819
armhole seam -split (up),-102.9660,-224.247,-43.176,-168.351
armhole seam -split (up),-102.9660,-224.030,-43.135,-167.882
armhole seam -split (up),-102.9660,-223.813,-43.093,-167.414
armhole seam -split (up),-102.9660,-223.595,-43.051,-166.945
armhole seam -split (up),-102.9660,-223.377,-43.009,-166.477
armhole seam -split (up),-102.9660,-223.158,-42.967,-166.009
armhole seam -split (up),-102.9660,-222.939,-42.924,-165.540
armhole seam -split (up),-102.9660,-222.720,-42.882,-165.072
armhole seam -split (up),-102.9660,-222.500,-42.840,-164.603
armhole seam -split (up),-102.9660,-222.280,-42.797,-164.135
armhole seam -split (up),-102.9660,-222.060,-42.755,-163.667
armhole seam -split (up),-102.9660,-221.839,-42.712,-163.198
armhole seam -split (up),-102.9660,-221.617,-42.670,-162.730
armhole seam -split (up),-102.9660,-221.396,-42.627,-162.261
armhole seam -split (up),-102.9660,-221.173,-42.584,-161.793
armhole seam -split (up),-102.9660,-220.951,-42.541,-161.325
armhole seam -split (up),-102.9660,-220.728,-42.498,-160.856
armhole seam -split (up),-102.9660,-220.504,-42.455,-160.388
armhole seam -split (up),-102.9660,-220.280,-42.412,-159.919
armhole seam -split (up),-102.9660,-220.056,-42.369,-159.451
armhole seam -split (up),-102.9660,-219.831,-42.325,-158.983
armhole seam -split (up),-102.9660,-219.606,-42.282,-158.514
armhole seam -split (up),-102.9660,-219.380,-42.238,-158.046
armhole seam -split (up),-102.9660,-219.154,-42.195,-157.578
armhole seam -split (up),-102.9660,-218.928,-42.151,-157.109
armhole seam -split (up),-102.9660,-218.701,-42.108,-156.641
armhole seam -split (up),-102.9660,-218.474,-42.064,-156.172
armhole seam -split (up),-102.9660,-218.246,-42.020,-155.704
armhole seam -split (up),-102.9660,-218.018,-41.976,-155.236
armhole seam -split (up),-102.9660,-217.789,-41.932,-154.767
armhole seam -split (up),-102.9660,-217.560,-41.888,-154.299
armhole seam -split (up),-102.9660,-217.331,-41.843,-153.830
armhole seam -split (up),-102.9660,-217.101,-41.799,-153.362
armhole seam -split (up),-102.9660,-216.870,-41.755,-152.894
armhole seam -split (up),-102.9660,-216.640,-41.710,-152.425
armhole seam -split (up),-102.9660,-216.408,-41.666,-151.957
armhole seam -split (up),-102.9660,-216.177,-41.621,-151.488
armhole seam -split (up),-102.9660,-215.945,-41.576,-151.020
armhole seam -split (up),-102.9660,-215.712,-41.532,-150.552
armhole seam -split (up),-102.9660,-215.479,-41.487,-150.083
armhole seam -split (up),-102.9660,-215.246,-41.442,-149.615
armhole seam -split (up),-102.9660,-215.012,-41.397,-149.146
armhole seam -split (up),-102.9660,-214.778,-41.352,-148.678
armhole seam -split (up),-102.9660,-214.544,-41.306,-148.210
armhole seam -split (up),-102.9660,-214.308,-41.261,-147.741
armhole seam -split (up),-102.9660,-214.073,-41.216,-147.273
armhole seam -split (up),-102.9660,-213.837,-41.170,-146.805
armhole seam -split (up),-102.9660,-213.601,-41.125,-146.336
armhole seam -split (up),-102.9660,-213.364,-41.079,-145.868
armhole seam -split (up),-102.9660,-213.126,-41.033,-145.399
armhole seam -split (up),-102.9660,-212.889,-40.987,-144.931
armhole seam -split (up),-102.9660,-212.650,-40.941,-144.463
armhole seam -split (up),-102.9660,-212.412,-40.895,-143.994
armhole seam -split (up),-102.9660,-212.173,-40.849,-143.526
armhole seam -split (up),-102.9660,-211.933,-40.803,-143.057
armhole seam -split (up),-102.9660,-211.693,-40.757,-142.589
armhole seam -split (up),-102.9660,-211.453,-40.711,-142.121
armhole seam -split (up),-102.9660,-211.212,-40.664,-141.652
armhole seam -split (up),-102.9660,-210.971,-40.618,-141.184
armhole seam -split (up),-102.9660,-210.729,-40.571,-140.715
armhole seam -split (up),-102.9660,-210.487,-40.524,-140.247
armhole seam -split (up),-102.9660,-210.244,-40.478,-139.779
armhole seam -split (up),-102.9660,-210.001,-40.431,-139.310
armhole seam -split (up),-102.9660,-209.758,-40.384,-138.842
armhole seam -split (up),-102.9660,-209.514,-40.337,-138.374
armhole seam -split (up),-102.9660,-209.269,-40.290,-137.905
armhole seam -split (up),-102.9660,-209.024,-40.243,-137.437
armhole seam -split (up),-102.9660,-208.779,-40.195,-136.968
armhole seam -split (up),-102.9660,-208.533,-40.148,-136.500
armhole seam -split (up),-102.9660,-208.287,-40.100,-136.032
armhole seam -split (up),-102.9660,-208.040,-40.053,-135.563
armhole seam -split (up),-102.9660,-207.793,-40.005,-135.095
armhole seam -split (up),-102.9660,-207.545,-39.957,-134.626
armhole seam -split (up),-102.9660,-207.297,-39.910,-134.158
armhole seam -split (up),-102.9660,-207.049,-39.862,-133.690
armhole seam -split (up),-102.9660,-206.800,-39.814,-133.221
armhole seam -split (up),-102.9660,-206.550,-39.766,-132.753
armhole seam -split (up),-102.9660,-206.300,-39.718,-132.284
armhole seam -split (up),-102.9660,-206.050,-39.669,-131.816
armhole seam -split (up),-102.9660,-205.799,-39.621,-131.348
armhole seam -split (up),-102.9660,-205.547,-39.572,-130.879
armhole seam -split (up),-102.9660,-205.296,-39.524,-130.411
armhole seam -split (up),-102.9660,-205.043,-39.475,-129.942
armhole seam -split (up),-102.9660,-204.791,-39.427,-129.474
armhole seam -split (up),-102.9660,-204.537,-39.378,-129.006
armhole seam -split (up),-102.9660,-204.284,-39.329,-128.537
armhole seam -split (up),-102.9660,-204.029,-39.280,-128.069
armhole seam -split (up),-102.9660,-203.775,-39.231,-127.601
armhole seam -split (up),-102.9660,-203.520,-39.182,-127.132
armhole seam -split (up),-102.9660,-203.264,-39.132,-126.664
armhole seam -split (up),-102.9660,-203.008,-39.083,-126.195
armhole seam -split (up),-102.9660,-202.751,-39.034,-125.727
armhole seam -split (up),-102.9660,-202.494,-38.984,-125.259
armhole seam -split (up),-102.9660,-202.237,-38.934,-124.790
armhole seam -split (up),-102.9660,-201.979,-38.885,-124.322
armhole seam -split (up),-102.9660,-201.720,-38.835,-123.853
armhole seam -split (up),-102.9660,-201.461,-38.785,-123.385
armhole seam -split (up),-102.9660,-201.202,-38.735,-122.917
armhole seam -split (up),-102.9660,-200.942,-38.685,-122.448
armhole seam -split (up),-102.9660,-200.682,-38.635,-121.980
armhole seam -split (up),-102.9660,-200.421,-38.584,-121.511
armhole seam -split (up),-102.9660,-200.159,-38.534,-121.043
armhole seam -split (up),-102.9660,-199.898,-38.483,-120.575
armhole seam -split (up),-102.9660,-199.635,-38.433,-120.106
armhole seam -split (up),-102.9660,-199.372,-38.382,-119.638
armhole seam -split (up),-102.9660,-199.109,-38.332,-119.169
armhole seam -split (up),-102.9660,-198.845,-38.281,-118.701
armhole seam -split (up),-102.9660,-198.581,-38.230,-118.233
armhole seam -split (up),-102.9660,-198.316,-38.179,-117.764
armhole seam -split (up),-102.9660,-198.051,-38.128,-117.296
armhole seam -split (up),-102.9660,-197.785,-38.076,-116.828
armhole seam -split (up),-102.9660,-197.519,-38.025,-116.359
armhole seam -split (up),-102.9660,-197.252,-37.974,-115.891
armhole seam -split (up),-102.9660,-196.985,-37.922,-115.422
armhole seam -split (up),-102.9660,-196.717,-37.870,-114.954
armhole seam -split (up),-102.9660,-196.448,-37.819,-114.486
armhole seam -split (up),-102.9660,-196.180,-37.767,-114.017
armhole seam -split (up),-102.9660,-195.910,-37.715,-113.549
armhole seam -split (up),-102.9660,-195.641,-37.663,-113.080
armhole seam -split (up),-102.9660,-195.370,-37.611,-112.612
armhole seam -split (up),-102.9660,-195.099,-37.559,-112.144
armhole seam -split (up),-102.9660,-194.828,-37.506,-111.675
armhole seam -split (up),-102.9660,-194.556,-37.454,-111.207
armhole seam -split (up),-102.9660,-194.284,-37.401,-110.738
armhole seam -split (up),-102.9660,-194.011,-37.349,-110.270
armhole seam -split (up),-102.9660,-193.738,-37.296,-109.802
armhole seam -split (up),-102.9660,-193.464,-37.243,-109.333
armhole seam -split (up),-102.9660,-193.189,-37.190,-108.865
armhole seam -split (up),-102.9660,-192.914,-37.138,-108.396
armhole seam -split (up),-102.9660,-192.639,-37.084,-107.928
armhole seam -split (up),-102.9660,-192.363,-37.031,-107.460
armhole seam -split (up),-102.9660,-192.086,-36.978,-106.991
armhole seam -split (up),-102.9660,-191.809,-36.925,-106.523
armhole seam -split (up),-102.9660,-191.532,-36.871,-106.055
armhole seam -split (up),-102.9660,-191.254,-36.817,-105.586
armhole seam -split (up),-102.9660,-190.975,-36.764,-105.118
armhole seam -split (up),-102.9660,-190.696,-36.710,-104.649
armhole seam -split (up),-102.9660,-190.416,-36.656,-104.181
armhole seam -split (up),-102.9660,-190.136,-36.602,-103.713
armhole seam -split (up),-102.9660,-189.855,-36.548,-103.244
armhole seam -split (up),-102.9660,-189.574,-36.494,-102.776
armhole seam -split (up),-102.9660,-189.292,-36.439,-102.307
armhole seam -split (up),-102.9660,-189.010,-36.385,-101.839
armhole seam -split (up),-102.9660,-188.727,-36.330,-101.371
armhole seam -split (up),-102.9660,-188.444,-36.276,-100.902
armhole seam -split (up),-102.9660,-188.160,-36.221,-100.434
armhole seam -split (up),-102.9660,-187.875,-36.166,-99.965
armhole seam -split (up),-102.9660,-187.590,-36.111,-99.497
armhole seam -split (up),-102.9660,-187.305,-36.056,-99.029
armhole seam -split (up),-102.9660,-187.018,-36.001,-98.560
armhole seam -split (up),-102.9660,-186.732,-35.946,-98.092
armhole seam -split (up),-102.9660,-186.445,-35.890,-97.623
armhole seam -split (up),-102.9660,-186.157,-35.835,-97.155
armhole seam -split (up),-102.9660,-185.868,-35.779,-96.687
armhole seam -split (up),-102.9660,-185.580,-35.724,-96.218
armhole seam -split (up),-102.9660,-185.290,-35.668,-95.750
armhole seam -split (up),-102.9660,-185.000,-35.612,-95.282
armhole seam -split (up),-102.9660,-184.710,-35.556,-94.813
armhole seam -split (up),-102.9660,-184.418,-35.500,-94.345
armhole seam -split (up),-102.9660,-184.127,-35.444,-93.876
armhole seam -split (up),-102.9660,-183.834,-35.387,-93.408
armhole seam -split (up),-102.9660,-183.542,-35.331,-92.940
armhole seam -split (up),-102.9660,-183.248,-35.274,-92.471
armhole seam -split (up),-102.9660,-182.954,-35.218,-92.003
armhole seam -split (up),-102.9660,-182.660,-35.161,-91.534
armhole seam -split (up),-102.9660,-182.365,-35.104,-91.066
armhole seam -split (up),-102.9660,-182.069,-35.047,-90.598
armhole seam -split (up),-102.9660,-181.773,-34.990,-90.129
armhole seam -split (up),-102.9660,-181.476,-34.933,-89.661
armhole seam -split (up),-102.9660,-181.179,-34.875,-89.192
armhole seam -split (up),-102.9660,-180.881,-34.818,-88.724
armhole seam -split (up),-102.9660,-180.582,-34.760,-88.256
armhole seam -split (up),-102.9660,-180.283,-34.703,-87.787
armhole seam -split (up),-102.9660,-179.983,-34.645,-87.319
armhole seam -split (up),-102.9660,-179.683,-34.587,-86.851
armhole seam -split (up),-102.9660,-179.382,-34.529,-86.382
armhole seam -split (up),-102.9660,-179.081,-34.471,-85.914
armhole seam -split (up),-102.9660,-178.779,-34.413,-85.445
armhole seam -split (up),-102.9660,-178.476,-34.354,-84.977
armhole seam -split (up),-102.9660,-178.173,-34.296,-84.509
armhole seam -split (up),-102.9660,-177.869,-34.237,-84.040
armhole seam -split (up),-102.9660,-177.564,-34.179,-83.572
armhole seam -split (up),-102.9660,-177.259,-34.120,-83.103
armhole seam -split (up),-102.9660,-176.954,-34.061,-82.635
armhole seam -split (up),-102.9660,-176.647,-34.002,-82.167
armhole seam -split (up),-102.9660,-176.340,-33.943,-81.698
armhole seam -split (up),-102.9660,-176.033,-33.884,-81.230
armhole seam -split (up),-102.9660,-175.725,-33.824,-80.761
armhole seam -split (up),-102.9660,-175.416,-33.765,-80.293
armhole seam -split (up),-102.9660,-175.107,-33.705,-79.825
armhole seam -split (up),-102.9660,-174.797,-33.645,-79.356
armhole seam -split (up),-102.9660,-174.486,-33.585,-78.888
armhole seam -split (up),-102.9660,-174.175,-33.525,-78.419
armhole seam -split (up),-102.9660,-173.863,-33.465,-77.951
armhole seam -split (up),-102.9660,-173.551,-33.405,-77.483
armhole seam -split (up),-102.9660,-173.238,-33.345,-77.014
armhole seam -split (up),-102.9660,-172.924,-33.284,-76.546
armhole seam -split (up),-102.9660,-172.610,-33.224,-76.078
armhole seam -split (up),-102.9660,-172.295,-33.163,-75.609
armhole seam -split (up),-102.9660,-171.979,-33.102,-75.141
armhole seam -split (up),-102.9660,-171.663,-33.041,-74.672
armhole seam -split (up),-102.9660,-171.346,-32.980,-74.204
armhole seam -split (up),-102.9660,-171.028,-32.919,-73.736
armhole seam -split (up),-102.9660,-170.710,-32.858,-73.267
armhole seam -split (up),-102.9660,-170.391,-32.796,-72.799
armhole seam -split (up),-102.9660,-170.072,-32.735,-72.330
armhole seam -split (up),-102.9660,-169.752,-32.673,-71.862
armhole seam -split (up),-102.9660,-169.431,-32.611,-71.394
armhole seam -split (up),-102.9660,-169.110,-32.549,-70.925
armhole seam -split (up),-102.9660,-168.787,-32.487,-70.457
armhole seam -split (up),-102.9660,-168.465,-32.425,-69.988
armhole seam -split (up),-102.9660,-168.141,-32.362,-69.520
armhole seam -split (up),-102.9660,-167.817,-32.300,-69.052
armhole seam -split (up),-102.9660,-167.492,-32.237,-68.583
armhole seam -split (up),-102.9660,-167.167,-32.175,-68.115
armhole seam -split (up),-102.9660,-166.841,-32.112,-67.646
armhole seam -split (up),-102.9660,-166.514,-32.049,-67.178
armhole seam -split (up),-102.9660,-166.187,-31.986,-66.710
armhole seam -split (up),-102.9660,-165.859,-31.922,-66.241
armhole seam -split (up),-102.9660,-165.530,-31.859,-65.773
armhole seam -split (up),-102.9660,-165.200,-31.795,-65.305
armhole seam -split (up),-102.9660,-164.870,-31.732,-64.836
armhole seam -split (up),-102.9660,-164.539,-31.668,-64.368
armhole seam -split (up),-102.9660,-164.208,-31.604,-63.899
armhole seam -split (up),-102.9660,-163.875,-31.540,-63.431
armhole seam -split (up),-102.9660,-163.542,-31.476,-62.963
armhole seam -split (up),-102.9660,-163.209,-31.412,-62.494
armhole seam -split (up),-102.9660,-162.874,-31.347,-62.026
armhole seam -split (up),-102.9660,-162.539,-31.282,-61.557
armhole seam -split (up),-102.9660,-162.204,-31.218,-61.089
armhole seam -split (up),-102.9660,-161.867,-31.153,-60.621
armhole seam -split (up),-102.9660,-161.530,-31.088,-60.152
armhole seam -split (up),-102.9660,-161.192,-31.023,-59.684
armhole seam -split (up),-102.9660,-160.853,-30.957,-59.215
armhole seam -split (up),-102.9660,-160.514,-30.892,-58.747
armhole seam -split (up),-102.9660,-160.174,-30.826,-58.279
armhole seam -split (up),-102.9660,-159.833,-30.761,-57.810
armhole seam -split (up),-102.9660,-159.491,-30.695,-57.342
armhole seam -split (up),-102.9660,-159.149,-30.629,-56.873
armhole seam -split (up),-102.9660,-158.806,-30.563,-56.405
armhole seam -split (up),-102.9660,-158.462,-30.496,-55.937
armhole seam -split (up),-102.9660,-158.117,-30.430,-55.468
armhole seam -split (up),-102.9660,-157.772,-30.363,-55.000
armhole seam -split (up),-102.9660,-157.426,-30.297,-54.532
armhole seam -split (up),-102.9660,-157.079,-30.230,-54.063
armhole seam -split (up),-102.9660,-156.732,-30.163,-53.595
armhole seam -split (up),-102.9660,-156.383,-30.096,-53.126
armhole seam -split (up),-102.9660,-156.034,-30.028,-52.658
armhole seam -split (up),-102.9660,-155.684,-29.961,-52.190
armhole seam -split (up),-102.9660,-155.334,-29.893,-51.721
armhole seam -split (up),-102.9660,-154.982,-29.826,-51.253
armhole seam -split (up),-102.9660,-154.630,-29.758,-50.784
armhole seam -split (up),-102.9660,-154.277,-29.690,-50.316
armhole seam -split (up),-102.9660,-153.924,-29.620,-49.848
armhole seam -split (up),-102.9660,-153.569,-29.553,-49.379
armhole seam -split (up),-102.9660,-153.214,-29.485,-48.911
armhole seam -split (up),-102.9660,-152.858,-29.416,-48.442
armhole seam -split (up),-102.9660,-152.501,-29.347,-47.974
armhole seam -split (up),-102.9660,-152.143,-29.278,-47.506
armhole seam -split (up),-102.9660,-151.784,-29.209,-47.037
armhole seam -split (up),-102.9660,-151.425,-29.140,-46.569
armhole seam -split (up),-102.9660,-151.065,-29.070,-46.100
armhole seam -split (up),-102.9660,-150.704,-29.001,-45.632
armhole seam -split (up),-102.9660,-150.342,-28.931,-45.164
armhole seam -split (up),-102.9660,-149.979,-28.861,-44.695
armhole seam -split (up),-102.9660,-149.616,-28.791,-44.227
armhole seam -split (up),-102.9660,-149.252,-28.721,-43.759
armhole seam -split (up),-102.9660,-148.886,-28.650,-43.290
armhole seam -split (up),-102.9660,-148.520,-28.580,-42.822
armhole seam -split (up),-102.9660,-148.154,-28.509,-42.353
armhole seam -split (up),-102.9660,-147.786,-28.438,-41.885
armhole seam -split (up),-102.9660,-147.417,-28.367,-41.417
armhole seam -split (up),-102.9660,-147.048,-28.296,-40.948
armhole seam -split (up),-102.9660,-146.678,-28.225,-40.480
armhole seam -split (up),-102.9660,-146.307,-28.153,-40.011
armhole seam -split (up),-102.9660,-145.935,-28.081,-39.543
armhole seam -split (up),-102.9660,-145.562,-28.009,-39.075
armhole seam -split (up),-102.9660,-145.188,-27.937,-38.606
armhole seam -split (up),-102.9660,-144.813,-27.865,-38.138
armhole seam -split (up),-102.9660,-144.438,-27.793,-37.669
armhole seam -split (up),-102.9660,-144.061,-27.720,-37.201
armhole seam -split (up),-102.9660,-143.684,-27.647,-36.733
armhole seam -split (up),-102.9660,-143.306,-27.574,-36.264
armhole seam -split (up),-102.9660,-142.927,-27.501,-35.796
armhole seam -split (up),-102.9660,-142.546,-27.428,-35.328
armhole seam -split (up),-102.9660,-142.165,-27.355,-34.859
armhole seam -split (up),-102.9660,-141.784,-27.281,-34.391
armhole seam -split (up),-102.9660,-141.401,-27.207,-33.922
armhole seam -split (up),-102.9660,-141.017,-27.133,-33.454
armhole seam -split (up),-102.9660,-140.632,-27.059,-32.986
armhole seam -split (up),-102.9660,-140.247,-26.985,-32.517
armhole seam -split (up),-102.9660,-139.860,-26.910,-32.049
armhole seam -split (up),-102.9660,-139.472,-26.835,-31.580
armhole seam -split (up),-102.9660,-139.084,-26.760,-31.112
armhole seam -split (up),-102.9660,-138.694,-26.685,-30.644
armhole seam -split (up),-102.9660,-138.304,-26.610,-30.175
armhole seam -split (up),-102.9660,-137.913,-26.535,-29.707
armhole seam -split (up),-102.9660,-137.520,-26.459,-29.238
armhole seam -split (up),-102.9660,-137.127,-26.383,-28.770
armhole seam -split (up),-102.9660,-136.732,-26.307,-28.302
armhole seam -split (up),-102.9660,-136.337,-26.231,-27.833
armhole seam -split (up),-102.9660,-135.941,-26.154,-27.365
armhole seam -split (up),-102.9660,-135.543,-26.078,-26.896
armhole seam -split (up),-102.9660,-135.145,-26.001,-26.428
armhole seam -split (up),-102.9660,-134.745,-25.924,-25.960
armhole seam -split (up),-102.9660,-134.345,-25.847,-25.491
armhole seam -split (up),-102.9660,-133.943,-25.769,-25.023
armhole seam -split (up),-102.9660,-133.541,-25.692,-24.555
armhole seam -split (up),-102.9660,-133.137,-25.614,-24.086
armhole seam -split (up),-102.9660,-132.733,-25.536,-23.618
armhole seam -split (up),-102.9660,-132.327,-25.458,-23.149
armhole seam -split (up),-102.9660,-131.920,-25.379,-22.681
armhole seam -split (up),-102.9660,-131.512,-25.301,-22.213
armhole seam -split (up),-102.9660,-131.103,-25.222,-21.744
armhole seam -split (up),-102.9660,-130.693,-25.143,-21.276
armhole seam -split (up),-102.9660,-130.282,-25.063,-20.807
armhole seam -split (up),-102.9660,-129.870,-24.984,-20.339
armhole seam -split (up),-102.9660,-129.457,-24.904,-19.871
armhole seam -split (up),-102.9660,-129.042,-24.824,-19.402
armhole seam -split (up),-102.9660,-128.627,-24.744,-18.934
armhole seam -split (up),-102.9660,-128.210,-24.664,-18.465
armhole seam -split (up),-102.9660,-127.792,-24.583,-17.997
armhole seam -split (up),-102.9660,-127.373,-24.502,-17.529
armhole seam -split (up),-102.9660,-126.953,-24.421,-17.060
armhole seam -split (up),-102.9660,-126.532,-24.340,-16.592
armhole seam -split (up),-102.9660,-126.109,-24.259,-16.123
armhole seam -split (up),-102.9660,-125.686,-24.177,-15.655
armhole seam -split (up),-102.9660,-125.261,-24.095,-15.187
armhole seam -split (up),-102.9660,-124.835,-24.013,-14.718
armhole seam -split (up),-102.9660,-124.408,-23.931,-14.250
armhole seam -split (up),-102.9660,-123.979,-23.848,-13.782
armhole seam -split (up),-102.9660,-123.549,-23.765,-13.313
armhole seam -split (up),-102.9660,-123.119,-23.682,-12.845
armhole seam -split (up),-102.9660,-122.686,-23.599,-12.376
armhole seam -split (up),-102.9660,-122.253,-23.515,-11.908
armhole seam -split (up),-102.9660,-121.818,-23.431,-11.440
armhole seam -split (up),-102.9660,-121.383,-23.347,-10.971
armhole seam -split (up),-102.9660,-120.945,-23.263,-10.503
armhole seam -split (up),-102.9660,-120.507,-23.178,-10.034
armhole seam -split (up),-102.9660,-120.067,-23.094,-9.566
armhole seam -split (up),-102.9660,-119.626,-23.009,-9.098
armhole seam -split (up),-102.9660,-119.184,-22.923,-8.629
armhole seam -split (up),-102.9660,-118.740,-22.838,-8.161
armhole seam -split (up),-102.9660,-118.295,-22.752,-7.692
armhole seam -split (up),-102.9660,-117.848,-22.666,-7.224
armhole seam -split (up),-102.9660,-117.404,-22.580,-6.756
armhole seam -split (up),-102.9660,-116.981,-22.496,-6.287
armhole seam -split (up),-102.9660,-116.589,-22.416,-5.819
armhole seam -split (up),-102.9660,-116.228,-22.339,-5.350
armhole seam -split (up),-102.9660,-115.889,-22.265,-4.882
armhole seam -split (up),-102.9660,-115.564,-22.195,-4.414
armhole seam -split (up),-102.9660,-115.252,-22.128,-3.945
armhole seam -split (up),-102.9660,-114.953,-22.065,-3.477
armhole seam -split (up),-102.9660,-114.666,-22.005,-3.009
armhole seam -split (up),-102.9660,-114.390,-21.948,-2.540
armhole seam -split (up),-102.9660,-114.126,-21.895,-2.072
armhole seam -split (up),-102.9660,-113.872,-21.844,-1.603
armhole seam -split (up),-102.9660,-113.629,-21.795,-1.135
armhole seam -split (up),-102.9660,-113.397,-21.750,-0.667
armhole seam -split (up),-102.9660,-113.175,-21.707,-0.198
armhole seam -split (up),-102.9660,-112.963,-21.667,0.270
armhole seam -split (up),-102.9660,-112.760,-21.629,0.739
armhole seam -split (up),-102.9660,-112.566,-21.593,1.207
armhole seam -split (up),-102.9660,-112.382,-21.561,1.675
armhole seam -split (up),-102.9660,-112.207,-21.530,2.144
armhole seam -split (up),-102.9660,-112.040,-21.502,2.612
armhole seam -split (up),-102.9660,-111.882,-21.476,3.081
armhole seam -split (up),-102.9660,-111.733,-21.453,3.549
armhole seam -split (up),-102.9660,-111.591,-21.431,4.017
armhole seam -split (up),-102.9660,-111.458,-21.412,4.486
armhole seam -split (up),-102.9660,-111.333,-21.395,4.954
armhole seam -split (up),-102.9660,-111.216,-21.380,5.423
armhole seam -split (up),-102.9660,-111.106,-21.367,5.891
armhole seam -split (up),-102.9660,-111.004,-21.357,6.359
armhole seam -split (up),-102.9660,-110.909,-21.348,6.828
armhole seam -split (up),-102.9660,-110.825,-21.342,7.296
armhole seam -split (up),-102.9660,-110.755,-21.337,7.764
armhole seam -split (up),-102.9660,-110.699,-21.334,8.233
armhole seam -split (up),-102.9660,-110.657,-21.332,8.701
armhole seam -split (up),-102.9660,-110.630,-21.333,9.170
armhole seam -split (up),-102.9660,-110.616,-21.335,9.638
armhole seam -split (up),-102.9660,-110.607,-21.337,10.106
armhole seam -split (up),-102.9660,-110.598,-21.340,10.575
armhole seam -split (up),-102.9660,-110.589,-21.343,11.043
armhole seam -split (up),-102.9660,-110.580,-21.346,11.512
armhole seam -split (up),-102.9660,-110.571,-21.349,11.980
armhole seam -split (up),-102.9660,-110.563,-21.352,12.448
armhole seam -split (up),-102.9660,-110.554,-21.355,12.917
armhole seam -split (up),-102.9660,-110.545,-21.358,13.385
armhole seam -split (up),-102.9660,-110.536,-21.361,13.854
armhole seam -split (up),-102.9660,-110.527,-21.365,14.322
armhole seam -split (up),-102.9660,-110.517,-21.368,14.790
armhole seam -split (up),-102.9660,-110.508,-21.372,15.259
armhole seam -split (up),-102.9660,-110.499,-21.376,15.727
armhole seam -split (up),-102.9660,-110.490,-21.380,16.195
armhole seam -split (up),-102.9660,-110.481,-21.384,16.664
armhole seam -split (up),-102.9660,-110.472,-21.388,17.132
armhole seam -split (up),-102.9660,-110.463,-21.392,17.601
armhole seam -split (up),-102.9660,-110.454,-21.396,18.069
armhole seam -split (up),-102.9660,-110.445,-21.400,18.537
armhole seam -split (up),-102.9660,-110.436,-21.405,19.006
armhole seam -split (up),-102.9660,-110.427,-21.409,19.474
armhole seam -split (up),-102.9660,-110.419,-21.414,19.943
armhole seam -split (up),-102.9660,-110.410,-21.418,20.411
armhole seam -split (up),-102.9660,-110.401,-21.423,20.879
armhole seam -split (up),-102.9660,-110.392,-21.428,21.348
armhole seam -split (up),-102.9660,-110.383,-21.433,21.816
armhole seam -split (up),-102.9660,-110.375,-21.438,22.285
armhole seam -split (up),-102.9660,-110.366,-21.443,22.753
armhole seam -split (up),-102.9660,-110.357,-21.448,23.221
armhole seam -split (up),-102.9660,-110.349,-21.453,23.690
armhole seam -split (up),-102.9660,-110.340,-21.459,24.158
armhole seam -split (up),-102.9660,-110.332,-21.464,24.627
armhole seam -split (up),-102.9660,-110.324,-21.470,25.095
armhole seam -split (up),-102.9660,-110.316,-21.475,25.563
armhole seam -split (up),-102.9660,-110.307,-21.481,26.032
armhole seam -split (up),-102.9660,-110.299,-21.487,26.500
armhole seam -split (up),-102.9660,-110.292,-21.493,26.968
armhole seam -split (up),-102.9660,-110.284,-21.499,27.437
armhole seam -split (up),-102.9660,-110.276,-21.505,27.905
armhole seam -split (up),-102.9660,-110.269,-21.511,28.374
armhole seam -split (up),-102.9660,-110.261,-21.517,28.842
armhole seam -split (up),-102.9660,-110.254,-21.523,29.310
armhole seam -split (up),-102.9660,-110.247,-21.529,29.779
armhole seam -split (up),-102.9660,-110.240,-21.536,30.247
armhole seam -split (up),-102.9660,-110.233,-21.542,30.716
armhole seam -split (up),-102.9660,-110.227,-21.549,31.184
armhole seam -split (up),-102.9660,-110.220,-21.556,31.652
armhole seam -split (up),-102.9660,-110.214,-21.562,32.121
armhole seam -split (up),-102.9660,-110.208,-21.569,32.589
armhole seam -split (up),-102.9660,-110.202,-21.576,33.058
armhole seam -split (up),-102.9660,-110.196,-21.583,33.526
armhole seam -split (up),-102.9660,-110.191,-21.590,33.994
armhole seam -split (up),-102.9660,-110.185,-21.597,34.463
armhole seam -split (up),-102.9660,-110.180,-21.604,34.931
armhole seam -split (up),-102.9660,-110.175,-21.611,35.400
armhole seam -split (up),-102.9660,-110.170,-21.619,35.868
armhole seam -split (up),-102.9660,-110.166,-21.626,36.336
armhole seam -split (up),-102.9660,-110.162,-21.633,36.805
armhole seam -split (up),-102.9660,-110.158,-21.641,37.273
armhole seam -split (up),-102.9660,-110.154,-21.649,37.741
armhole seam -split (up),-102.9660,-110.151,-21.656,38.210
armhole seam -split (up),-102.9660,-110.147,-21.664,38.678
armhole seam -split (up),-102.9660,-110.144,-21.672,39.147
armhole seam -split (up),-102.9660,-110.142,-21.680,39.615
armhole seam -split (up),-102.9660,-110.139,-21.687,40.083
armhole seam -split (up),-102.9660,-110.137,-21.695,40.552
armhole seam -split (up),-102.9660,-110.135,-21.704,41.020
armhole seam -split (up),-102.9660,-110.134,-21.712,41.489
armhole seam -split (up),-102.9660,-110.132,-21.720,41.957
armhole seam -split (up),-102.9660,-110.131,-21.728,42.425
armhole seam -split (up),-102.9660,-110.131,-21.736,42.894
armhole seam -split (up),-102.9660,-110.130,-21.745,43.362
armhole seam -split (up),-102.9660,-110.130,-21.753,43.831
armhole seam -split (up),-102.9660,-110.131,-21.762,44.299
armhole seam -split (up),-102.9660,-110.131,-21.770,44.767
armhole seam -split (up),-102.9660,-110.132,-21.779,45.236
armhole seam -split (up),-102.9660,-110.134,-21.788,45.704
armhole seam -split (up),-102.9660,-110.136,-21.797,46.173
armhole seam -split (up),-102.9660,-110.138,-21.805,46.641
armhole seam -split (up),-102.9660,-110.140,-21.814,47.109
armhole seam -split (up),-102.9660,-110.143,-21.823,47.578
armhole seam -split (up),-102.9660,-110.146,-21.832,48.046
armhole seam -split (up),-102.9660,-110.150,-21.841,48.514
armhole seam -split (up),-102.9660,-110.154,-21.851,48.983
armhole seam -split (up),-102.9660,-110.158,-21.860,49.451
armhole seam -split (up),-102.9660,-110.163,-21.869,49.920
armhole seam -split (up),-102.9660,-110.168,-21.878,50.388
armhole seam -split (up),-102.9660,-110.174,-21.888,50.856
armhole seam -split (up),-102.9660,-110.180,-21.897,51.325
armhole seam -split (up),-102.9660,-110.187,-21.907,51.793
armhole seam -split (up),-102.9660,-110.194,-21.916,52.262
armhole seam -split (up),-102.9660,-110.201,-21.926,52.730
armhole seam -split (up),-102.9660,-110.209,-21.936,53.198
armhole seam -split (up),-102.9660,-110.218,-21.946,53.667
armhole seam -split (up),-102.9660,-110.227,-21.955,54.135
armhole seam -split (up),-102.9660,-110.236,-21.965,54.604
armhole seam -split (up),-102.9660,-110.246,-21.975,55.072
armhole seam -split (up),-102.9660,-110.256,-21.985,55.540
armhole seam -split (up),-102.9660,-110.267,-21.995,56.009
armhole seam -split (up),-102.9660,-110.278,-22.005,56.477
armhole seam -split (up),-102.9660,-110.290,-22.015,56.946
armhole seam -split (up),-102.9660,-110.303,-22.025,57.414
armhole seam -split (up),-102.9660,-110.316,-22.035,57.882
armhole seam -split (up),-102.9660,-110.329,-22.046,58.351
armhole seam -split (up),-102.9660,-110.343,-22.056,58.819
armhole seam -split (up),-102.9660,-110.358,-22.066,59.287
armhole seam -split (up),-102.9660,-110.373,-22.077,59.756
armhole seam -split (up),-102.9660,-110.388,-22.087,60.224
armhole seam -split (up),-102.9660,-110.405,-22.098,60.693
armhole seam -split (up),-102.9660,-110.421,-22.109,61.161
armhole seam -split (up),-102.9660,-110.439,-22.119,61.629
armhole seam -split (up),-102.9660,-110.456,-22.130,62.098
armhole seam -split (up),-102.9660,-110.475,-22.141,62.566
armhole seam -split (up),-102.9660,-110.494,-22.152,63.035
armhole seam -split (up),-102.9660,-110.513,-22.162,63.503
armhole seam -split (up),-102.9660,-110.533,-22.173,63.971
armhole seam -split (up),-102.9660,-110.554,-22.184,64.440
armhole seam -split (up),-102.9660,-110.575,-22.195,64.908
armhole seam -split (up),-102.9660,-110.596,-22.206,65.377
armhole seam -split (up),-102.9660,-110.618,-22.218,65.845
armhole seam -split (up),-102.9660,-110.641,-22.229,66.313
armhole seam -split (up),-102.9660,-110.664,-22.240,66.782
armhole seam -split (up),-102.9660,-110.687,-22.251,67.250
armhole seam -split (up),-102.9660,-110.711,-22.263,67.718
armhole seam -split (up),-102.9660,-110.736,-22.274,68.187
armhole seam -split (up),-102.9660,-110.761,-22.286,68.655
armhole seam -split (up),-102.9660,-110.786,-22.297,69.124
armhole seam -split (up),-102.9660,-110.812,-22.309,69.592
armhole seam -split (up),-102.9660,-110.838,-22.320,70.060
armhole seam -split (up),-102.9660,-110.865,-22.332,70.529
armhole seam -split (up),-102.9660,-110.893,-22.344,70.997
armhole seam -split (up),-102.9660,-110.920,-22.356,71.466
armhole seam -split (up),-102.9660,-110.949,-22.368,71.934
armhole seam -split (up),-102.9660,-110.977,-22.380,72.402
armhole seam -split (up),-102.9660,-111.007,-22.392,72.871
armhole seam -split (up),-102.9660,-111.036,-22.404,73.339
armhole seam -split (up),-102.9660,-111.066,-22.416,73.808
armhole seam -split (up),-102.9660,-111.097,-22.428,74.276
armhole seam -split (up),-102.9660,-111.128,-22.440,74.744
armhole seam -split (up),-102.9660,-111.159,-22.452,75.213
armhole seam -split (up),-102.9660,-111.191,-22.465,75.681
armhole seam -split (up),-102.9660,-111.224,-22.477,76.150
armhole seam -split (up),-102.9660,-111.256,-22.489,76.618
armhole seam -split (up),-102.9660,-111.289,-22.502,77.086
armhole seam -split (up),-102.9660,-111.323,-22.514,77.555
armhole seam -split (up),-102.9660,-111.357,-22.527,78.023
armhole seam -split (up),-102.9660,-111.391,-22.540,78.491
armhole seam -split (up),-102.9660,-111.426,-22.552,78.960
armhole seam -split (up),-102.9660,-111.461,-22.565,79.428
armhole seam -split (up),-102.9660,-111.497,-22.578,79.897
armhole seam -split (up),-102.9660,-111.533,-22.591,80.365
armhole seam -split (up),-102.9660,-111.569,-22.604,80.833
armhole seam -split (up),-102.9660,-111.606,-22.617,81.302
armhole seam -split (up),-102.9660,-111.643,-22.630,81.770
armhole seam -split (up),-102.9660,-111.681,-22.643,82.239
armhole seam -split (up),-102.9660,-111.719,-22.656,82.707
armhole seam -split (up),-102.9660,-111.757,-22.669,83.175
armhole seam -split (up),-102.9660,-111.796,-22.683,83.644
armhole seam -split (up),-102.9660,-111.835,-22.696,84.112
armhole seam -split (up),-102.9660,-111.874,-22.709,84.581
armhole seam -split (up),-102.9660,-111.914,-22.723,85.049
armhole seam -split (up),-102.9660,-111.954,-22.736,85.517
armhole seam -split (up),-102.9660,-111.994,-22.750,85.986
armhole seam -split (up),-102.9660,-112.035,-22.763,86.454
armhole seam -split (up),-102.9660,-112.076,-22.777,86.923
armhole seam -split (up),-102.9660,-112.118,-22.791,87.391
armhole seam -split (up),-102.9660,-112.159,-22.805,87.859
armhole seam -split (up),-102.9660,-112.202,-22.818,88.328
armhole seam -split (up),-102.9660,-112.244,-22.832,88.796
armhole seam -split (up),-102.9660,-112.287,-22.846,89.264
armhole seam -split (up),-102.9660,-112.330,-22.860,89.733
armhole seam -split (up),-102.9660,-112.373,-22.874,90.201
armhole seam -split (up),-102.9660,-112.417,-22.889,90.670
armhole seam -split (up),-102.9660,-112.461,-22.903,91.138
armhole seam -split (up),-102.9660,-112.505,-22.917,91.606
armhole seam -split (up),-102.9660,-112.550,-22.931,92.075
armhole seam -split (up),-102.9660,-112.595,-22.946,92.543
armhole seam -split (up),-102.9660,-112.640,-22.960,93.012
armhole seam -split (up),-102.9660,-112.686,-22.974,93.480
armhole seam -split (up),-102.9660,-112.731,-22.989,93.948
armhole seam -split (up),-102.9660,-112.778,-23.004,94.417
armhole seam -split (up),-102.9660,-112.824,-23.018,94.885
armhole seam -split (up),-102.9660,-112.871,-23.033,95.354
armhole seam -split (up),-102.9660,-112.917,-23.048,95.822
armhole seam -split (up),-102.9660,-112.965,-23.062,96.290
armhole seam -split (up),-102.9660,-113.012,-23.077,96.759
armhole seam -split (up),-102.9660,-113.060,-23.092,97.227
armhole seam -split (up),-102.9660,-113.108,-23.107,97.696
armhole seam -split (up),-102.9660,-113.156,-23.122,98.164
armhole seam -split (up),-102.9660,-113.204,-23.137,98.632
armhole seam -split (up),-102.9660,-113.253,-23.152,99.101
armhole seam -split (up),-102.9660,-113.302,-23.168,99.569
armhole seam -split (up),-102.9660,-113.351,-23.183,100.037
armhole seam -split (up),-102.9660,-113.400,-23.198,100.506
armhole seam -split (up),-102.9660,-113.450,-23.214,100.974
armhole seam -split (up),-102.9660,-113.500,-23.229,101.443
armhole seam -split (up),-102.9660,-113.550,-23.245,101.911
armhole seam -split (up),-102.9660,-113.600,-23.260,102.379
armhole seam -split (up),-102.9660,-113.650,-23.276,102.848
armhole seam -split (up),-102.9660,-113.701,-23.291,103.316
armhole seam -split (up),-102.9660,-113.752,-23.307,103.785
armhole seam -split (up),-102.9660,-113.803,-23.323,104.253
armhole seam -split (up),-102.9660,-113.854,-23.339,104.721
armhole seam -split (up),-102.9660,-113.905,-23.355,105.190
armhole seam -split (up),-102.9660,-113.957,-23.371,105.658
armhole seam -split (up),-102.9660,-114.009,-23.387,106.127
armhole seam -split (up),-102.9660,-114.061,-23.403,106.595
armhole seam -split (up),-102.9660,-114.113,-23.419,107.063
armhole seam -split (up),-102.9660,-114.165,-23.435,107.532
armhole seam -split (up),-102.9660,-114.217,-23.451,108.000
armhole seam -split (up),-102.9660,-114.270,-23.467,108.469
armhole seam -split (up),-102.9660,-114.323,-23.484,108.937
armhole seam -split (up),-102.9660,-114.376,-23.500,109.405
armhole seam -split (up),-102.9660,-114.429,-23.517,109.874
armhole seam -split (up),-102.9660,-114.482,-23.533,110.342
armhole seam -split (up),-102.9660,-114.535,-23.550,110.810
armhole seam -split (up),-102.9660,-114.589,-23.566,111.279
armhole seam -split (up),-102.9660,-114.642,-23.583,111.747
armhole seam -split (up),-102.9660,-114.695,-23.599,112.216
armhole seam -split (up),-102.9660,-114.748,-23.614,112.684
armhole seam -split (up),-102.9660,-114.800,-23.629,113.152
armhole seam -split (up),-102.9660,-114.853,-23.643,113.621
armhole seam -split (up),-102.9660,-114.905,-23.656,114.089
armhole seam -split (up),-102.9660,-114.958,-23.668,114.558
armhole seam -split (up),-102.9660,-115.010,-23.680,115.026
armhole seam -split (up),-102.9660,-115.062,-23.690,115.494
armhole seam -split (up),-102.9660,-115.113,-23.698,115.963
armhole seam -split (up),-102.9660,-115.165,-23.706,116.431
armhole seam -split (up),-102.9660,-115.215,-23.712,116.900
armhole seam -split (up),-102.9660,-115.265,-23.716,117.368
armhole seam -split (up),-102.9660,-115.315,-23.719,117.836
armhole seam -split (up),-102.9660,-115.363,-23.721,118.305
armhole seam -split (up),-102.9660,-115.411,-23.720,118.773
armhole seam -split (up),-102.9660,-115.458,-23.718,119.241
armhole seam -split (up),-102.9660,-115.504,-23.714,119.710
armhole seam -split (up),-102.9660,-115.549,-23.708,120.178
armhole seam -split (up),-102.9660,-115.593,-23.700,120.647
armhole seam -split (up),-102.9660,-115.635,-23.690,121.115
armhole seam -split (up),-102.9660,-115.677,-23.678,121.583
armhole seam -split (up),-102.9660,-115.717,-23.664,122.052
armhole seam -split (up),-102.9660,-115.756,-23.647,122.520
armhole seam -split (up),-102.9660,-115.793,-23.628,122.989
armhole seam -split (up),-102.9660,-115.830,-23.606,123.457
armhole seam -split (up),-102.9660,-115.864,-23.583,123.925
armhole seam -split (up),-102.9660,-115.897,-23.556,124.394
armhole seam -split (up),-102.9660,-115.928,-23.527,124.862
armhole seam -split (up),-102.9660,-115.958,-23.496,125.331
armhole seam -split (up),-102.9660,-115.986,-23.462,125.799
armhole seam -split (up),-102.9660,-116.012,-23.425,126.267
armhole seam -split (up),-102.9660,-116.036,-23.385,126.736
armhole seam -split (up),-102.9660,-116.058,-23.343,127.204
armhole seam -split (up),-102.9660,-116.079,-23.298,127.673
armhole seam -split (up),-102.9660,-116.097,-23.250,128.141
armhole seam -split (up),-102.9660,-116.113,-23.199,128.609
armhole seam -split (up),-102.9660,-116.128,-23.145,129.078
armhole seam -split (up),-102.9660,-116.140,-23.088,129.546
armhole seam -split (up),-102.9660,-116.150,-23.028,130.014
armhole seam -split (up),-102.9660,-116.158,-22.965,130.483
armhole seam -split (up),-102.9660,-116.164,-22.899,130.951
armhole seam -split (up),-102.9660,-116.167,-22.830,131.420
armhole seam -split (up),-102.9660,-116.169,-22.758,131.888
armhole seam -split (up),-102.9660,-116.168,-22.683,132.356
armhole seam -split (up),-102.9660,-116.164,-22.604,132.825
armhole seam -split (up),-102.9660,-116.159,-22.523,133.293
armhole seam -split (up),-102.9660,-116.151,-22.438,133.762
armhole seam -split (up),-102.9660,-116.141,-22.350,134.230
armhole seam -split (up),-102.9660,-116.128,-22.260,134.698
armhole seam -split (up),-102.9660,-116.113,-22.166,135.167
armhole seam -split (up),-102.9660,-116.096,-22.069,135.635
armhole seam -split (up),-102.9660,-116.076,-21.969,136.104
armhole seam -split (up),-102.9660,-116.054,-21.866,136.572
armhole seam -split (up),-102.9660,-116.029,-21.760,137.040
armhole seam -split (up),-102.9660,-116.002,-21.651,137.509
armhole seam -split (up),-102.9660,-115.973,-21.538,137.977
armhole seam -split (up),-102.9660,-115.941,-21.423,138.446
armhole seam -split (up),-102.9660,-115.908,-21.305,138.914
armhole seam -split (up),-102.9660,-115.871,-21.184,139.382
armhole seam -split (up),-102.9660,-115.833,-21.060,139.851
armhole seam -split (up),-102.9660,-115.792,-20.934,140.319
armhole seam -split (up),-102.9660,-115.749,-20.805,140.787
armhole seam -split (up),-102.9660,-115.704,-20.673,141.256
armhole seam -split (up),-102.9660,-115.657,-20.538,141.724
armhole seam -split (up),-102.9660,-115.608,-20.401,142.193
armhole seam -split (up),-102.9660,-115.556,-20.261,142.661
armhole seam -split (up),-102.9660,-115.503,-20.119,143.129
armhole seam -split (up),-102.9660,-115.448,-19.974,143.598
armhole seam -split (up),-102.9660,-115.390,-19.827,144.066
armhole seam -split (up),-102.9660,-115.331,-19.678,144.535
armhole seam -split (up),-102.9660,-115.271,-19.527,145.003
armhole seam -split (up),-102.9660,-115.208,-19.374,145.471
armhole seam -split (up),-102.9660,-115.144,-19.219,145.940
armhole seam -split (up),-102.9660,-115.078,-19.061,146.408
armhole seam -split (up),-102.9660,-115.011,-18.903,146.877
armhole seam -split (up),-102.9660,-114.943,-18.742,147.345
armhole seam -split (up),-102.9660,-114.873,-18.580,147.813
armhole seam -split (up),-102.9660,-114.803,-18.416,148.282
armhole seam -split (up),-102.9660,-114.731,-18.251,148.750
armhole seam -split (up),-102.9660,-114.658,-18.084,149.219
armhole seam -split (up),-102.9660,-114.584,-17.917,149.687
armhole seam -split (up),-102.9660,-114.510,-17.748,150.155
armhole seam -split (up),-102.9660,-114.435,-17.579,150.624
armhole seam -split (up),-102.9660,-114.359,-17.408,151.092
armhole seam -split (up),-102.9660,-114.283,-17.237,151.560
armhole seam -split (up),-102.9660,-114.207,-17.066,152.029
armhole seam -split (up),-102.9660,-114.130,-16.894,152.497
armhole seam -split (up),-102.9660,-114.066,-16.723,152.966
armhole seam -split (up),-102.9660,-114.018,-16.555,153.434
armhole seam -split (up),-102.9660,-113.986,-16.389,153.902
armhole seam -split (up),-102.9660,-113.970,-16.225,154.371
armhole seam -split (up),-102.9660,-113.971,-16.063,154.839
armhole seam -split (up),-102.9660,-113.989,-15.904,155.308
armhole seam -split (up),-102.9660,-114.020,-15.747,155.776
armhole seam -split (up),-102.9660,-114.068,-15.594,156.244
armhole seam -split (up),-102.9660,-114.132,-15.443,156.713
armhole seam -split (up),-102.9660,-114.211,-15.295,157.181
armhole seam -split (up),-102.9660,-114.306,-15.151,157.650
armhole seam -split (up),-102.9660,-114.415,-15.010,158.118
armhole seam -split (up),-102.9660,-114.539,-14.872,158.586
armhole seam -split (up),-102.9660,-114.678,-14.737,159.055
armhole seam -split (up),-102.9660,-114.832,-14.607,159.523
armhole seam -split (up),-102.9660,-115.000,-14.479,159.992
armhole seam -split (up),-102.9660,-115.183,-14.356,160.460
armhole seam -split (up),-102.9660,-115.379,-14.236,160.928
armhole seam -split (up),-102.9660,-115.590,-14.121,161.397
armhole seam -split (up),-102.9660,-115.814,-14.009,161.865
armhole seam -split (up),-102.9660,-116.052,-13.902,162.333
armhole seam -split (up),-102.9660,-116.303,-13.800,162.802
armhole seam -split (up),-102.9660,-116.567,-13.702,163.270
armhole seam -split (up),-102.9660,-116.844,-13.608,163.739
armhole seam -split (up),-102.9660,-117.134,-13.518,164.207
armhole seam -split (up),-102.9660,-117.436,-13.434,164.675
armhole seam -split (up),-102.9660,-117.751,-13.354,165.144
armhole seam -split (up),-102.9660,-118.078,-13.278,165.612
armhole seam -split (up),-102.9660,-118.417,-13.208,166.081
armhole seam -split (up),-102.9660,-118.767,-13.142,166.549
armhole seam -split (up),-102.9660,-119.128,-13.082,167.017
armhole seam -split (up),-102.9660,-119.501,-13.026,167.486
armhole seam -split (up),-102.9660,-119.884,-12.976,167.954
armhole seam -split (up),-102.9660,-120.279,-12.931,168.423
armhole seam -split (up),-102.9660,-120.683,-12.891,168.891
armhole seam -split (up),-102.9660,-121.097,-12.857,169.359
armhole seam -split (up),-102.9660,-121.522,-12.827,169.828
armhole seam -split (up),-102.9660,-121.955,-12.803,170.296
armhole seam -split (up),-102.9660,-122.398,-12.784,170.764
armhole seam -split (up),-102.9660,-122.850,-12.770,171.233
armhole seam -split (up),-102.9660,-123.310,-12.761,171.701
armhole seam -split (up),-102.9660,-123.779,-12.758,172.170
armhole seam -split (up),-102.9660,-124.255,-12.761,172.638
armhole seam -split (up),-102.9660,-124.739,-12.768,173.106
armhole seam -split (up),-102.9660,-125.231,-12.781,173.575
armhole seam -split (up),-102.9660,-125.729,-12.799,174.043
armhole seam -split (up),-102.9660,-126.234,-12.823,174.512
armhole seam -split (up),-102.9660,-126.745,-12.852,174.980
armhole seam -split (up),-102.9660,-127.262,-12.885,175.448
armhole seam -split (up),-102.9660,-127.785,-12.924,175.917
armhole seam -split (up),-102.9660,-128.313,-12.968,176.385
armhole seam -split (up),-102.9660,-128.845,-13.017,176.854
armhole seam -split (up),-102.9660,-129.383,-13.072,177.322
armhole seam -split (up),-102.9660,-129.924,-13.132,177.790
armhole seam -split (up),-102.9660,-130.469,-13.196,178.259
armhole seam -split (up),-102.9660,-131.017,-13.265,178.727
armhole seam -split (up),-102.9660,-131.568,-13.339,179.196
armhole seam -split (up),-102.9660,-132.122,-13.418,179.664
armhole seam -split (up),-102.9660,-132.678,-13.502,180.132
armhole seam -split (up),-102.9660,-133.235,-13.589,180.601
